#
# There is insufficient memory for the Java Runtime Environment to continue.
# Native memory allocation (mmap) failed to map 2097152 bytes. Error detail: G1 virtual space
# Possible reasons:
#   The system is out of physical RAM or swap space
#   This process is running with CompressedOops enabled, and the Java Heap may be blocking the growth of the native heap
# Possible solutions:
#   Reduce memory load on the system
#   Increase physical memory or swap space
#   Check if swap backing store is full
#   Decrease Java heap size (-Xmx/-Xms)
#   Decrease number of Java threads
#   Decrease Java thread stack sizes (-Xss)
#   Set larger code cache with -XX:ReservedCodeCacheSize=
#   JVM is running with Zero Based Compressed Oops mode in which the Java heap is
#     placed in the first 32GB address space. The Java Heap base address is the
#     maximum limit for the native heap growth. Please use -XX:HeapBaseMinAddress
#     to set the Java Heap base and to place the Java Heap above 32GB virtual address.
# This output file may be truncated or incomplete.
#
#  Out of Memory Error (os_windows.cpp:3564), pid=25272, tid=6392
#
# JRE version: OpenJDK Runtime Environment (24.0.1+9) (build 24.0.1+9-30)
# Java VM: OpenJDK 64-Bit Server VM (24.0.1+9-30, mixed mode, sharing, tiered, compressed oops, compressed class ptrs, g1 gc, windows-amd64)
# No core dump will be written. Minidumps are not enabled by default on client versions of Windows
#

---------------  S U M M A R Y ------------

Command Line: --module-path=E:\Downloads\openjfx-24.0.1_windows-x64_bin-sdk\javafx-sdk-24.0.1\lib --add-modules=javafx.controls,javafx.fxml -javaagent:E:\IntelliJ IDEA Community Edition 2024.3.5\lib\idea_rt.jar=50766 -Dfile.encoding=UTF-8 -Dsun.stdout.encoding=UTF-8 -Dsun.stderr.encoding=UTF-8 com.byteshrink.ByteShrinkApp

Host: 13th Gen Intel(R) Core(TM) i5-1335U, 12 cores, 15G,  Windows 11 , 64 bit Build 26100 (10.0.26100.3912)
Time: Tue Jun 24 11:36:21 2025 India Standard Time elapsed time: 369.493219 seconds (0d 0h 6m 9s)

---------------  T H R E A D  ---------------

Current thread (0x000001245b0353c0):  JavaThread "Thread-5"  daemon [_thread_in_vm, id=6392, stack(0x000000126bb00000,0x000000126bc00000) (1024K)]

Stack: [0x000000126bb00000,0x000000126bc00000]
Native frames: (J=compiled Java code, j=interpreted, Vv=VM code, C=native code)
V  [jvm.dll+0x730739]  (no source info available)
V  [jvm.dll+0x8d9b23]  (no source info available)
V  [jvm.dll+0x8dc00d]  (no source info available)
V  [jvm.dll+0x8dc683]  (no source info available)
V  [jvm.dll+0x2aa086]  (no source info available)
V  [jvm.dll+0x72cc65]  (no source info available)
V  [jvm.dll+0x72059a]  (no source info available)
V  [jvm.dll+0x390cea]  (no source info available)
V  [jvm.dll+0x3989f6]  (no source info available)
V  [jvm.dll+0x384f21]  (no source info available)
V  [jvm.dll+0x3855e4]  (no source info available)
V  [jvm.dll+0x385149]  (no source info available)
V  [jvm.dll+0x35d60e]  (no source info available)
V  [jvm.dll+0x35b7df]  (no source info available)
V  [jvm.dll+0x6b76bb]  (no source info available)
V  [jvm.dll+0x264cf2]  (no source info available)
V  [jvm.dll+0x899647]  (no source info available)
V  [jvm.dll+0x7910f5]  (no source info available)
C  0x0000012407649709  (no source info available)

The last pc belongs to C2 Runtime new_array_nozero (printed below).
Java frames: (J=compiled Java code, j=interpreted, Vv=VM code)
v  ~RuntimeStub::C2 Runtime new_array_nozero 0x0000012407649709
J 5645 c2 com.byteshrink.compression.ShannonFanoCompression.compress(Ljava/lang/String;)[B (212 bytes) @ 0x0000012407bbcf40 [0x0000012407bbbc00+0x0000000000001340]
j  com.byteshrink.MainController.compressTextFile()V+149
j  com.byteshrink.MainController.lambda$handleCompression$0(Ljava/lang/String;)V+26
j  com.byteshrink.MainController$$Lambda+0x00000124102d58b8.run()V+8
j  java.lang.Thread.runWith(Ljava/lang/Object;Ljava/lang/Runnable;)V+5 java.base@24.0.1
j  java.lang.Thread.run()V+19 java.base@24.0.1
v  ~StubRoutines::call_stub 0x0000012407530fcd
Lock stack of current Java thread (top to bottom):

--------------------------------------------------------------------------------
Decoding CodeBlob, name: C2 Runtime new_array_nozero, at  [0x00000124076496e0, 0x0000012407649748]  104 bytes
[MachCode]
  0x00000124076496e0: 4881 ec28 | 0000 0048 | 896c 2420 | 4989 a7a8 | 0300 0048 | 8bca 418b | d04d 8bc7 | 49ba b010 
  0x0000012407649700: da92 f97f | 0000 41ff | d20f 1f84 | 0000 0000 | 004d 89a7 | a803 0000 | 4d89 a7b0 | 0300 0049 
  0x0000012407649720: 8b87 0004 | 0000 4d89 | a700 0400 | 004d 3b67 | 0875 0648 | 83c4 205d | c348 83c4 | 205d e97d 
  0x0000012407649740: 77ee fff4 | f4f4 f4f4 
[/MachCode]
--------------------------------------------------------------------------------


Compiled method (c2) 371577 5645       4       com.byteshrink.compression.ShannonFanoCompression::compress (212 bytes)
 total in heap  [0x0000012407bbb688,0x0000012407bc01a8] = 19232
 relocation     [0x0000012407bbb760,0x0000012407bbbbf8] = 1176
 main code      [0x0000012407bbbc00,0x0000012407bbfdd0] = 16848
 stub code      [0x0000012407bbfdd0,0x0000012407bbfe90] = 192
 oops           [0x0000012407bbfe90,0x0000012407bbfee8] = 88
 metadata       [0x0000012407bbfee8,0x0000012407bc01a8] = 704
 immutable data [0x000001245b09abe0,0x000001245b09d650] = 10864
 dependencies   [0x000001245b09abe0,0x000001245b09ac80] = 160
 nul chk table  [0x000001245b09ac80,0x000001245b09adb0] = 304
 handler table  [0x000001245b09adb0,0x000001245b09b338] = 1416
 scopes pcs     [0x000001245b09b338,0x000001245b09bdc8] = 2704
 scopes data    [0x000001245b09bdc8,0x000001245b09d650] = 6280

[Constant Pool (empty)]

[MachCode]
[Instructions begin]
  0x0000012407bbbc00: 6690 448b | 5208 443b 

  0x0000012407bbbc08: ;   {runtime_call Shared Runtime ic_miss_blob}
  0x0000012407bbbc08: 5008 0f85 | 502b 9cff 
[Verified Entry Point]
  0x0000012407bbbc10: 8984 2400 | 80ff ff55 | 4881 ecb0 | 0000 0090 | 4181 7f20 | 2200 0000 | 0f85 9241 | 0000 4889 
  0x0000012407bbbc30: 5424 284c | 8944 2448 

  0x0000012407bbbc38: ; implicit exception: dispatches to 0x0000012407bbf4f8
  0x0000012407bbbc38: 418b 4814 | 4180 7810 | 000f 8511 | 1200 0045 | 8b54 cc0c | 4d8d 0ccc | 4181 fa00 | 0008 000f 
  0x0000012407bbbc58: 870c 2a00 | 0049 8b9f | c801 0000 | 4d63 da4e | 8d1c 5d17 | 0000 0049 | 83e3 f84c | 8bc3 4d03 
  0x0000012407bbbc78: c34d 3b87 | d801 0000 | 0f83 e329 | 0000 4d89 | 87c8 0100 | 0041 0f0d | 88c0 0000 | 0048 c703 
  0x0000012407bbbc98: 0100 0000 | 410f 0d88 | 0001 0000 

  0x0000012407bbbca4: ;   {metadata({type array char})}
  0x0000012407bbbca4: c743 08f0 | 6f16 0044 | 8953 0c41 | 0f0d 8840 | 0100 0041 | 0f0d 8880 | 0100 0049 | 8d74 cc10 
  0x0000012407bbbcc4: 488b fb48 | 83c7 1041 | 8bd2 8bca | 83e1 0f83 | e2f0 741c | 488d 3416 | 488d 3c57 | 48f7 dac4 
  0x0000012407bbbce4: e27d 3004 | 16c5 fe7f | 0457 4883 | c210 75ef | 8bd1 83e1 | 0783 e2f8 | 7427 c4e2 | 7930 06c5 
  0x0000012407bbbd04: fa7f 0748 | 83c6 0848 | 83c7 10e9 | 1100 0000 | c4e2 7930 | 0416 c5fa | 7f04 5748 | 83c2 0875 
  0x0000012407bbbd24: ef8b d183 | fa04 7c19 | c5f9 6e06 | c4e2 7930 | c0c5 f9d6 | 0748 83ea | 0448 83c6 | 0448 83c7 
  0x0000012407bbbd44: 0885 d274 | 1848 8d34 | 1648 8d3c | 5748 f7da | 0fb6 0c16 | 6689 0c57 | 48ff c275 | f344 8b4b 
  0x0000012407bbbd64: 0c45 85c9 | 0f86 cb02 | 0000 458d | 51ff 453b | d10f 8332 | 2e00 0033 | ffe9 1401 | 0000 4f8d 
  0x0000012407bbbd84: 0cdc 458b | 4114 4585 | c00f 84d6 | 1100 004d | 8bd8 49c1 | e303 eb30 | 448b 4424 

  0x0000012407bbbda0: ;   {oop(a 'java/lang/Integer'{0x0000000704e01a40} = 0)}
  0x0000012407bbbda0: 5c49 bb40 | 1ae0 0407 | 0000 0048 | 894c 2428 | 4889 5c24 | 3844 894c | 2434 897c | 2430 8974 
  0x0000012407bbbdc0: 2458 4489 | 4424 5c48 | 8944 2440 | 458b 4b08 

  0x0000012407bbbdd0: ;   {metadata('java/lang/Integer')}
  0x0000012407bbbdd0: 4181 f9c8 | 3019 000f | 85bf 3400 | 0041 8b6b | 0c44 8d9d | 8100 0000 | 4181 fb00 | 0100 0072 
  0x0000012407bbbdf0: 4649 8b87 | c801 0000 | 4c8b d849 | 83c3 10ff | c54d 3b9f | d801 0000 | 0f83 0702 | 0000 4d89 
  0x0000012407bbbe10: 9fc8 0100 | 0041 0f0d | 8bc0 0000 | 0048 c700 | 0100 0000 

  0x0000012407bbbe24: ;   {metadata('java/lang/Integer')}
  0x0000012407bbbe24: c740 08c8 | 3019 0044 | 8960 0c48 | 8bf8 896f | 0ceb 194c 

  0x0000012407bbbe38: ;   {oop(a 'java/lang/Integer'[256] {0x0000000704e00ba0})}
  0x0000012407bbbe38: 63d5 49bb | a00b e004 | 0700 0000 | 478b 9493 | 1402 0000 | 4b8d 3cd4 | 448b 5c24 | 5c4f 8d0c 
  0x0000012407bbbe58: dc48 8b54 | 2440 448b | 4424 5833 | f6b9 0100 | 0000 6690 

  0x0000012407bbbe6c: ;   {optimized virtual_call}
  0x0000012407bbbe6c: c5f8 77e8 

  0x0000012407bbbe70: ; ImmutableOopMap {[40]=Oop [56]=Oop [72]=Oop }
                      ;*invokevirtual putVal {reexecute=0 rethrow=0 return_oop=1}
                      ; - java.util.HashMap::put@9 (line 619)
                      ; - com.byteshrink.compression.ShannonFanoCompression::buildFrequencyMap@56 (line 36)
                      ; - com.byteshrink.compression.ShannonFanoCompression::compress@2 (line 93)
  0x0000012407bbbe70: 7c89 ffff 

  0x0000012407bbbe74: ;   {post_call_nop}
  0x0000012407bbbe74: 0f1f 8400 | ec07 0000 | 8b7c 2430 | ffc7 3b7c | 2434 0f8d | ad01 0000 | 488b 5c24 | 3844 8b4c 
  0x0000012407bbbe94: 2434 0fb7 | 747b 1048 | 8b4c 2428 | 448b 5114 | 83fe 7f0f | 8f03 1100 | 0081 fe80 | 0000 000f 
  0x0000012407bbbeb4: 832f 0f00 

  0x0000012407bbbeb8: ;   {oop(a 'java/lang/Character'[128] {0x0000000704e01830})}
  0x0000012407bbbeb8: 0049 bb30 | 18e0 0407 | 0000 0045 | 8b44 b310 

  0x0000012407bbbec8: ; implicit exception: dispatches to 0x0000012407bbf2c8
  0x0000012407bbbec8: 438b 54d4 

  0x0000012407bbbecc: ;   {metadata('java/util/HashMap')}
  0x0000012407bbbecc: 0881 fa58 | fd1d 000f | 8547 0f00 | 004b 8d04 | d48b 5024 | 85d2 0f84 | b9fe ffff | 4889 4424 
  0x0000012407bbbeec: 4044 8944 | 245c 8974 | 2458 897c | 2430 4489 | 4c24 3448 | 895c 2438 | 458b 5cd4 | 0c45 85db 
  0x0000012407bbbf0c: 0f86 7210 | 0000 4d8d | 04d4 41ff | cb44 23de | 478b 5c98 | 1045 85db | 0f84 72fe | ffff 478b 
  0x0000012407bbbf2c: 4cdc 0c44 | 3bce 7531 | 478b 44dc | 108b 4c24 | 5c44 3bc1 | 0f84 3cfe | ffff 438b 

  0x0000012407bbbf48: ;   {metadata('java/lang/Character')}
  0x0000012407bbbf48: 4cc4 0881 | f9b8 b418 | 0075 1249 | c1e0 0345 | 0fb7 400c | 413b f00f | 841d feff | ff47 8b44 
  0x0000012407bbbf68: dc18 4585 | c075 1448 | 8b4c 2428 | 448b 4c24 | 3444 8b44 | 245c e91e | feff ff43 | 8b4c dc08 
  0x0000012407bbbf88: ;   {metadata('java/util/HashMap$TreeNode')}
  0x0000012407bbbf88: 81f9 302a | 2a00 0f84 | 5810 0000 | 4f8d 0cc4 | 458b 590c | 443b 5c24 | 5875 3641 | 8b49 1044 
  0x0000012407bbbfa8: 8b5c 245c | 413b cb0f | 84d1 fdff | ff45 8b5c 

  0x0000012407bbbfb8: ;   {metadata('java/lang/Character')}
  0x0000012407bbbfb8: cc08 4181 | fbb8 b418 | 0075 164d | 8d1c cc45 | 0fb7 5b0c | 8b4c 2458 | 413b cb0f | 84ad fdff 
  0x0000012407bbbfd8: ff4d 8b47 | 3045 8b59 

  0x0000012407bbbfe0: ; ImmutableOopMap {r10=NarrowOop r11=NarrowOop [40]=Oop [56]=Oop [64]=Oop [72]=Oop [92]=NarrowOop }
                      ;*ifnonnull {reexecute=1 rethrow=0 return_oop=0}
                      ; - (reexecute) java.util.HashMap::getNode@145 (line 588)
                      ; - java.util.HashMap::getOrDefault@2 (line 1148)
                      ; - com.byteshrink.compression.ShannonFanoCompression::buildFrequencyMap@40 (line 36)
                      ; - com.byteshrink.compression.ShannonFanoCompression::compress@2 (line 93)
                      ;   {poll}
  0x0000012407bbbfe0: 1841 8500 | 4585 db74 | 064f 8d0c | dceb a948 | 8b4c 2428 | 488b 5c24 | 3844 8b4c | 2434 8b7c 
  0x0000012407bbc000: 2430 8b74 | 2458 448b | 4424 5c48 | 8b44 2440 | e98c fdff | ff44 8954 

  0x0000012407bbc018: ;   {metadata('java/lang/Integer')}
  0x0000012407bbc018: 2420 48ba | c830 190f | 2401 0000 

  0x0000012407bbc024: ;   {runtime_call C2 Runtime new_instance}
  0x0000012407bbc024: c5f8 77e8 

  0x0000012407bbc028: ; ImmutableOopMap {[32]=NarrowOop [40]=Oop [56]=Oop [64]=Oop [72]=Oop [92]=NarrowOop }
                      ;*new {reexecute=0 rethrow=0 return_oop=1}
                      ; - java.lang.Integer::valueOf@23 (line 1005)
                      ; - com.byteshrink.compression.ShannonFanoCompression::buildFrequencyMap@53 (line 36)
                      ; - com.byteshrink.compression.ShannonFanoCompression::compress@2 (line 93)
  0x0000012407bbc028: 34ed a8ff 

  0x0000012407bbc02c: ;   {post_call_nop}
  0x0000012407bbc02c: 0f1f 8400 | a409 0002 | e9f6 fdff | ff49 8b87 | c801 0000 | 4c8b d049 | 83c2 184d | 3b97 d801 
  0x0000012407bbc04c: 0000 0f83 | 9429 0000 | 4d89 97c8 | 0100 0041 | 0f0d 8ac0 | 0000 0048 | c700 0100 

  0x0000012407bbc068: ;   {metadata('java/util/ArrayList')}
  0x0000012407bbc068: 0000 c740 | 0858 dc1f | 004c 8960 | 0c4c 8b54 | 2428 458b 

  0x0000012407bbc07c: ;   {oop(a 'java/lang/Object'[0] {0x0000000704819490})}
  0x0000012407bbc07c: 5214 c740 | 1492 3290 | e048 8be8 | 498b d248 | c1e2 0366 | 6690 c5f8 | 7748 b840 | ba06 5424 
  0x0000012407bbc09c: ;   {virtual_call}
  0x0000012407bbc09c: 0100 00e8 

  0x0000012407bbc0a0: ; ImmutableOopMap {rbp=Oop [40]=Oop [72]=Oop }
                      ;*invokeinterface entrySet {reexecute=0 rethrow=0 return_oop=1}
                      ; - com.byteshrink.compression.ShannonFanoCompression::buildSortedNodeList@12 (line 42)
                      ; - com.byteshrink.compression.ShannonFanoCompression::compress@6 (line 94)
  0x0000012407bbc0a0: aec4 89f8 

  0x0000012407bbc0a4: ;   {post_call_nop}
  0x0000012407bbc0a4: 0f1f 8400 | 1c0a 0003 | 488b d066 | 6690 c5f8 | 7748 b868 | ba06 5424 

  0x0000012407bbc0bc: ;   {virtual_call}
  0x0000012407bbc0bc: 0100 00e8 

  0x0000012407bbc0c0: ; ImmutableOopMap {rbp=Oop [40]=Oop [72]=Oop }
                      ;*invokeinterface iterator {reexecute=0 rethrow=0 return_oop=1}
                      ; - com.byteshrink.compression.ShannonFanoCompression::buildSortedNodeList@17 (line 42)
                      ; - com.byteshrink.compression.ShannonFanoCompression::compress@6 (line 94)
  0x0000012407bbc0c0: 0e63 e3f8 

  0x0000012407bbc0c4: ;   {post_call_nop}
  0x0000012407bbc0c4: 0f1f 8400 | 3c0a 0004 | 4889 4424 | 3048 8bd0 | 6690 c5f8 | 7748 b890 | ba06 5424 

  0x0000012407bbc0e0: ;   {virtual_call}
  0x0000012407bbc0e0: 0100 00e8 

  0x0000012407bbc0e4: ; ImmutableOopMap {rbp=Oop [40]=Oop [48]=Oop [72]=Oop }
                      ;*invokeinterface hasNext {reexecute=0 rethrow=0 return_oop=0}
                      ; - com.byteshrink.compression.ShannonFanoCompression::buildSortedNodeList@75 (line 42)
                      ; - com.byteshrink.compression.ShannonFanoCompression::compress@6 (line 94)
  0x0000012407bbc0e4: 9a69 f5ff 

  0x0000012407bbc0e8: ;   {post_call_nop}
  0x0000012407bbc0e8: 0f1f 8400 | 600a 0005 | 85c0 0f85 | 380c 0000 | 4889 6c24 

  0x0000012407bbc0fc: ;   {oop(a 'com/byteshrink/compression/ShannonFanoCompression$$Lambda+0x00000124102d6828'{0x000000070556c568})}
  0x0000012407bbc0fc: 3849 b868 | c556 0507 | 0000 0048 | 8b54 2438 

  0x0000012407bbc10c: ;   {optimized virtual_call}
  0x0000012407bbc10c: c5f8 77e8 

  0x0000012407bbc110: ; ImmutableOopMap {[40]=Oop [56]=Oop [72]=Oop }
                      ;*invokeinterface sort {reexecute=0 rethrow=0 return_oop=0}
                      ; - com.byteshrink.compression.ShannonFanoCompression::buildSortedNodeList@89 (line 45)
                      ; - com.byteshrink.compression.ShannonFanoCompression::compress@6 (line 94)
  0x0000012407bbc110: 2c67 a5f8 

  0x0000012407bbc114: ;   {post_call_nop}
  0x0000012407bbc114: 0f1f 8400 | 8c0a 0006 | 488b 5424 | 284c 8b44 | 2438 6690 

  0x0000012407bbc128: ;   {optimized virtual_call}
  0x0000012407bbc128: c5f8 77e8 

  0x0000012407bbc12c: ; ImmutableOopMap {[40]=Oop [72]=Oop }
                      ;*invokevirtual buildTreeRecursive {reexecute=0 rethrow=0 return_oop=1}
                      ; - com.byteshrink.compression.ShannonFanoCompression::buildShannonFanoTree@3 (line 50)
                      ; - com.byteshrink.compression.ShannonFanoCompression::compress@12 (line 95)
  0x0000012407bbc12c: eb3c 0000 

  0x0000012407bbc130: ;   {post_call_nop}
  0x0000012407bbc130: 0f1f 8400 | a80a 0007 | 488b 5c24 | 284c 8d53 | 0c41 807f | 4800 0f85 | 2137 0000 | 4c8b c049 
  0x0000012407bbc150: c1e8 0345 | 8902 4d8b | da4c 33d8 | 49c1 eb15 | 0f84 2800 | 0000 4883 | f800 0f84 | 1e00 0000 
  0x0000012407bbc170: 4d8b da49 | c1eb 0949 | b800 c0ea | 7424 0100 | 004d 03d8 | 4180 3b02 | 0f85 4737 | 0000 4885 
  0x0000012407bbc190: c00f 84c4 | 0200 0044 | 8b58 1445 | 85db 0f84 | 7c0e 0000 | 4489 5c24 | 5048 8944 | 2440 48ff 
  0x0000012407bbc1b0: 7424 2848 | 8f44 2420 

  0x0000012407bbc1b8: ;   {oop(""{0x0000000704e01a50})}
  0x0000012407bbc1b8: 48ba 501a | e004 0700 | 0000 4889 | 5c24 3890 

  0x0000012407bbc1c8: ;   {static_call}
  0x0000012407bbc1c8: c5f8 77e8 

  0x0000012407bbc1cc: ; ImmutableOopMap {[32]=Oop [56]=Oop [64]=Oop [72]=Oop [80]=NarrowOop }
                      ;*invokestatic stringOf {reexecute=0 rethrow=0 return_oop=1}
                      ; - java.lang.StringConcatHelper::simpleConcat@1 (line 409)
                      ; - java.lang.invoke.DirectMethodHandle$Holder::invokeStatic@11
                      ; - java.lang.invoke.LambdaForm$MH/0x0000012410084c00::invoke@21
                      ; - java.lang.invoke.Invokers$Holder::linkToTargetMethod@5
                      ; - com.byteshrink.compression.ShannonFanoCompression::generateCodes@49 (line 88)
                      ; - com.byteshrink.compression.ShannonFanoCompression::compress@22 (line 96)
  0x0000012407bbc1cc: 30b9 1200 

  0x0000012407bbc1d0: ;   {post_call_nop}
  0x0000012407bbc1d0: 0f1f 8400 | 480b 0008 

  0x0000012407bbc1d8: ;   {oop("0"{0x000000070556c578})}
  0x0000012407bbc1d8: 488b e848 | ba78 c556 | 0507 0000 | 004c 8b54 | 2420 4c89 | 5424 2890 

  0x0000012407bbc1f0: ;   {static_call}
  0x0000012407bbc1f0: c5f8 77e8 

  0x0000012407bbc1f4: ; ImmutableOopMap {rbp=Oop [32]=Oop [40]=Oop [56]=Oop [64]=Oop [72]=Oop [80]=NarrowOop }
                      ;*invokestatic stringOf {reexecute=0 rethrow=0 return_oop=1}
                      ; - java.lang.StringConcatHelper::simpleConcat@6 (line 410)
                      ; - java.lang.invoke.DirectMethodHandle$Holder::invokeStatic@11
                      ; - java.lang.invoke.LambdaForm$MH/0x0000012410084c00::invoke@21
                      ; - java.lang.invoke.Invokers$Holder::linkToTargetMethod@5
                      ; - com.byteshrink.compression.ShannonFanoCompression::generateCodes@49 (line 88)
                      ; - com.byteshrink.compression.ShannonFanoCompression::compress@22 (line 96)
  0x0000012407bbc1f4: 08b9 1200 

  0x0000012407bbc1f8: ;   {post_call_nop}
  0x0000012407bbc1f8: 0f1f 8400 | 700b 0009 | 4889 4424 | 2848 85ed | 0f84 f62a | 0000 4889 | 6c24 3048 | 8bd5 488b 
  0x0000012407bbc218: 6c24 2090 

  0x0000012407bbc21c: ;   {optimized virtual_call}
  0x0000012407bbc21c: c5f8 77e8 

  0x0000012407bbc220: ; ImmutableOopMap {rbp=Oop [32]=Oop [40]=Oop [48]=Oop [56]=Oop [64]=Oop [72]=Oop [80]=NarrowOop }
                      ;*invokevirtual isEmpty {reexecute=0 rethrow=0 return_oop=0}
                      ; - java.lang.StringConcatHelper::simpleConcat@11 (line 411)
                      ; - java.lang.invoke.DirectMethodHandle$Holder::invokeStatic@11
                      ; - java.lang.invoke.LambdaForm$MH/0x0000012410084c00::invoke@21
                      ; - java.lang.invoke.Invokers$Holder::linkToTargetMethod@5
                      ; - com.byteshrink.compression.ShannonFanoCompression::generateCodes@49 (line 88)
                      ; - com.byteshrink.compression.ShannonFanoCompression::compress@22 (line 96)
  0x0000012407bbc220: ecef f2ff 

  0x0000012407bbc224: ;   {post_call_nop}
  0x0000012407bbc224: 0f1f 8400 | 9c0b 000a | 85c0 0f84 | c10e 0000 | 4d8b 8fc8 | 0100 004d | 8bd1 4983 | c218 4d3b 
  0x0000012407bbc244: 97d8 0100 | 000f 836c | 2800 004d | 8997 c801 | 0000 410f | 0d8a c000 | 0000 49c7 | 0101 0000 
  0x0000012407bbc264: ;   {metadata('java/lang/String')}
  0x0000012407bbc264: 0041 c741 | 0838 a616 | 0045 8961 | 0c4d 8961 | 104c 8b44 | 2428 450f | be50 1045 | 8851 1045 
  0x0000012407bbc284: 0fb6 5811 | 4588 5911 | 458b 500c | 4589 510c | 458b 5814 | 4d8d 5114 | 4589 1a41 | 8bcb 48c1 
  0x0000012407bbc2a4: e103 4d8b | c24c 33c1 | 49c1 e815 | 0f84 2800 | 0000 4883 | f900 0f84 | 1e00 0000 | 4d8b c249 
  0x0000012407bbc2c4: c1e8 0948 | b900 c0ea | 7424 0100 | 004c 03c1 | 4180 3802 | 0f85 5836 | 0000 448b | 5c24 504d 
  0x0000012407bbc2e4: 8bc3 49c1 | e003 488b | 5424 2048 | 8bea 6690 

  0x0000012407bbc2f4: ;   {optimized virtual_call}
  0x0000012407bbc2f4: c5f8 77e8 

  0x0000012407bbc2f8: ; ImmutableOopMap {rbp=Oop [32]=Oop [64]=Oop [72]=Oop }
                      ;*invokevirtual generateCodes {reexecute=0 rethrow=0 return_oop=0}
                      ; - com.byteshrink.compression.ShannonFanoCompression::generateCodes@54 (line 88)
                      ; - com.byteshrink.compression.ShannonFanoCompression::compress@22 (line 96)
  0x0000012407bbc2f8: 013b 0000 

  0x0000012407bbc2fc: ;   {post_call_nop}
  0x0000012407bbc2fc: 0f1f 8400 | 740c 000b | 4c8b 5424 | 4045 8b52 | 1844 8954 

  0x0000012407bbc310: ;   {oop(""{0x0000000704e01a50})}
  0x0000012407bbc310: 2438 48ba | 501a e004 | 0700 0000 

  0x0000012407bbc31c: ;   {static_call}
  0x0000012407bbc31c: c5f8 77e8 

  0x0000012407bbc320: ; ImmutableOopMap {rbp=Oop [32]=Oop [56]=NarrowOop [72]=Oop }
                      ;*invokestatic stringOf {reexecute=0 rethrow=0 return_oop=1}
                      ; - java.lang.StringConcatHelper::simpleConcat@1 (line 409)
                      ; - java.lang.invoke.DirectMethodHandle$Holder::invokeStatic@11
                      ; - java.lang.invoke.LambdaForm$MH/0x0000012410084c00::invoke@21
                      ; - java.lang.invoke.Invokers$Holder::linkToTargetMethod@5
                      ; - com.byteshrink.compression.ShannonFanoCompression::generateCodes@63 (line 89)
                      ; - com.byteshrink.compression.ShannonFanoCompression::compress@22 (line 96)
  0x0000012407bbc320: dcb7 1200 

  0x0000012407bbc324: ;   {post_call_nop}
  0x0000012407bbc324: 0f1f 8400 | 9c0c 000c 

  0x0000012407bbc32c: ;   {oop("1"{0x000000070556c590})}
  0x0000012407bbc32c: 488b e848 | ba90 c556 | 0507 0000 | 004c 8b54 | 2420 4c89 | 5424 2890 

  0x0000012407bbc344: ;   {static_call}
  0x0000012407bbc344: c5f8 77e8 

  0x0000012407bbc348: ; ImmutableOopMap {rbp=Oop [32]=Oop [40]=Oop [56]=NarrowOop [72]=Oop }
                      ;*invokestatic stringOf {reexecute=0 rethrow=0 return_oop=1}
                      ; - java.lang.StringConcatHelper::simpleConcat@6 (line 410)
                      ; - java.lang.invoke.DirectMethodHandle$Holder::invokeStatic@11
                      ; - java.lang.invoke.LambdaForm$MH/0x0000012410084c00::invoke@21
                      ; - java.lang.invoke.Invokers$Holder::linkToTargetMethod@5
                      ; - com.byteshrink.compression.ShannonFanoCompression::generateCodes@63 (line 89)
                      ; - com.byteshrink.compression.ShannonFanoCompression::compress@22 (line 96)
  0x0000012407bbc348: b4b7 1200 

  0x0000012407bbc34c: ;   {post_call_nop}
  0x0000012407bbc34c: 0f1f 8400 | c40c 000d | 4889 4424 | 2848 85ed | 0f84 ba29 | 0000 4889 | 6c24 3048 | 8bd5 488b 
  0x0000012407bbc36c: 6c24 2090 

  0x0000012407bbc370: ;   {optimized virtual_call}
  0x0000012407bbc370: c5f8 77e8 

  0x0000012407bbc374: ; ImmutableOopMap {rbp=Oop [32]=Oop [40]=Oop [48]=Oop [56]=NarrowOop [72]=Oop }
                      ;*invokevirtual isEmpty {reexecute=0 rethrow=0 return_oop=0}
                      ; - java.lang.StringConcatHelper::simpleConcat@11 (line 411)
                      ; - java.lang.invoke.DirectMethodHandle$Holder::invokeStatic@11
                      ; - java.lang.invoke.LambdaForm$MH/0x0000012410084c00::invoke@21
                      ; - java.lang.invoke.Invokers$Holder::linkToTargetMethod@5
                      ; - com.byteshrink.compression.ShannonFanoCompression::generateCodes@63 (line 89)
                      ; - com.byteshrink.compression.ShannonFanoCompression::compress@22 (line 96)
  0x0000012407bbc374: 98ee f2ff 

  0x0000012407bbc378: ;   {post_call_nop}
  0x0000012407bbc378: 0f1f 8400 | f00c 000e | 85c0 0f84 | 0b0e 0000 | 4d8b 8fc8 | 0100 004d | 8bd1 4983 | c218 4d3b 
  0x0000012407bbc398: 97d8 0100 | 000f 833d | 2700 004d | 8997 c801 | 0000 410f | 0d8a c000 | 0000 49c7 | 0101 0000 
  0x0000012407bbc3b8: ;   {metadata('java/lang/String')}
  0x0000012407bbc3b8: 0041 c741 | 0838 a616 | 0045 8961 | 0c4d 8961 | 104c 8b44 | 2428 450f | be50 1045 | 8851 1045 
  0x0000012407bbc3d8: 0fb6 5811 | 4588 5911 | 458b 500c | 4589 510c | 458b 5814 | 4d8d 5114 | 4589 1a41 | 8bcb 48c1 
  0x0000012407bbc3f8: e103 4d8b | c24c 33c1 | 49c1 e815 | 0f84 2800 | 0000 4883 | f900 0f84 | 1e00 0000 | 4d8b c249 
  0x0000012407bbc418: c1e8 0948 | b900 c0ea | 7424 0100 | 004c 03c1 | 4180 3802 | 0f85 6535 | 0000 448b | 5424 384d 
  0x0000012407bbc438: 8bc2 49c1 | e003 488b | 5424 2048 | 8bea 6690 

  0x0000012407bbc448: ;   {optimized virtual_call}
  0x0000012407bbc448: c5f8 77e8 

  0x0000012407bbc44c: ; ImmutableOopMap {rbp=Oop [72]=Oop }
                      ;*invokevirtual generateCodes {reexecute=0 rethrow=0 return_oop=0}
                      ; - com.byteshrink.compression.ShannonFanoCompression::generateCodes@68 (line 89)
                      ; - com.byteshrink.compression.ShannonFanoCompression::compress@22 (line 96)
  0x0000012407bbc44c: ad39 0000 

  0x0000012407bbc450: ;   {post_call_nop}
  0x0000012407bbc450: 0f1f 8400 | c80d 000f | 488b dd49 | 8b87 c801 | 0000 4c8b | d049 83c2 | 184d 3b97 | d801 0000 
  0x0000012407bbc470: 0f83 cb25 | 0000 4d89 | 97c8 0100 | 0041 0f0d | 8ac0 0000 | 0048 c700 | 0100 0000 

  0x0000012407bbc48c: ;   {metadata('java/lang/StringBuilder')}
  0x0000012407bbc48c: c740 08d0 | a21a 0044 | 8960 0c4c | 8960 104c | 8be8 498b | 87c8 0100 | 004c 8bd0 | 4983 c220 
  0x0000012407bbc4ac: 4d3b 97d8 | 0100 000f | 8350 2500 | 004d 8997 | c801 0000 | 410f 0d8a | c000 0000 | 48c7 0001 
  0x0000012407bbc4cc: 0000 0041 | 0f0d 8a00 

  0x0000012407bbc4d4: ;   {metadata({type array byte})}
  0x0000012407bbc4d4: 0100 00c7 | 4008 0876 | 1600 410f | 0d8a 4001 | 0000 c740 | 0c10 0000 | 0041 0f0d | 8a80 0100 
  0x0000012407bbc4f4: 004c 8960 | 104c 8960 | 184c 8b54 | 2448 458b | 4a14 450f | be5a 104d | 8d55 144c | 8bc0 49c1 
  0x0000012407bbc514: e803 4589 | 0249 8bca | 4833 c848 | c1e9 150f | 841d 0000 | 0049 8bca | 48c1 e909 | 49b8 00c0 
  0x0000012407bbc534: ea74 2401 | 0000 4903 | c880 3902 | 0f85 b234 | 0000 4585 | db0f 8552 | 0d00 0047 | 8b54 cc0c 
  0x0000012407bbc554: 4b8d 0ccc | 4181 fa00 | 0008 000f | 8703 2500 | 0049 8baf | c801 0000 | 4d63 da4e | 8d1c 5d17 
  0x0000012407bbc574: 0000 0049 | 83e3 f84c | 8bc5 4d03 | c34d 3b87 | d801 0000 | 0f83 da24 | 0000 4d89 | 87c8 0100 
  0x0000012407bbc594: 0041 0f0d | 88c0 0000 | 0048 c745 | 0001 0000 | 0041 0f0d | 8800 0100 

  0x0000012407bbc5ac: ;   {metadata({type array char})}
  0x0000012407bbc5ac: 00c7 4508 | f06f 1600 | 4489 550c | 410f 0d88 | 4001 0000 | 410f 0d88 | 8001 0000 | 4b8d 74cc 
  0x0000012407bbc5cc: 1048 8bfd | 4883 c710 | 418b d28b | ca83 e10f | 83e2 f074 | 1c48 8d34 | 1648 8d3c | 5748 f7da 
  0x0000012407bbc5ec: c4e2 7d30 | 0416 c5fe | 7f04 5748 | 83c2 1075 | ef8b d183 | e107 83e2 | f874 27c4 | e279 3006 
  0x0000012407bbc60c: c5fa 7f07 | 4883 c608 | 4883 c710 | e911 0000 | 00c4 e279 | 3004 16c5 | fa7f 0457 | 4883 c208 
  0x0000012407bbc62c: 75ef 8bd1 | 83fa 047c | 19c5 f96e | 06c4 e279 | 30c0 c5f9 | d607 4883 | ea04 4883 | c604 4883 
  0x0000012407bbc64c: c708 85d2 | 7418 488d | 3416 488d | 3c57 48f7 | da0f b60c | 1666 890c | 5748 ffc2 | 75f3 448b 
  0x0000012407bbc66c: 5d0c 4585 | db0f 86f2 | 0b00 0045 | 8d53 ff45 | 3bd3 0f83 | 5926 0000 | 4533 d2e9 | 2a01 0000 
  0x0000012407bbc68c: 498d 34fc | 448b 4e14 

  0x0000012407bbc694: ; implicit exception: dispatches to 0x0000012407bbdf40
  0x0000012407bbc694: 438b 4ccc 

  0x0000012407bbc698: ;   {metadata('java/lang/String')}
  0x0000012407bbc698: 0881 f938 | a616 000f | 85c7 2b00 | 004b 8d0c | cc44 8b41 | 1443 8b7c | c40c 418b | 5514 458b 
  0x0000012407bbc6b8: 44d4 0c89 | 5424 4044 | 8954 243c | 4489 5c24 | 3848 896c | 2430 4889 | 5c24 2845 | 0fbe 4d10 
  0x0000012407bbc6d8: 440f be51 | 1048 894c | 2458 4489 | 4424 44c4 | 4232 f7d8 | c462 2af7 | c744 8944 | 2450 418b 
  0x0000012407bbc6f8: 4d0c 4c89 | 6c24 2044 | 03c1 418b | f841 2bfb | 85ff 0f8f | a901 0000 | 453b ca0f | 85bf 1800 
  0x0000012407bbc718: 004c 8b6c | 2420 418b | 7d14 453b | d10f 85c1 | 1700 004c | 8b54 2458 | 418b 5a14 

  0x0000012407bbc734: ; implicit exception: dispatches to 0x0000012407bbf3a0
  0x0000012407bbc734: 458b 44dc | 0cc4 6231 | f7d1 458b | 4cfc 0c45 | 85d2 0f8c | 400c 0000 | 438d 0c02 | 443b c90f 
  0x0000012407bbc754: 8233 0c00 | 0045 85c0 | 762d 4d63 | c04d 8d1c | dc49 8d4c | dc10 4d8d | 1cfc 4b8d | 5413 10c5 
  0x0000012407bbc774: f877 49ba | 6036 5607 | 2401 0000 

  0x0000012407bbc780: ;   {post_call_nop}
  0x0000012407bbc780: 41ff d20f | 1f84 0000 | 0000 0044 | 8b54 2450 | 4501 550c | 448b 5424 | 3c41 ffc2 | 443b 5424 
  0x0000012407bbc7a0: 380f 8dbd | 0a00 0048 | 8b5c 2428 | 488b 6c24 | 3044 8b5c | 2438 460f | b744 5510 | 8b4b 1041 
  0x0000012407bbc7c0: 83f8 7f0f | 8fdb 1700 | 0041 81f8 | 8000 0000 | 0f83 590a 

  0x0000012407bbc7d4: ;   {oop(a 'java/lang/Character'[128] {0x0000000704e01830})}
  0x0000012407bbc7d4: 0000 49b9 | 3018 e004 | 0700 0000 | 478b 4c81 | 1041 8b54 

  0x0000012407bbc7e8: ;   {metadata('java/util/HashMap')}
  0x0000012407bbc7e8: cc08 81fa | 58fd 1d00 | 0f85 620b | 0000 48c1 | e103 8b79 | 2441 8b4c | fc0c 85c9 | 0f86 b216 
  0x0000012407bbc808: 0000 ffc9 | 4123 c848 | c1e7 038b | 7c8f 1041 | 8b54 fc0c | 413b d075 | 2c41 8b54 | fc10 413b 
  0x0000012407bbc828: d10f 845d | feff ff41 | 8b74 d408 

  0x0000012407bbc834: ;   {metadata('java/lang/Character')}
  0x0000012407bbc834: 81fe b8b4 | 1800 7511 | 498d 0cd4 | 0fb7 490c | 443b c10f | 843f feff | ff41 8b54 | fc18 85d2 
  0x0000012407bbc854: 0f84 e616 | 0000 418b 

  0x0000012407bbc85c: ;   {metadata('java/util/HashMap$TreeNode')}
  0x0000012407bbc85c: 74fc 0881 | fe30 2a2a | 000f 8401 | 1700 0049 | 8d34 d490 | 8b4e 0c41 | 3bc8 752a | 8b7e 1041 
  0x0000012407bbc87c: 3bf9 0f84 | 0cfe ffff 

  0x0000012407bbc884: ; implicit exception: dispatches to 0x0000012407bbf3dc
  0x0000012407bbc884: 418b 4cfc 

  0x0000012407bbc888: ;   {metadata('java/lang/Character')}
  0x0000012407bbc888: 0881 f9b8 | b418 0075 | 1149 8d0c | fc0f b779 | 0c44 3bc7 | 0f84 eefd | ffff 498b | 7f30 8b4e 
  0x0000012407bbc8a8: ; ImmutableOopMap {r9=NarrowOop rcx=NarrowOop rbx=Oop rbp=Oop r13=Oop }
                      ;*ifnonnull {reexecute=1 rethrow=0 return_oop=0}
                      ; - (reexecute) java.util.HashMap::getNode@145 (line 588)
                      ; - java.util.HashMap::get@2 (line 565)
                      ; - com.byteshrink.compression.ShannonFanoCompression::compress@66 (line 99)
                      ;   {poll}
  0x0000012407bbc8a8: 1885 0785 | c90f 848d | 1600 0049 | 8d34 cceb | b749 8bd5 | 498b ed90 

  0x0000012407bbc8c0: ;   {optimized virtual_call}
  0x0000012407bbc8c0: c5f8 77e8 

  0x0000012407bbc8c4: ; ImmutableOopMap {rbp=Oop [32]=Oop [40]=Oop [48]=Oop [64]=NarrowOop [88]=Oop }
                      ;*invokevirtual newCapacity {reexecute=0 rethrow=0 return_oop=0}
                      ; - java.lang.AbstractStringBuilder::ensureCapacityInternal@24 (line 247)
                      ; - java.lang.AbstractStringBuilder::append@21 (line 591)
                      ; - java.lang.StringBuilder::append@2 (line 179)
                      ; - com.byteshrink.compression.ShannonFanoCompression::compress@74 (line 99)
  0x0000012407bbc8c4: b850 4ef8 

  0x0000012407bbc8c8: ;   {post_call_nop}
  0x0000012407bbc8c8: 0f1f 8400 | 4012 0011 | 4c8b c545 | 0fbe 5010 | c462 29f7 | d844 8b54 | 2440 4f8d | 0cd4 4c89 
  0x0000012407bbc8e8: 8c24 9000 | 0000 4b8d | 5cd4 1044 | 3b5c 2444 | 0f84 4001 | 0000 8b4c | 2444 413b | cb8b e941 
  0x0000012407bbc908: 0f4f eb3b | cd0f 823a | 1c00 0044 | 3bdd 0f82 | 311c 0000 | 458b d349 | 63ca 4883 | c117 4c8b 
  0x0000012407bbc928: c949 83e1 | f841 81fb | 0000 1000 | 0f87 d805 | 0000 498b | b7c8 0100 | 004c 8bd6 | 4d03 d14d 
  0x0000012407bbc948: 3b97 d801 | 0000 0f83 | be05 0000 | 4d89 97c8 | 0100 0041 | 0f0d 8ac0 | 0000 0048 | c706 0100 
  0x0000012407bbc968: 0000 410f | 0d8a 0001 

  0x0000012407bbc970: ;   {metadata({type array byte})}
  0x0000012407bbc970: 0000 c746 | 0808 7616 | 0044 895e | 0c41 0f0d | 8a40 0100 | 0041 0f0d | 8a80 0100 | 0048 8bd6 
  0x0000012407bbc990: 4883 c210 | 48c1 e903 | 85ed 0f84 | 441b 0000 | 413b eb0f | 8c54 0100 | 0048 8bcb | 498b d849 
  0x0000012407bbc9b0: 83c1 f049 | c1e9 034d | 8bc1 c5f8 | 7749 ba20 | 3c56 0724 | 0100 0041 

  0x0000012407bbc9c8: ;   {post_call_nop}
  0x0000012407bbc9c8: ffd2 0f1f | 8400 0000 | 0000 4c8b | c345 0fbe | 4810 418b | 480c 4c89 | 4424 204c | 8b54 2458 
  0x0000012407bbc9e8: 450f be52 | 1048 8b7c | 2420 4c8d | 4714 4180 | 7f48 000f | 855d 3000 | 0048 8bde | 48c1 eb03 
  0x0000012407bbca08: 4189 184d | 8bd8 4c33 | de49 c1eb | 150f 841e | 0000 004d | 8bd8 49c1 | eb09 48bb | 00c0 ea74 
  0x0000012407bbca28: 2401 0000 | 4c03 db41 | 803b 020f | 85ab 3000 | 00e9 d2fc | ffff 4c63 | 4c24 4444 | 8b5c 2444 
  0x0000012407bbca48: 4181 fb00 | 0010 000f | 872f 1d00 | 0048 895c | 2440 4489 | 5424 5449 | 8b9f c801 | 0000 4c89 
  0x0000012407bbca68: 4c24 4849 | 83c1 1749 | 83e1 f84c | 8bd3 4d03 | d14d 3b97 | d801 0000 | 0f83 0d1d | 0000 4d89 
  0x0000012407bbca88: 97c8 0100 | 0041 0f0d | 8ac0 0000 | 0048 c703 | 0100 0000 | 410f 0d8a | 0001 0000 

  0x0000012407bbcaa4: ;   {metadata({type array byte})}
  0x0000012407bbcaa4: c743 0808 | 7616 0044 | 895b 0c41 | 0f0d 8a40 | 0100 0041 | 0f0d 8a80 | 0100 0048 | 8bd3 4883 
  0x0000012407bbcac4: c210 4c8b | 4424 4849 | 83c0 0749 | c1e8 0348 | 8b4c 2440 | c5f8 7749 | ba20 3c56 | 0724 0100 
  0x0000012407bbcae4: 0041 ffd2 

  0x0000012407bbcae8: ;   {post_call_nop}
  0x0000012407bbcae8: 0f1f 8400 | 0000 0000 | 488b f34c | 8b44 2420 | e9d8 feff | ff4c 8bda | 4c8b d349 | 8bd8 4c63 
  0x0000012407bbcb08: c54d 8d48 | 1049 8bd1 | 4883 e2f8 | 488b fe48 | 03fa 49c1 | e903 492b | c948 33c0 | 4883 f908 
  0x0000012407bbcb28: 7f10 48ff | c978 4f48 | 8904 cf48 | ffc9 7df7 | eb44 c5fd | efc0 e90d | 0000 00c5 | fe7f 07c5 
  0x0000012407bbcb48: fe7f 4720 | 4883 c740 | 4883 e908 | 7ded 4883 | c104 7c0c | c5fe 7f07 | 4883 c720 | 4883 e904 
  0x0000012407bbcb68: 4883 c104 | 7e10 48ff | c9c5 f9d6 | 0748 83c7 | 0848 ffc9 | 7df3 498b | ca49 8bd3 | c5f8 7749 
  0x0000012407bbcb88: ba80 3556 | 0724 0100 | 0041 ffd2 

  0x0000012407bbcb94: ;   {post_call_nop}
  0x0000012407bbcb94: 0f1f 8400 | 0000 0000 | 4c8b c3e9 | 31fe ffff | 0f1f 8400 | 0000 0000 | 6666 6690 | 498b 87c8 
  0x0000012407bbcbb4: 0100 004c | 8bd0 4983 | c220 4d3b | 97d8 0100 | 000f 8377 | 1a00 004d | 8997 c801 | 0000 410f 
  0x0000012407bbcbd4: 0d8a c000 | 0000 48c7 | 0001 0000 

  0x0000012407bbcbe0: ;   {metadata('com/byteshrink/compression/ShannonFanoCompression$ShannonFanoNode')}
  0x0000012407bbcbe0: 00c7 4008 | 0866 2d01 | 4489 600c | 4c89 6010 | 4c89 6018 | 4c89 4424 | 4048 8944 | 2450 488b 
  0x0000012407bbcc00: 5424 4048 | 8be8 c5f8 | 7748 b8b8 | ba06 5424 

  0x0000012407bbcc10: ;   {virtual_call}
  0x0000012407bbcc10: 0100 00e8 

  0x0000012407bbcc14: ; ImmutableOopMap {rbp=Oop [40]=Oop [48]=Oop [56]=Oop [64]=Oop [72]=Oop [80]=Oop }
                      ;*invokeinterface getKey {reexecute=0 rethrow=0 return_oop=1}
                      ; - com.byteshrink.compression.ShannonFanoCompression::buildSortedNodeList@42 (line 43)
                      ; - com.byteshrink.compression.ShannonFanoCompression::compress@6 (line 94)
  0x0000012407bbcc14: fa00 f2ff 

  0x0000012407bbcc18: ;   {post_call_nop}
  0x0000012407bbcc18: 0f1f 8400 | 9015 0012 

  0x0000012407bbcc20: ; implicit exception: dispatches to 0x0000012407bbf52c
  0x0000012407bbcc20: 448b 5008 

  0x0000012407bbcc24: ;   {metadata('java/lang/Character')}
  0x0000012407bbcc24: 4181 fab8 | b418 000f | 85a3 1f00 | 000f b768 | 0c48 8b54 | 2440 4c8b | 5424 384c | 8954 2420 
  0x0000012407bbcc44: 4c8b 5424 | 504c 8954 | 2440 c5f8 | 7748 b8e0 | ba06 5424 

  0x0000012407bbcc58: ;   {virtual_call}
  0x0000012407bbcc58: 0100 00e8 

  0x0000012407bbcc5c: ; ImmutableOopMap {[32]=Oop [40]=Oop [48]=Oop [56]=Oop [64]=Oop [72]=Oop [80]=Oop }
                      ;*invokeinterface getValue {reexecute=0 rethrow=0 return_oop=1}
                      ; - com.byteshrink.compression.ShannonFanoCompression::buildSortedNodeList@54 (line 43)
                      ; - com.byteshrink.compression.ShannonFanoCompression::compress@6 (line 94)
  0x0000012407bbcc5c: b203 f2ff 

  0x0000012407bbcc60: ;   {post_call_nop}
  0x0000012407bbcc60: 0f1f 8400 | d815 0013 

  0x0000012407bbcc68: ; implicit exception: dispatches to 0x0000012407bbf550
  0x0000012407bbcc68: 448b 5008 

  0x0000012407bbcc6c: ;   {metadata('java/lang/Integer')}
  0x0000012407bbcc6c: 4181 fac8 | 3019 000f | 8573 1f00 | 004c 8b4c | 2440 6641 | 8969 1044 | 8b50 0c45 

  0x0000012407bbcc88: ;   {oop(""{0x0000000704e01a50})}
  0x0000012407bbcc88: 8951 0cb9 | 4a03 9ce0 | 4d8d 411c | 4180 7f48 | 000f 85ba | 2e00 0041 | 8908 448b | d149 c1e2 
  0x0000012407bbcca8: 034d 8bd8 | 4d33 da49 | c1eb 150f | 8428 0000 | 0049 83fa | 000f 841e | 0000 004d | 8bd8 49c1 
  0x0000012407bbccc8: eb09 49ba | 00c0 ea74 | 2401 0000 | 4d03 da41 | 803b 020f | 85ea 2e00 | 0048 8b54 | 2420 4d8b 
  0x0000012407bbcce8: c166 6690 

  0x0000012407bbccec: ;   {optimized virtual_call}
  0x0000012407bbccec: c5f8 77e8 

  0x0000012407bbccf0: ; ImmutableOopMap {[32]=Oop [40]=Oop [48]=Oop [56]=Oop [72]=Oop }
                      ;*invokeinterface add {reexecute=0 rethrow=0 return_oop=0}
                      ; - com.byteshrink.compression.ShannonFanoCompression::buildSortedNodeList@68 (line 43)
                      ; - com.byteshrink.compression.ShannonFanoCompression::compress@6 (line 94)
  0x0000012407bbccf0: 3ca2 f6ff 

  0x0000012407bbccf4: ;   {post_call_nop}
  0x0000012407bbccf4: 0f1f 8400 | 6c16 0014 | 488b 5424 | 3090 c5f8 | 7748 b808 | bb06 5424 

  0x0000012407bbcd0c: ;   {virtual_call}
  0x0000012407bbcd0c: 0100 00e8 

  0x0000012407bbcd10: ; ImmutableOopMap {[32]=Oop [40]=Oop [48]=Oop [56]=Oop [72]=Oop }
                      ;*invokeinterface hasNext {reexecute=0 rethrow=0 return_oop=0}
                      ; - com.byteshrink.compression.ShannonFanoCompression::buildSortedNodeList@75 (line 42)
                      ; - com.byteshrink.compression.ShannonFanoCompression::compress@6 (line 94)
  0x0000012407bbcd10: 6e5d f5ff 

  0x0000012407bbcd14: ;   {post_call_nop}
  0x0000012407bbcd14: 0f1f 8400 | 8c16 0015 

  0x0000012407bbcd1c: ; ImmutableOopMap {[32]=Oop [40]=Oop [48]=Oop [56]=Oop [72]=Oop }
                      ;*ifne {reexecute=1 rethrow=0 return_oop=0}
                      ; - (reexecute) com.byteshrink.compression.ShannonFanoCompression::buildSortedNodeList@80 (line 42)
                      ; - com.byteshrink.compression.ShannonFanoCompression::compress@6 (line 94)
  0x0000012407bbcd1c: 4d8b 5730 

  0x0000012407bbcd20: ;   {poll}
  0x0000012407bbcd20: 4185 0285 | c00f 84d2 | f3ff ff48 | 8b6c 2420 | 4889 6c24 | 3848 8b54 | 2430 c5f8 | 7748 b830 
  0x0000012407bbcd40: bb06 5424 

  0x0000012407bbcd44: ;   {virtual_call}
  0x0000012407bbcd44: 0100 00e8 

  0x0000012407bbcd48: ; ImmutableOopMap {rbp=Oop [40]=Oop [48]=Oop [56]=Oop [72]=Oop }
                      ;*invokeinterface next {reexecute=0 rethrow=0 return_oop=1}
                      ; - com.byteshrink.compression.ShannonFanoCompression::buildSortedNodeList@27 (line 42)
                      ; - com.byteshrink.compression.ShannonFanoCompression::compress@6 (line 94)
  0x0000012407bbcd48: 6665 53f8 

  0x0000012407bbcd4c: ;   {post_call_nop}
  0x0000012407bbcd4c: 0f1f 8400 | c416 0017 | 4c8b c044 | 8b50 0848 | be00 0000 | 0f24 0100 | 0049 03f2 | 4c8b 5620 
  0x0000012407bbcd6c: ;   {metadata('java/util/Map$Entry')}
  0x0000012407bbcd6c: 49bb 18ef | 160f 2401 | 0000 4d3b | d30f 8431 

  0x0000012407bbcd7c: ;   {metadata('java/util/Map$Entry')}
  0x0000012407bbcd7c: feff ff48 | b818 ef16 | 0f24 0100 | 0048 33ff | 4c8b 9ea0 | 0000 0049 | 8bd3 48c1 | e21c 0f89 
  0x0000012407bbcd9c: 2100 0000 | f348 0fb8 | d248 8b5e | 2848 3b04 | d374 1549 | 0fba e324 | 730b 49c1 

  0x0000012407bbcdb8: ;   {runtime_call StubRoutines (compiler stubs)}
  0x0000012407bbcdb8: cb23 e818 | b2a7 ffeb | 0348 ffc7 | 4885 ff0f | 84e3 fdff | ffba deff | ffff 498b | e866 6690 
  0x0000012407bbcdd8: ;   {runtime_call UncommonTrapBlob}
  0x0000012407bbcdd8: c5f8 77e8 

  0x0000012407bbcddc: ; ImmutableOopMap {rbp=Oop }
                      ;*checkcast {reexecute=0 rethrow=0 return_oop=0}
                      ; - com.byteshrink.compression.ShannonFanoCompression::buildSortedNodeList@32 (line 42)
                      ; - com.byteshrink.compression.ShannonFanoCompression::compress@6 (line 94)
  0x0000012407bbcddc: 8091 a8ff 

  0x0000012407bbcde0: ;   {post_call_nop}
  0x0000012407bbcde0: 0f1f 8400 | 5817 0018 | bae4 ffff | ff4c 8b5c | 2448 4c89 | 5c24 2089 | 7c24 3444 | 894c 2438 
  0x0000012407bbce00: 4889 5c24 | 4044 8954 | 243c 8974 | 2448 6690 

  0x0000012407bbce10: ;   {runtime_call UncommonTrapBlob}
  0x0000012407bbce10: c5f8 77e8 

  0x0000012407bbce14: ; ImmutableOopMap {[32]=Oop [40]=Oop [60]=NarrowOop [64]=Oop }
                      ;*aaload {reexecute=0 rethrow=0 return_oop=0}
                      ; - java.lang.Character::valueOf@10 (line 9284)
                      ; - com.byteshrink.compression.ShannonFanoCompression::buildFrequencyMap@25 (line 36)
                      ; - com.byteshrink.compression.ShannonFanoCompression::compress@2 (line 93)
  0x0000012407bbce14: 4891 a8ff 

  0x0000012407bbce18: ;   {post_call_nop}
  0x0000012407bbce18: 0f1f 8400 | 9017 0019 | bade ffff | ff4c 8b5c | 2448 4c89 | 5c24 2089 | 7c24 3044 | 894c 2434 
  0x0000012407bbce38: 4889 5c24 | 3844 8954 | 2448 4489 | 4424 4c90 

  0x0000012407bbce48: ;   {runtime_call UncommonTrapBlob}
  0x0000012407bbce48: c5f8 77e8 

  0x0000012407bbce4c: ; ImmutableOopMap {[32]=Oop [40]=Oop [56]=Oop [72]=NarrowOop [76]=NarrowOop }
                      ;*invokeinterface getOrDefault {reexecute=0 rethrow=0 return_oop=0}
                      ; - com.byteshrink.compression.ShannonFanoCompression::buildFrequencyMap@40 (line 36)
                      ; - com.byteshrink.compression.ShannonFanoCompression::compress@2 (line 93)
  0x0000012407bbce4c: 1091 a8ff 

  0x0000012407bbce50: ;   {post_call_nop}
  0x0000012407bbce50: 0f1f 8400 | c817 001a 

  0x0000012407bbce58: ; implicit exception: dispatches to 0x0000012407bbf6c0
  0x0000012407bbce58: 458b 5ccc | 0c45 8bc3 | 41d1 f849 | 8d3c cc49 | 63f0 4181 | f800 0008 | 000f 87d9 | 1c00 0049 
  0x0000012407bbce78: 8b9f c801 | 0000 4c8d | 1475 1700 | 0000 4983 | e2f8 4c8b | cb4d 03ca | 4d3b 8fd8 | 0100 000f 
  0x0000012407bbce98: 83b3 1c00 | 004d 898f | c801 0000 | 410f 0d89 | c000 0000 | 48c7 0301 | 0000 0041 | 0f0d 8900 
  0x0000012407bbceb8: ;   {metadata({type array char})}
  0x0000012407bbceb8: 0100 00c7 | 4308 f06f | 1600 4489 | 430c 410f | 0d89 4001 | 0000 410f | 0d89 8001 | 0000 458b 
  0x0000012407bbced8: d341 83e2 | fe45 3bda | 0f82 1e20 | 0000 488b | d348 83c2 | 1049 8d4c | cc10 4c8b | c6c5 f877 
  0x0000012407bbcef8: 49ba 4037 | 5607 2401 | 0000 41ff 

  0x0000012407bbcf04: ;   {post_call_nop}
  0x0000012407bbcf04: d20f 1f84 | 0000 0000 | 00e9 4fee | ffff 4c89 | 4c24 7048 | 894c 2468 | 4889 5c24 | 6044 895c 
  0x0000012407bbcf24: 2448 4c89 

  0x0000012407bbcf28: ;   {metadata({type array byte})}
  0x0000012407bbcf28: 4424 4048 | ba08 7616 | 0f24 0100 | 0045 8bc3 

  0x0000012407bbcf38: ;   {runtime_call C2 Runtime new_array_nozero}
  0x0000012407bbcf38: c5f8 77e8 

  0x0000012407bbcf3c: ; ImmutableOopMap {[40]=Oop [48]=Oop [64]=Oop [88]=Oop [144]=Oop [96]=Derived_oop_[144] }
                      ;*newarray {reexecute=0 rethrow=0 return_oop=1}
                      ; - java.util.Arrays::copyOf@15 (line 3537)
                      ; - java.lang.AbstractStringBuilder::ensureCapacityInternal@32 (line 246)
                      ; - java.lang.AbstractStringBuilder::append@21 (line 591)
                      ; - java.lang.StringBuilder::append@2 (line 179)
                      ; - com.byteshrink.compression.ShannonFanoCompression::compress@74 (line 99)
  0x0000012407bbcf3c: a0c7 a8ff 

  0x0000012407bbcf40: ;   {post_call_nop}
  0x0000012407bbcf40: 0f1f 8400 | b818 001b | 4c8b 4424 | 4044 8b5c | 2448 488b | 5c24 6048 | 8b4c 2468 | 4c8b 4c24 
  0x0000012407bbcf60: 7048 8bf0 | e924 faff | ffba f4ff | ffff 4489 | 5424 4090 

  0x0000012407bbcf74: ;   {runtime_call UncommonTrapBlob}
  0x0000012407bbcf74: c5f8 77e8 

  0x0000012407bbcf78: ; ImmutableOopMap {[40]=Oop [56]=Oop [64]=NarrowOop [72]=Oop [92]=NarrowOop }
                      ;*checkcast {reexecute=0 rethrow=0 return_oop=0}
                      ; - com.byteshrink.compression.ShannonFanoCompression::buildFrequencyMap@45 (line 36)
                      ; - com.byteshrink.compression.ShannonFanoCompression::compress@2 (line 93)
  0x0000012407bbcf78: e48f a8ff 

  0x0000012407bbcf7c: ;   {post_call_nop}
  0x0000012407bbcf7c: 0f1f 8400 | f418 001c | ba4d ffff | ff4c 8b44 | 2448 4c89 | 4424 2044 | 8954 2440 | 4489 5c24 
  0x0000012407bbcf9c: 4866 6690 

  0x0000012407bbcfa0: ;   {runtime_call UncommonTrapBlob}
  0x0000012407bbcfa0: c5f8 77e8 

  0x0000012407bbcfa4: ; ImmutableOopMap {[32]=Oop [40]=Oop [56]=Oop [64]=NarrowOop [92]=NarrowOop }
                      ;*ifle {reexecute=1 rethrow=0 return_oop=0}
                      ; - (reexecute) java.util.HashMap::getNode@14 (line 576)
                      ; - java.util.HashMap::getOrDefault@2 (line 1148)
                      ; - com.byteshrink.compression.ShannonFanoCompression::buildFrequencyMap@40 (line 36)
                      ; - com.byteshrink.compression.ShannonFanoCompression::compress@2 (line 93)
  0x0000012407bbcfa4: b88f a8ff 

  0x0000012407bbcfa8: ;   {post_call_nop}
  0x0000012407bbcfa8: 0f1f 8400 | 2019 001d | ba4d ffff | ff4c 8b5c | 2448 4c89 | 5c24 2089 | 7c24 3444 | 894c 2438 
  0x0000012407bbcfc8: 4889 5c24 | 4044 8954 | 243c 8974 | 2448 8974 | 244c 6690 

  0x0000012407bbcfdc: ;   {runtime_call UncommonTrapBlob}
  0x0000012407bbcfdc: c5f8 77e8 

  0x0000012407bbcfe0: ; ImmutableOopMap {[32]=Oop [40]=Oop [60]=NarrowOop [64]=Oop }
                      ;*if_icmpgt {reexecute=1 rethrow=0 return_oop=0}
                      ; - (reexecute) java.lang.Character::valueOf@3 (line 9283)
                      ; - com.byteshrink.compression.ShannonFanoCompression::buildFrequencyMap@25 (line 36)
                      ; - com.byteshrink.compression.ShannonFanoCompression::compress@2 (line 93)
  0x0000012407bbcfe0: 7c8f a8ff 

  0x0000012407bbcfe4: ;   {post_call_nop}
  0x0000012407bbcfe4: 0f1f 8400 | 5c19 001e | ba4d ffff | ff4c 8b44 | 2448 4c89 | 4424 2044 | 8954 2440 | 448b 4424 
  0x0000012407bbd004: 5c44 8944 | 2448 4489 | 5c24 4c90 

  0x0000012407bbd010: ;   {runtime_call UncommonTrapBlob}
  0x0000012407bbd010: c5f8 77e8 

  0x0000012407bbd014: ; ImmutableOopMap {[32]=Oop [40]=Oop [56]=Oop [64]=NarrowOop [72]=NarrowOop [76]=NarrowOop [92]=NarrowOop }
                      ;*ifeq {reexecute=1 rethrow=0 return_oop=0}
                      ; - (reexecute) java.util.HashMap::getNode@85 (line 582)
                      ; - java.util.HashMap::getOrDefault@2 (line 1148)
                      ; - com.byteshrink.compression.ShannonFanoCompression::buildFrequencyMap@40 (line 36)
                      ; - com.byteshrink.compression.ShannonFanoCompression::compress@2 (line 93)
  0x0000012407bbd014: 488f a8ff 

  0x0000012407bbd018: ;   {post_call_nop}
  0x0000012407bbd018: 0f1f 8400 | 9019 001f | 443b 6018 | 0f85 7af1 | ffff 448b | 4310 0fb7 | 6810 83fd | 7f0f 8f9d 
  0x0000012407bbd038: 2100 0081 | fd80 0000 | 000f 8399 | 1f00 0048 | 8944 2428 | 4889 5c24 

  0x0000012407bbd050: ;   {oop(a 'java/lang/Character'[128] {0x0000000704e01830})}
  0x0000012407bbd050: 2049 ba30 | 18e0 0407 | 0000 0045 | 8b5c aa10 | 498b d048 | c1e2 034f 

  0x0000012407bbd068: ;   {oop(""{0x0000000704e01a50})}
  0x0000012407bbd068: 8d04 dc49 | b950 1ae0 | 0407 0000 | 0090 c5f8 | 7748 b858 | bb06 5424 

  0x0000012407bbd080: ;   {virtual_call}
  0x0000012407bbd080: 0100 00e8 

  0x0000012407bbd084: ; ImmutableOopMap {[32]=Oop [40]=Oop [72]=Oop }
                      ;*invokeinterface put {reexecute=0 rethrow=0 return_oop=1}
                      ; - com.byteshrink.compression.ShannonFanoCompression::generateCodes@31 (line 84)
                      ; - com.byteshrink.compression.ShannonFanoCompression::compress@22 (line 96)
  0x0000012407bbd084: d81c 9cff 

  0x0000012407bbd088: ;   {post_call_nop}
  0x0000012407bbd088: 0f1f 8400 | 001a 0020 | 4c8b 4c24 

  0x0000012407bbd094: ;   {oop(""{0x0000000704e01a50})}
  0x0000012407bbd094: 28bb 4a03 | 9ce0 4d8d | 591c 4180 | 7f48 000f | 8583 2b00 | 0041 891b | 448b c349 | c1e0 034d 
  0x0000012407bbd0b4: 8bd3 4d33 | d049 c1ea | 150f 8428 | 0000 0049 | 83f8 000f | 841e 0000 | 004d 8bd3 | 49c1 ea09 
  0x0000012407bbd0d4: 49b8 00c0 | ea74 2401 | 0000 4d03 | d041 803a | 020f 859f | 2b00 0048 | 8b5c 2420 | e966 f3ff 
  0x0000012407bbd0f4: ff4c 8b54 | 2428 4d85 | d20f 8429 | 1e00 0049 | 8bea 498b | d266 6690 

  0x0000012407bbd10c: ;   {optimized virtual_call}
  0x0000012407bbd10c: c5f8 77e8 

  0x0000012407bbd110: ; ImmutableOopMap {rbp=Oop [32]=Oop [48]=Oop [64]=Oop [72]=Oop [80]=NarrowOop }
                      ;*invokevirtual isEmpty {reexecute=0 rethrow=0 return_oop=0}
                      ; - java.lang.StringConcatHelper::simpleConcat@27 (line 415)
                      ; - java.lang.invoke.DirectMethodHandle$Holder::invokeStatic@11
                      ; - java.lang.invoke.LambdaForm$MH/0x0000012410084c00::invoke@21
                      ; - java.lang.invoke.Invokers$Holder::linkToTargetMethod@5
                      ; - com.byteshrink.compression.ShannonFanoCompression::generateCodes@49 (line 88)
                      ; - com.byteshrink.compression.ShannonFanoCompression::compress@22 (line 96)
  0x0000012407bbd110: 4c19 9cff 

  0x0000012407bbd114: ;   {post_call_nop}
  0x0000012407bbd114: 0f1f 8400 | 8c1a 0021 | 85c0 0f84 | 3f0f 0000 | 498b 87c8 | 0100 004c | 8bd0 4983 | c218 4d3b 
  0x0000012407bbd134: 97d8 0100 | 000f 83c5 | 1a00 004d | 8997 c801 | 0000 410f | 0d8a c000 | 0000 48c7 | 0001 0000 
  0x0000012407bbd154: ;   {metadata('java/lang/String')}
  0x0000012407bbd154: 00c7 4008 | 38a6 1600 | 4489 600c | 4c89 6010 | 4c8b 4424 | 3045 0fb6 | 5811 4488 | 5811 458b 
  0x0000012407bbd174: 500c 4489 | 500c 458b | 5814 4489 | 5814 450f | be50 1044 | 8850 104c | 8bc8 e94b | f1ff ff4c 
  0x0000012407bbd194: 8b54 2428 | 4d85 d20f | 84a3 1d00 | 0049 8bea | 498b d290 

  0x0000012407bbd1a8: ;   {optimized virtual_call}
  0x0000012407bbd1a8: c5f8 77e8 

  0x0000012407bbd1ac: ; ImmutableOopMap {rbp=Oop [32]=Oop [48]=Oop [56]=NarrowOop [72]=Oop }
                      ;*invokevirtual isEmpty {reexecute=0 rethrow=0 return_oop=0}
                      ; - java.lang.StringConcatHelper::simpleConcat@27 (line 415)
                      ; - java.lang.invoke.DirectMethodHandle$Holder::invokeStatic@11
                      ; - java.lang.invoke.LambdaForm$MH/0x0000012410084c00::invoke@21
                      ; - java.lang.invoke.Invokers$Holder::linkToTargetMethod@5
                      ; - com.byteshrink.compression.ShannonFanoCompression::generateCodes@63 (line 89)
                      ; - com.byteshrink.compression.ShannonFanoCompression::compress@22 (line 96)
  0x0000012407bbd1ac: b018 9cff 

  0x0000012407bbd1b0: ;   {post_call_nop}
  0x0000012407bbd1b0: 0f1f 8400 | 281b 0022 | 85c0 0f84 | 5510 0000 | 498b 87c8 | 0100 004c | 8bd0 4983 | c218 4d3b 
  0x0000012407bbd1d0: 97d8 0100 | 000f 834e | 1a00 004d | 8997 c801 | 0000 410f | 0d8a c000 | 0000 48c7 | 0001 0000 
  0x0000012407bbd1f0: ;   {metadata('java/lang/String')}
  0x0000012407bbd1f0: 00c7 4008 | 38a6 1600 | 4489 600c | 4c89 6010 | 4c8b 4424 | 3045 0fb6 | 5811 4488 | 5811 458b 
  0x0000012407bbd210: 500c 4489 | 500c 458b | 5814 4489 | 5814 450f | be50 1044 | 8850 104c | 8bc8 e903 | f2ff ffba 
  0x0000012407bbd230: e4ff ffff | 4889 5c24 | 2044 8954 | 2430 4489 | 5c24 344c | 896c 2438 | 894c 2440 | 4489 4424 
  0x0000012407bbd250: 4466 6690 

  0x0000012407bbd254: ;   {runtime_call UncommonTrapBlob}
  0x0000012407bbd254: c5f8 77e8 

  0x0000012407bbd258: ; ImmutableOopMap {rbp=Oop [32]=Oop [56]=Oop [64]=NarrowOop }
                      ;*aaload {reexecute=0 rethrow=0 return_oop=0}
                      ; - java.lang.Character::valueOf@10 (line 9284)
                      ; - com.byteshrink.compression.ShannonFanoCompression::compress@63 (line 99)
  0x0000012407bbd258: 048d a8ff 

  0x0000012407bbd25c: ;   {post_call_nop}
  0x0000012407bbd25c: 0f1f 8400 | d41b 0023 | 488b 5c24 | 2845 8b5d | 0c45 8bcb | 41c1 f91f | 41c1 e91d | 478d 0419 
  0x0000012407bbd27c: 4183 e0f8 | 452b c341 | 83c0 0841 | 83f8 080f | 8437 1100 | 0045 85c0 | 0f8e 3111 | 0000 33ed 
  0x0000012407bbd29c: e94e 0100 | 0047 8b5c | cc0c 458b | c341 d1f8 | 4b8d 3ccc | 4963 f041 | 81f8 0000 | 0800 0f87 
  0x0000012407bbd2bc: b819 0000 | 498b afc8 | 0100 004c | 8d14 7517 | 0000 0049 | 83e2 f848 | 8bcd 4903 | ca49 3b8f 
  0x0000012407bbd2dc: d801 0000 | 0f83 9219 | 0000 4989 | 8fc8 0100 | 000f 0d89 | c000 0000 | 48c7 4500 | 0100 0000 
  0x0000012407bbd2fc: 0f0d 8900 

  0x0000012407bbd300: ;   {metadata({type array char})}
  0x0000012407bbd300: 0100 00c7 | 4508 f06f | 1600 4489 | 450c 0f0d | 8940 0100 | 000f 0d89 | 8001 0000 | 458b d341 
  0x0000012407bbd320: 83e2 fe45 | 3bda 0f82 | 701c 0000 | 4b8d 4ccc | 1048 8bd5 | 4883 c210 | 4c8b c6c5 | f877 49ba 
  0x0000012407bbd340: 4037 5607 | 2401 0000 

  0x0000012407bbd348: ;   {post_call_nop}
  0x0000012407bbd348: 41ff d20f | 1f84 0000 | 0000 00e9 | 12f3 ffff | bade ffff | ff48 895c | 2420 4489 | 5424 3044 
  0x0000012407bbd368: 895c 2434 | 4c89 6c24 | 3889 4c24 | 4044 894c | 2444 6690 

  0x0000012407bbd37c: ;   {runtime_call UncommonTrapBlob}
  0x0000012407bbd37c: c5f8 77e8 

  0x0000012407bbd380: ; ImmutableOopMap {rbp=Oop [32]=Oop [56]=Oop [64]=NarrowOop [68]=NarrowOop }
                      ;*invokeinterface get {reexecute=0 rethrow=0 return_oop=0}
                      ; - com.byteshrink.compression.ShannonFanoCompression::compress@66 (line 99)
  0x0000012407bbd380: dc8b a8ff 

  0x0000012407bbd384: ;   {post_call_nop}
  0x0000012407bbd384: 0f1f 8400 | fc1c 0024 | bacc ffff | ff48 8b6c | 2428 448b | 4c24 3c44 | 894c 2428 | 448b 5c24 
  0x0000012407bbd3a4: 3844 895c | 242c 448b | 5c24 5044 | 895c 2448 | 895c 244c | 897c 2450 | 4489 5424 | 5444 8944 
  0x0000012407bbd3c4: 2458 6690 

  0x0000012407bbd3c8: ;   {runtime_call UncommonTrapBlob}
  0x0000012407bbd3c8: c5f8 77e8 

  0x0000012407bbd3cc: ; ImmutableOopMap {rbp=Oop [32]=Oop [48]=Oop [76]=NarrowOop [80]=NarrowOop }
                      ;*invokestatic arraycopy {reexecute=0 rethrow=0 return_oop=0}
                      ; - java.lang.String::getBytes@22 (line 4810)
                      ; - java.lang.AbstractStringBuilder::putStringAt@15 (line 1764)
                      ; - java.lang.AbstractStringBuilder::append@30 (line 592)
                      ; - java.lang.StringBuilder::append@2 (line 179)
                      ; - com.byteshrink.compression.ShannonFanoCompression::compress@74 (line 99)
  0x0000012407bbd3cc: 908b a8ff 

  0x0000012407bbd3d0: ;   {post_call_nop}
  0x0000012407bbd3d0: 0f1f 8400 | 481d 0025 | 0f1f 8400 | 0000 0000 | 488b 5c24 | 204c 8b6c | 2428 448b | 4424 3044 
  0x0000012407bbd3f0: 8944 2430 | 4c89 6c24 | 2848 895c | 2420 498b | d541 b830 | 0000 0090 

  0x0000012407bbd408: ;   {optimized virtual_call}
  0x0000012407bbd408: c5f8 77e8 

  0x0000012407bbd40c: ; ImmutableOopMap {[32]=Oop [40]=Oop }
                      ;*invokevirtual append {reexecute=0 rethrow=0 return_oop=1}
                      ; - com.byteshrink.compression.ShannonFanoCompression::compress@119 (line 104)
  0x0000012407bbd40c: 5016 9cff 

  0x0000012407bbd410: ;   {post_call_nop}
  0x0000012407bbd410: 0f1f 8400 | 881d 0026 | ffc5 3b6c | 2430 7cc0 | 4c8b 5424 | 2845 8b42 | 0c45 8bc8 | 41c1 f91f 
  0x0000012407bbd430: 41c1 e91d | 488b 5c24 | 204c 8954 | 2468 458b | d844 8b53 | 1448 895c | 2420 4503 | d949 8bd2 
  0x0000012407bbd450: 48c1 e203 | 41c1 fb03 | 4489 5c24 | 2848 8beb | 6690 c5f8 | 7748 b880 | bb06 5424 

  0x0000012407bbd46c: ;   {virtual_call}
  0x0000012407bbd46c: 0100 00e8 

  0x0000012407bbd470: ; ImmutableOopMap {rbp=Oop [32]=Oop [104]=Oop }
                      ;*invokeinterface size {reexecute=0 rethrow=0 return_oop=0}
                      ; - com.byteshrink.compression.ShannonFanoCompression::getHeaderSize@5 (line 117)
                      ; - com.byteshrink.compression.ShannonFanoCompression::compress@141 (line 106)
  0x0000012407bbd470: ec18 9cff 

  0x0000012407bbd474: ;   {post_call_nop}
  0x0000012407bbd474: 0f1f 8400 | ec1d 0027 | 8d2c 8003 | 6c24 2844 | 8d5d 0544 | 895c 2440 | 4181 fb00 | 0010 000f 
  0x0000012407bbd494: 87b4 1700 | 004d 8b87 | c801 0000 | 458b d349 | 63ca 4883 | c117 4c8b | d149 83e2 | f84d 8bd8 
  0x0000012407bbd4b4: 4d03 da4d | 3b9f d801 | 0000 0f83 | 8917 0000 | 4d89 9fc8 | 0100 0041 | 0f0d 8bc0 | 0000 0049 
  0x0000012407bbd4d4: c700 0100 | 0000 410f | 0d8b 0001 

  0x0000012407bbd4e0: ;   {metadata({type array byte})}
  0x0000012407bbd4e0: 0000 41c7 | 4008 0876 | 1600 448b | 4c24 4045 | 8948 0c41 | 0f0d 8b40 | 0100 0049 | 8bf8 4883 
  0x0000012407bbd500: c710 410f | 0d8b 8001 | 0000 48c1 | e903 4883 | c1fe 4833 | c048 83f9 | 087f 1048 | ffc9 784f 
  0x0000012407bbd520: 4889 04cf | 48ff c97d | f7eb 44c5 | fdef c0e9 | 0d00 0000 | c5fe 7f07 | c5fe 7f47 | 2048 83c7 
  0x0000012407bbd540: 4048 83e9 | 087d ed48 | 83c1 047c | 0cc5 fe7f | 0748 83c7 | 2048 83e9 | 0448 83c1 | 047e 1048 
  0x0000012407bbd560: ffc9 c5f9 | d607 4883 | c708 48ff | c97d f34d | 8bd0 4c89 | 5424 3883 | fdfb 0f84 | dc19 0000 
  0x0000012407bbd580: 448b 5c24 | 3045 885a | 104c 8b54 | 2420 4c89 | 5424 5045 | 8b5a 1449 | 8bd3 48c1 | e203 498b 
  0x0000012407bbd5a0: ea90 c5f8 | 7748 b8a8 | bb06 5424 

  0x0000012407bbd5ac: ;   {virtual_call}
  0x0000012407bbd5ac: 0100 00e8 

  0x0000012407bbd5b0: ; ImmutableOopMap {rbp=Oop [56]=Oop [80]=Oop [104]=Oop }
                      ;*invokeinterface size {reexecute=0 rethrow=0 return_oop=0}
                      ; - com.byteshrink.compression.ShannonFanoCompression::writeHeader@14 (line 123)
                      ; - com.byteshrink.compression.ShannonFanoCompression::compress@154 (line 107)
  0x0000012407bbd5b0: ac17 9cff 

  0x0000012407bbd5b4: ;   {post_call_nop}
  0x0000012407bbd5b4: 0f1f 8400 | 2c1f 0028 | 8be8 c1fd | 1844 8b5c | 2440 4183 | fb04 0f86 | a819 0000 | 4c8b 5c24 
  0x0000012407bbd5d4: 3841 886b | 114c 8b5c | 2450 458b | 4314 448b | d841 c1fb | 0849 8bd0 | 48c1 e203 | 448b c841 
  0x0000012407bbd5f4: c1f9 104c | 8b44 2438 | 4588 4812 | 4588 5813 | 4188 4014 | 488b 6c24 | 504d 8bd0 | 4c89 5424 
  0x0000012407bbd614: 3090 c5f8 | 7748 b8d0 | bb06 5424 

  0x0000012407bbd620: ;   {virtual_call}
  0x0000012407bbd620: 0100 00e8 

  0x0000012407bbd624: ; ImmutableOopMap {rbp=Oop [48]=Oop [56]=Oop [104]=Oop }
                      ;*invokeinterface entrySet {reexecute=0 rethrow=0 return_oop=1}
                      ; - com.byteshrink.compression.ShannonFanoCompression::writeHeader@70 (line 128)
                      ; - com.byteshrink.compression.ShannonFanoCompression::compress@154 (line 107)
  0x0000012407bbd624: 3817 9cff 

  0x0000012407bbd628: ;   {post_call_nop}
  0x0000012407bbd628: 0f1f 8400 | a01f 0029 | 488b d066 | 6690 c5f8 | 7748 b8f8 | bb06 5424 

  0x0000012407bbd640: ;   {virtual_call}
  0x0000012407bbd640: 0100 00e8 

  0x0000012407bbd644: ; ImmutableOopMap {rbp=Oop [48]=Oop [104]=Oop }
                      ;*invokeinterface iterator {reexecute=0 rethrow=0 return_oop=1}
                      ; - com.byteshrink.compression.ShannonFanoCompression::writeHeader@75 (line 128)
                      ; - com.byteshrink.compression.ShannonFanoCompression::compress@154 (line 107)
  0x0000012407bbd644: 1817 9cff 

  0x0000012407bbd648: ;   {post_call_nop}
  0x0000012407bbd648: 0f1f 8400 | c01f 002a | 4c8b 5424 | 304c 8954 | 2448 448b | 5c24 4044 | 895c 2428 | 4889 6c24 
  0x0000012407bbd668: 2048 8944 | 2430 488b | d090 c5f8 | 7748 b820 | bc06 5424 

  0x0000012407bbd67c: ;   {virtual_call}
  0x0000012407bbd67c: 0100 00e8 

  0x0000012407bbd680: ; ImmutableOopMap {rbp=Oop [32]=Oop [48]=Oop [72]=Oop [104]=Oop }
                      ;*invokeinterface hasNext {reexecute=0 rethrow=0 return_oop=0}
                      ; - com.byteshrink.compression.ShannonFanoCompression::writeHeader@179 (line 128)
                      ; - com.byteshrink.compression.ShannonFanoCompression::compress@154 (line 107)
  0x0000012407bbd680: dc16 9cff 

  0x0000012407bbd684: ;   {post_call_nop}
  0x0000012407bbd684: 0f1f 8400 | fc1f 002b | 85c0 0f84 | ec01 0000 | 41bb 0500 | 0000 e923 | 0100 0090 | 4c89 5424 
  0x0000012407bbd6a4: 3844 8b54 | 242c 458d | 5a01 4489 | 5c24 4048 | 8b54 2438 | 6690 c5f8 | 7748 b848 | bc06 5424 
  0x0000012407bbd6c4: ;   {virtual_call}
  0x0000012407bbd6c4: 0100 00e8 

  0x0000012407bbd6c8: ; ImmutableOopMap {rbp=Oop [32]=Oop [48]=Oop [56]=Oop [72]=Oop [104]=Oop }
                      ;*invokeinterface getKey {reexecute=0 rethrow=0 return_oop=1}
                      ; - com.byteshrink.compression.ShannonFanoCompression::writeHeader@104 (line 129)
                      ; - com.byteshrink.compression.ShannonFanoCompression::compress@154 (line 107)
  0x0000012407bbd6c8: 9416 9cff 

  0x0000012407bbd6cc: ;   {post_call_nop}
  0x0000012407bbd6cc: 0f1f 8400 | 4420 002c | 4c8b d044 

  0x0000012407bbd6d8: ;   {metadata('java/lang/Character')}
  0x0000012407bbd6d8: 8b58 0841 | 81fb b8b4 | 1800 0f85 | ec17 0000 | 450f b75a | 0c44 8b54 | 242c 443b | 5424 280f 
  0x0000012407bbd6f8: 837f 1700 | 004c 8b44 | 2448 4788 | 5c10 1048 | 8b54 2438 | 6690 c5f8 | 7748 b870 | bc06 5424 
  0x0000012407bbd718: ;   {virtual_call}
  0x0000012407bbd718: 0100 00e8 

  0x0000012407bbd71c: ; ImmutableOopMap {rbp=Oop [32]=Oop [48]=Oop [72]=Oop [104]=Oop }
                      ;*invokeinterface getValue {reexecute=0 rethrow=0 return_oop=1}
                      ; - com.byteshrink.compression.ShannonFanoCompression::writeHeader@119 (line 130)
                      ; - com.byteshrink.compression.ShannonFanoCompression::compress@154 (line 107)
  0x0000012407bbd71c: 4016 9cff 

  0x0000012407bbd720: ;   {post_call_nop}
  0x0000012407bbd720: 0f1f 8400 | 9820 002d | 4c8b d044 

  0x0000012407bbd72c: ;   {metadata('java/lang/Integer')}
  0x0000012407bbd72c: 8b58 0841 | 81fb c830 | 1900 0f85 | b017 0000 | 458b 420c | 448b 4c24 | 2c41 83c1 | 0445 8bd0 
  0x0000012407bbd74c: 41c1 fa18 | 443b 4c24 | 280f 8341 | 1700 0045 | 8bd8 41c1 | fb08 8b6c | 242c 83c5 | 054c 634c 
  0x0000012407bbd76c: 242c 488b | 4c24 4846 | 8854 0911 | 458b d041 | c1fa 1046 | 8854 0912 | 4688 5c09 | 1346 8844 
  0x0000012407bbd78c: 0914 488b | 5424 3066 | 6690 c5f8 | 7748 b898 | bc06 5424 

  0x0000012407bbd7a0: ;   {virtual_call}
  0x0000012407bbd7a0: 0100 00e8 

  0x0000012407bbd7a4: ; ImmutableOopMap {[32]=Oop [48]=Oop [72]=Oop [104]=Oop }
                      ;*invokeinterface hasNext {reexecute=0 rethrow=0 return_oop=0}
                      ; - com.byteshrink.compression.ShannonFanoCompression::writeHeader@179 (line 128)
                      ; - com.byteshrink.compression.ShannonFanoCompression::compress@154 (line 107)
  0x0000012407bbd7a4: b815 9cff 

  0x0000012407bbd7a8: ;   {post_call_nop}
  0x0000012407bbd7a8: 0f1f 8400 | 2021 002e 

  0x0000012407bbd7b0: ; ImmutableOopMap {[32]=Oop [48]=Oop [72]=Oop [104]=Oop }
                      ;*ifne {reexecute=1 rethrow=0 return_oop=0}
                      ; - (reexecute) com.byteshrink.compression.ShannonFanoCompression::writeHeader@184 (line 128)
                      ; - com.byteshrink.compression.ShannonFanoCompression::compress@154 (line 107)
  0x0000012407bbd7b0: 4d8b 5730 

  0x0000012407bbd7b4: ;   {poll}
  0x0000012407bbd7b4: 4185 0285 | c00f 84c1 | 0000 0044 | 8bdd 4489 | 5c24 2c48 | 8b54 2430 | 488b 6c24 | 2090 c5f8 
  0x0000012407bbd7d4: 7748 b8c0 | bc06 5424 

  0x0000012407bbd7dc: ;   {virtual_call}
  0x0000012407bbd7dc: 0100 00e8 

  0x0000012407bbd7e0: ; ImmutableOopMap {rbp=Oop [32]=Oop [48]=Oop [72]=Oop [104]=Oop }
                      ;*invokeinterface next {reexecute=0 rethrow=0 return_oop=1}
                      ; - com.byteshrink.compression.ShannonFanoCompression::writeHeader@87 (line 128)
                      ; - com.byteshrink.compression.ShannonFanoCompression::compress@154 (line 107)
  0x0000012407bbd7e0: 7c15 9cff 

  0x0000012407bbd7e4: ;   {post_call_nop}
  0x0000012407bbd7e4: 0f1f 8400 | 5c21 0030 | 4c8b d044 | 8b40 0848 | be00 0000 | 0f24 0100 | 0049 03f0 | 4c8b 5e20 
  0x0000012407bbd804: ;   {metadata('java/util/Map$Entry')}
  0x0000012407bbd804: 49b8 18ef | 160f 2401 | 0000 4d3b | d80f 8489 

  0x0000012407bbd814: ;   {metadata('java/util/Map$Entry')}
  0x0000012407bbd814: feff ff48 | b818 ef16 | 0f24 0100 | 0048 33ff | 4c8b 9ea0 | 0000 0049 | 8bd3 48c1 | e21c 0f89 
  0x0000012407bbd834: 2100 0000 | f348 0fb8 | d248 8b5e | 2848 3b04 | d374 1549 | 0fba e324 | 730b 49c1 

  0x0000012407bbd850: ;   {runtime_call StubRoutines (compiler stubs)}
  0x0000012407bbd850: cb23 e880 | a7a7 ffeb | 0348 ffc7 | 4885 ff0f | 843b feff | ffba deff | ffff 498b | ea66 6690 
  0x0000012407bbd870: ;   {runtime_call UncommonTrapBlob}
  0x0000012407bbd870: c5f8 77e8 

  0x0000012407bbd874: ; ImmutableOopMap {rbp=Oop }
                      ;*checkcast {reexecute=0 rethrow=0 return_oop=0}
                      ; - com.byteshrink.compression.ShannonFanoCompression::writeHeader@92 (line 128)
                      ; - com.byteshrink.compression.ShannonFanoCompression::compress@154 (line 107)
  0x0000012407bbd874: e886 a8ff 

  0x0000012407bbd878: ;   {post_call_nop}
  0x0000012407bbd878: 0f1f 8400 | f021 0031 | 4c8b 5424 | 2045 8b52 | 1449 8bd2 | 48c1 e203 | 6690 c5f8 | 7748 b8e8 
  0x0000012407bbd898: bc06 5424 

  0x0000012407bbd89c: ;   {virtual_call}
  0x0000012407bbd89c: 0100 00e8 

  0x0000012407bbd8a0: ; ImmutableOopMap {[72]=Oop [104]=Oop }
                      ;*invokeinterface size {reexecute=0 rethrow=0 return_oop=0}
                      ; - com.byteshrink.compression.ShannonFanoCompression::getHeaderSize@5 (line 117)
                      ; - com.byteshrink.compression.ShannonFanoCompression::compress@158 (line 108)
  0x0000012407bbd8a0: bc14 9cff 

  0x0000012407bbd8a4: ;   {post_call_nop}
  0x0000012407bbd8a4: 0f1f 8400 | 1c22 0032 | 4c8b 5424 | 6845 8b4a | 0c45 85c9 | 0f8e 660d | 0000 448d | 5c80 0545 
  0x0000012407bbd8c4: 33c0 b808 | 0000 00e9 | 8501 0000 | 4c8b 5424 | 2044 8b5c | 2444 8b5c | 2438 894c | 2454 4489 
  0x0000012407bbd8e4: 4c24 3c89 | 5c24 3848 | 897c 2430 | 4489 4424 | 5044 895c | 2444 4c89 

  0x0000012407bbd8fc: ;   {metadata({type array byte})}
  0x0000012407bbd8fc: 5424 2048 | ba08 7616 | 0f24 0100 | 0045 8bc1 

  0x0000012407bbd90c: ;   {runtime_call C2 Runtime new_array_nozero}
  0x0000012407bbd90c: c5f8 77e8 

  0x0000012407bbd910: ; ImmutableOopMap {[32]=Oop [48]=Oop [56]=NarrowOop [72]=Oop }
                      ;*newarray {reexecute=0 rethrow=0 return_oop=1}
                      ; - java.util.Arrays::copyOfRange@59 (line 3849)
                      ; - java.lang.StringLatin1::newString@16 (line 856)
                      ; - java.lang.AbstractStringBuilder::substring@28 (line 1091)
                      ; - java.lang.StringBuilder::substring@3 (line 91)
                      ; - com.byteshrink.compression.ShannonFanoCompression::compress@177 (line 110)
  0x0000012407bbd910: ccbd a8ff 

  0x0000012407bbd914: ;   {post_call_nop}
  0x0000012407bbd914: 0f1f 8400 | 8c22 0033 | 488b d88b | 4c24 54e9 | 9302 0000 | 0f1f 8400 | 0000 0000 | 452b d344 
  0x0000012407bbd934: 8954 2460 | 458b c14c | 8b54 2430 | 458b 4a14 | 458d 5001 | 4489 5424 | 384c 8b54 | 2430 4180 
  0x0000012407bbd954: 7a10 000f | 8593 0300 | 0047 8b5c | cc0c 453b | c30f 83e5 | 0a00 004f | 8d14 cc43 | 0fb6 4402 
  0x0000012407bbd974: 1045 33d2 

  0x0000012407bbd978: ;   {oop(a 'java/lang/CharacterDataLatin1'{0x0000000704911208})}
  0x0000012407bbd978: 4585 d249 | b808 1291 | 0407 0000 

  0x0000012407bbd984: ;   {oop(a 'java/lang/CharacterData00'{0x00000007051f21e8})}
  0x0000012407bbd984: 0049 bae8 | 211f 0507 | 0000 004d | 0f45 c245 

  0x0000012407bbd994: ;   {metadata('java/lang/CharacterDataLatin1')}
  0x0000012407bbd994: 8b58 0841 | 81fb 7801 | 1800 0f85 | f40a 0000 | 3d00 0100 | 000f 832b 

  0x0000012407bbd9ac: ;   {oop([B{0x0000000704911230})}
  0x0000012407bbd9ac: 0a00 0049 | ba30 1291 | 0407 0000 | 0045 0fbe | 5c02 1045 | 85db 0f8c | c80b 0000 | 4183 fb02 
  0x0000012407bbd9cc: 0f8d 460a | 0000 448b | 4424 6041 | 81f8 0100 | 00c0 0f8e | ec0b 0000 | 448b 5424 | 6041 d1e2 
  0x0000012407bbd9ec: 448b 4c24 | 3844 3b4c | 2458 0f8c | 34ff ffff | 458b c144 | 3b44 2458 | 0f85 aa0f | 0000 452b 
  0x0000012407bbda0c: da44 8b54 | 2444 443b | 5424 280f | 8395 0c00 | 004c 8b44 | 2448 4788 | 5c10 104c | 8b54 2420 
  0x0000012407bbda2c: 458b 4a0c 

  0x0000012407bbda30: ; ImmutableOopMap {r10=Oop r8=Oop [32]=Oop [72]=Oop }
                      ;*if_icmplt {reexecute=1 rethrow=0 return_oop=0}
                      ; - (reexecute) com.byteshrink.compression.ShannonFanoCompression::compress@206 (line 109)
  0x0000012407bbda30: 4d8b 5f30 

  0x0000012407bbda34: ;   {poll}
  0x0000012407bbda34: 4185 038b | 5c24 2c41 | 3bd9 0f8d | e50b 0000 | 8b44 242c | 83c0 0844 | 8b5c 2454 | 448b 4424 
  0x0000012407bbda54: 2c45 85c0 | 0f8c 620d | 0000 443b | c00f 8ffd | 0d00 0041 | 3bc1 0f8f | 340e 0000 | 450f be4a 
  0x0000012407bbda74: 1045 85c9 | 0f85 7e0d | 0000 498b | bfc8 0100 | 0041 8b5a | 144c 8bcf | 4983 c118 | 4d3b 8fd8 
  0x0000012407bbda94: 0100 000f | 83ce 0300 | 004d 898f | c801 0000 | 410f 0d89 | c000 0000 | 48c7 0701 

  0x0000012407bbdab0: ;   {metadata('java/lang/String')}
  0x0000012407bbdab0: 0000 00c7 | 4708 38a6 | 1600 4489 | 670c 4c89 | 6710 4585 | c075 1541 | 8b4c dc0c | 3bc1 0f84 
  0x0000012407bbdad0: bd02 0000 | 458d 4808 | 33c9 eb09 | 41b9 0800 | 0000 418b | c845 85c9 | 0f8c 860e | 0000 418b 
  0x0000012407bbdaf0: 74dc 0c85 | c90f 8c4b | 0c00 008b | ee2b e941 | 3be9 410f | 4fe9 448d | 2c29 413b | f50f 8233 
  0x0000012407bbdb10: 0c00 0044 | 3bcd 0f82 | 2a0c 0000 | 85ed 0f8c | 220c 0000 | 418b d148 | 63d2 4883 | c217 4181 
  0x0000012407bbdb30: f900 0010 | 000f 87fd | 0b00 0048 | 8954 2458 | 4489 4c24 | 3c89 5c24 | 3848 897c | 2430 8944 
  0x0000012407bbdb50: 242c 4489 | 4424 5044 | 895c 2444 | 4c89 5424 | 2049 8b9f | c801 0000 | 4c8b d249 | 83e2 f84c 
  0x0000012407bbdb70: 8bdb 4d03 | da4d 3b9f | d801 0000 | 0f83 4efd | ffff 4d89 | 9fc8 0100 | 0041 0f0d | 8bc0 0000 
  0x0000012407bbdb90: 0048 c703 | 0100 0000 | 410f 0d8b | 0001 0000 

  0x0000012407bbdba0: ;   {metadata({type array byte})}
  0x0000012407bbdba0: c743 0808 | 7616 0044 | 894b 0c41 | 0f0d 8b40 | 0100 0041 | 0f0d 8b80 | 0100 004c | 8bdb 4983 
  0x0000012407bbdbc0: c310 4c8b | 5424 5849 | c1ea 0385 | ed0f 84f9 | 0a00 004d | 8bcb 4c63 | c544 8b5c | 2438 49c1 
  0x0000012407bbdbe0: e303 4d8d | 5c0b 103b | 6c24 3c0f | 8c23 0100 | 0049 8bcb | 498b d1c5 | f877 49ba | 6036 5607 
  0x0000012407bbdc00: 2401 0000 

  0x0000012407bbdc04: ;   {post_call_nop}
  0x0000012407bbdc04: 41ff d20f | 1f84 0000 | 0000 004c | 8b54 2430 | 4588 6210 | 448b 530c | 448b 4424 | 4441 ffc0 
  0x0000012407bbdc24: 4489 4424 | 5448 8b4c | 2430 4c8d | 5914 4180 | 7f48 000f | 85a4 2000 | 004c 8bc3 | 49c1 e803 
  0x0000012407bbdc44: 4589 034d | 8bcb 4c33 | cb49 c1e9 | 150f 841e | 0000 004d | 8bcb 49c1 | e909 49b8 | 00c0 ea74 
  0x0000012407bbdc64: 2401 0000 | 4d03 c841 | 8039 020f | 85d4 2000 | 0045 85d2 | 0f86 660c | 0000 0fb6 | 4b10 83f9 
  0x0000012407bbdc84: 2d0f 8479 | 0c00 0083 | f92b 0f84 | a80c 0000 

  0x0000012407bbdc94: ;   {oop([B{0x0000000704911230})}
  0x0000012407bbdc94: 49bb 3012 | 9104 0700 | 0000 410f | be6c 0b10 | 85ed 0f8c | 840b 0000 | 83fd 020f | 8d6b 0300 
  0x0000012407bbdcb4: 0044 0fb6 | dd41 83fa | 017e 1c41 | f7db 41b8 | 0100 0000 | 4489 5424 | 5889 4c24 | 6444 895c 
  0x0000012407bbdcd4: 2460 e960 | fcff ff41 | 83fa 010f | 8428 fdff | ff41 b801 | 0000 00e9 | c90c 0000 | 498b d148 
  0x0000012407bbdcf4: c1e2 0390 

  0x0000012407bbdcf8: ;   {static_call}
  0x0000012407bbdcf8: c5f8 77e8 

  0x0000012407bbdcfc: ; ImmutableOopMap {[32]=Oop [48]=Oop [72]=Oop }
                      ;*invokestatic charAt {reexecute=0 rethrow=0 return_oop=0}
                      ; - java.lang.String::charAt@21 (line 1618)
                      ; - java.lang.Integer::parseInt@189 (line 555)
                      ; - com.byteshrink.compression.ShannonFanoCompression::compress@192 (line 111)
  0x0000012407bbdcfc: 6013 9cff 

  0x0000012407bbdd00: ;   {post_call_nop}
  0x0000012407bbdd00: 0f1f 8400 | 7826 0035 | 448b d041 | c1ea 08e9 | 64fc ffff | 498d 4810 | 488b d148 | 83e2 f848 
  0x0000012407bbdd20: 8bfb 4803 | fa48 c1e9 | 034c 2bd1 | 498b ca48 | 33c0 4883 | f908 7f10 | 48ff c978 | 4f48 8904 
  0x0000012407bbdd40: cf48 ffc9 | 7df7 eb44 | c5fd efc0 | e90d 0000 | 00c5 fe7f | 07c5 fe7f | 4720 4883 | c740 4883 
  0x0000012407bbdd60: e908 7ded | 4883 c104 | 7c0c c5fe | 7f07 4883 | c720 4883 | e904 4883 | c104 7e10 | 48ff c9c5 
  0x0000012407bbdd80: f9d6 0748 | 83c7 0848 | ffc9 7df3 | e960 feff | ff48 63d1 | 498d 2cdc | 81f9 0000 | 1000 0f87 
  0x0000012407bbdda0: 600d 0000 | 4889 5424 | 5844 8bc9 | 895c 2438 | 4889 7c24 | 3089 4424 | 2c44 8944 | 2450 4489 
  0x0000012407bbddc0: 5c24 444c | 8954 2420 | 4d8b 97c8 | 0100 004d | 8bda 4c8d | 5217 4983 | e2f8 4d8b | c34d 03c2 
  0x0000012407bbdde0: 4d3b 87d8 | 0100 000f | 833b 0d00 | 004d 8987 | c801 0000 | 410f 0d88 | c000 0000 

  0x0000012407bbddfc: ;   {no_reloc}
  0x0000012407bbddfc: 4d8b d349 | c702 0100 | 0000 410f | 0d88 0001 

  0x0000012407bbde0c: ;   {metadata({type array byte})}
  0x0000012407bbde0c: 0000 41c7 | 4208 0876 | 1600 4189 | 4b0c 410f | 0d88 4001 | 0000 410f | 0d88 8001 | 0000 448b 
  0x0000012407bbde2c: 5424 384b | 8d4c d410 | 498b d348 | 83c2 1049 | 8bdb 4c8b | 5424 5849 | 83c2 0749 | c1ea 034d 
  0x0000012407bbde4c: 8bc2 c5f8 | 7749 ba20 | 3c56 0724 | 0100 0041 

  0x0000012407bbde5c: ;   {post_call_nop}
  0x0000012407bbde5c: ffd2 0f1f | 8400 0000 | 0000 e9a4 | fdff ff89 | 5c24 3089 | 4424 2c44 | 8944 2424 | 4489 5c24 
  0x0000012407bbde7c: 2049 8bea 

  0x0000012407bbde80: ;   {metadata('java/lang/String')}
  0x0000012407bbde80: 48ba 38a6 | 160f 2401 | 0000 6690 

  0x0000012407bbde8c: ;   {runtime_call C2 Runtime new_instance}
  0x0000012407bbde8c: c5f8 77e8 

  0x0000012407bbde90: ; ImmutableOopMap {rbp=Oop [48]=NarrowOop [72]=Oop }
                      ;*new {reexecute=0 rethrow=0 return_oop=1}
                      ; - java.lang.StringLatin1::newString@7 (line 856)
                      ; - java.lang.AbstractStringBuilder::substring@28 (line 1091)
                      ; - java.lang.StringBuilder::substring@3 (line 91)
                      ; - com.byteshrink.compression.ShannonFanoCompression::compress@177 (line 110)
  0x0000012407bbde90: ccce a8ff 

  0x0000012407bbde94: ;   {post_call_nop}
  0x0000012407bbde94: 0f1f 8400 | 0c28 0036 | 4c8b c84c | 8bd5 448b | 5c24 2044 | 8b44 2424 | 8b44 242c | 498b f98b 
  0x0000012407bbdeb4: 5c24 30e9 | 06fc ffff | ba4d ffff | ff48 895c | 2420 4489 | 5424 3044 | 895c 2434 | 4c89 6c24 
  0x0000012407bbded4: 3889 4c24 | 4066 6690 

  0x0000012407bbdedc: ;   {runtime_call UncommonTrapBlob}
  0x0000012407bbdedc: c5f8 77e8 

  0x0000012407bbdee0: ; ImmutableOopMap {rbp=Oop [32]=Oop [56]=Oop }
                      ;*ifle {reexecute=1 rethrow=0 return_oop=0}
                      ; - (reexecute) java.util.HashMap::getNode@14 (line 576)
                      ; - java.util.HashMap::get@2 (line 565)
                      ; - com.byteshrink.compression.ShannonFanoCompression::compress@66 (line 99)
  0x0000012407bbdee0: 7c80 a8ff 

  0x0000012407bbdee4: ;   {post_call_nop}
  0x0000012407bbdee4: 0f1f 8400 | 5c28 0037 | ba4d ffff | ff48 8b6c | 2428 448b | 4424 3c44 | 8944 2428 | 448b 5c24 
  0x0000012407bbdf04: 3844 895c | 242c 448b | 5c24 5044 | 895c 2448 | 4c8b 5c24 | 584c 895c | 2450 897c | 244c 894c 
  0x0000012407bbdf24: 2458 4489 | 5424 5c44 | 894c 2460 

  0x0000012407bbdf30: ;   {runtime_call UncommonTrapBlob}
  0x0000012407bbdf30: c5f8 77e8 

  0x0000012407bbdf34: ; ImmutableOopMap {rbp=Oop [32]=Oop [48]=Oop [76]=NarrowOop [80]=Oop }
                      ;*if_icmpne {reexecute=1 rethrow=0 return_oop=0}
                      ; - (reexecute) java.lang.String::getBytes@5 (line 4809)
                      ; - java.lang.AbstractStringBuilder::putStringAt@15 (line 1764)
                      ; - java.lang.AbstractStringBuilder::append@30 (line 592)
                      ; - java.lang.StringBuilder::append@2 (line 179)
                      ; - com.byteshrink.compression.ShannonFanoCompression::compress@74 (line 99)
  0x0000012407bbdf34: 2880 a8ff 

  0x0000012407bbdf38: ;   {post_call_nop}
  0x0000012407bbdf38: 0f1f 8400 | b028 0038 | baf4 ffff | ff48 895c | 2420 4489 | 5424 3044 | 895c 2434 | 4c89 6c24 
  0x0000012407bbdf58: 3866 6690 

  0x0000012407bbdf5c: ;   {runtime_call UncommonTrapBlob}
  0x0000012407bbdf5c: c5f8 77e8 

  0x0000012407bbdf60: ; ImmutableOopMap {rbp=Oop [32]=Oop [56]=Oop }
                      ;*checkcast {reexecute=0 rethrow=0 return_oop=0}
                      ; - com.byteshrink.compression.ShannonFanoCompression::compress@71 (line 99)
  0x0000012407bbdf60: fc7f a8ff 

  0x0000012407bbdf64: ;   {post_call_nop}
  0x0000012407bbdf64: 0f1f 8400 | dc28 0039 | ba4d ffff | ff48 895c | 2420 4489 | 5424 3044 | 895c 2434 | 4c89 6c24 
  0x0000012407bbdf84: 3844 894c | 2440 897c | 2444 4489 | 4424 4890 

  0x0000012407bbdf94: ;   {runtime_call UncommonTrapBlob}
  0x0000012407bbdf94: c5f8 77e8 

  0x0000012407bbdf98: ; ImmutableOopMap {rbp=Oop [32]=Oop [56]=Oop [64]=NarrowOop [68]=NarrowOop }
                      ;*ifeq {reexecute=1 rethrow=0 return_oop=0}
                      ; - (reexecute) java.util.HashMap::getNode@85 (line 582)
                      ; - java.util.HashMap::get@2 (line 565)
                      ; - com.byteshrink.compression.ShannonFanoCompression::compress@66 (line 99)
  0x0000012407bbdf98: c47f a8ff 

  0x0000012407bbdf9c: ;   {post_call_nop}
  0x0000012407bbdf9c: 0f1f 8400 | 1429 003a | ba4d ffff | ff48 895c | 2420 4489 | 5424 3044 | 895c 2434 | 4c89 6c24 
  0x0000012407bbdfbc: 3889 4c24 | 4044 8944 | 2448 6690 

  0x0000012407bbdfc8: ;   {runtime_call UncommonTrapBlob}
  0x0000012407bbdfc8: c5f8 77e8 

  0x0000012407bbdfcc: ; ImmutableOopMap {rbp=Oop [32]=Oop [56]=Oop [64]=NarrowOop }
                      ;*if_icmpgt {reexecute=1 rethrow=0 return_oop=0}
                      ; - (reexecute) java.lang.Character::valueOf@3 (line 9283)
                      ; - com.byteshrink.compression.ShannonFanoCompression::compress@63 (line 99)
  0x0000012407bbdfcc: 907f a8ff 

  0x0000012407bbdfd0: ;   {post_call_nop}
  0x0000012407bbdfd0: 0f1f 8400 | 4829 003b | ba4d ffff | ff48 8b6c | 2428 448b | 4424 3c44 | 8944 2428 | 448b 5c24 
  0x0000012407bbdff0: 3844 895c | 242c 448b | 5c24 5044 | 895c 2448 | 894c 244c | 4489 4c24 | 6844 8954 | 246c 6690 
  0x0000012407bbe010: ;   {runtime_call UncommonTrapBlob}
  0x0000012407bbe010: c5f8 77e8 

  0x0000012407bbe014: ; ImmutableOopMap {rbp=Oop [32]=Oop [48]=Oop [88]=Oop }
                      ;*if_icmpeq {reexecute=1 rethrow=0 return_oop=0}
                      ; - (reexecute) java.lang.AbstractStringBuilder::inflateIfNeededFor@14 (line 1746)
                      ; - java.lang.AbstractStringBuilder::putStringAt@2 (line 1763)
                      ; - java.lang.AbstractStringBuilder::append@30 (line 592)
                      ; - java.lang.StringBuilder::append@2 (line 179)
                      ; - com.byteshrink.compression.ShannonFanoCompression::compress@74 (line 99)
  0x0000012407bbe014: 487f a8ff 

  0x0000012407bbe018: ;   {post_call_nop}
  0x0000012407bbe018: 0f1f 8400 | 9029 003c | 41b8 0200 | 0000 488b | 6c24 2048 | 8b54 2430 

  0x0000012407bbe030: ;   {static_call}
  0x0000012407bbe030: c5f8 77e8 

  0x0000012407bbe034: ; ImmutableOopMap {rbp=Oop [72]=Oop }
                      ;*invokestatic forInputString {reexecute=0 rethrow=0 return_oop=1}
                      ; - java.lang.Integer::parseInt@281 (line 564)
                      ; - com.byteshrink.compression.ShannonFanoCompression::compress@192 (line 111)
  0x0000012407bbe034: 2810 9cff 

  0x0000012407bbe038: ;   {post_call_nop}
  0x0000012407bbe038: 0f1f 8400 | b029 003d | 4885 c00f | 847f 0f00 | 0048 8bd0 | eb05 eb00 | 488b d0c5 | f877 4881 
  0x0000012407bbe058: c4b0 0000 

  0x0000012407bbe05c: ;   {runtime_call C2 Runtime rethrow}
  0x0000012407bbe05c: 005d e9fd | 20a9 ff4c | 8b74 2430 | 458b 4e14 

  0x0000012407bbe06c: ; implicit exception: dispatches to 0x0000012407bbf6f8
  0x0000012407bbe06c: 478b 5ccc | 0c44 8b45 | 1447 8b54 | c40c 0fbe | 7d10 450f | be46 10c4 | c242 f7ca | 418b d80b 
  0x0000012407bbe08c: dfc4 423a | f7d3 4403 | d10f befb | c442 41f7 | ea45 85ed | 0f8c 5e11 | 0000 4181 | fd00 0010 
  0x0000012407bbe0ac: 000f 8781 | 0c00 0049 | 8bb7 c801 | 0000 458b | d54d 63d2 | 4983 c217 | 4983 e2f8 | 488b ce49 
  0x0000012407bbe0cc: 03ca 493b | 8fd8 0100 | 000f 8359 | 0c00 0049 | 898f c801 | 0000 0f0d | 89c0 0000 | 0048 c706 
  0x0000012407bbe0ec: 0100 0000 | 0f0d 8900 

  0x0000012407bbe0f4: ;   {metadata({type array byte})}
  0x0000012407bbe0f4: 0100 00c7 | 4608 0876 | 1600 4489 | 6e0c 0f0d | 8940 0100 | 000f 0d89 | 8001 0000 | 443b c70f 
  0x0000012407bbe114: 85df 0f00 | 0045 3beb | 0f82 ea0e | 0000 4585 | db76 2b48 | 8bd6 4883 | c210 4f8d | 14cc 4b8d 
  0x0000012407bbe134: 4ccc 104d | 63c3 c5f8 | 7749 ba80 | 3556 0724 | 0100 0041 

  0x0000012407bbe148: ;   {post_call_nop}
  0x0000012407bbe148: ffd2 0f1f | 8400 0000 | 0000 458b | 5614 478b | 44d4 0c45 | 0fbe 5e10 | 440f be55 | 10c4 4222 
  0x0000012407bbe168: f7c0 443b | d70f 85c1 | 0f00 008b | 4d14 458b | 4ccc 0cc4 | c241 f7e8 | 85ed 0f8c | c80e 0000 
  0x0000012407bbe188: 458d 0429 | 453b e80f | 82bb 0e00 | 0045 85c9 | 7629 488d | 542e 104d | 8d14 cc49 | 8d4c cc10 
  0x0000012407bbe1a8: 4d63 c1c5 | f877 49ba | 6036 5607 | 2401 0000 

  0x0000012407bbe1b8: ;   {post_call_nop}
  0x0000012407bbe1b8: 41ff d20f | 1f84 0000 | 0000 0049 | 8b87 c801 | 0000 4c8b | d049 83c2 | 184d 3b97 | d801 0000 
  0x0000012407bbe1d8: 0f83 c60b | 0000 4d89 | 97c8 0100 | 0041 0f0d | 8ac0 0000 | 0048 c700 | 0100 0000 

  0x0000012407bbe1f4: ;   {metadata('java/lang/String')}
  0x0000012407bbe1f4: c740 0838 | a616 004c | 8960 0c88 | 5810 4c8b | d649 c1ea | 0344 8950 | 144c 8bc8 | e9c9 e0ff 
  0x0000012407bbe214: ff48 8b5c | 2430 448b | 5b14 478b | 44dc 0c44 | 8b4d 1447 | 8b54 cc0c | 0fbe 5510 | 440f be4b 
  0x0000012407bbe234: 10c4 c26a | f7ca 418b | f90b fac4 | 4232 f7d0 | 4403 d144 | 0fbe efc4 | c211 f7f2 | 85f6 0f8c 
  0x0000012407bbe254: e40f 0000 | 81fe 0000 | 1000 0f87 | 740b 0000 | 4d8b b7c8 | 0100 0044 | 8bd6 4d63 | d249 83c2 
  0x0000012407bbe274: 1749 83e2 | f849 8bce | 4903 ca49 | 3b8f d801 | 0000 0f83 | 4c0b 0000 | 4989 8fc8 | 0100 000f 
  0x0000012407bbe294: 0d89 c000 | 0000 49c7 | 0601 0000 | 000f 0d89 | 0001 0000 

  0x0000012407bbe2a8: ;   {metadata({type array byte})}
  0x0000012407bbe2a8: 41c7 4608 | 0876 1600 | 4189 760c | 0f0d 8940 | 0100 000f | 0d89 8001 | 0000 453b | cd0f 85a5 
  0x0000012407bbe2c8: 0e00 0041 | 3bf0 0f82 | b80d 0000 | 4585 c076 | 2b49 8bd6 | 4883 c210 | 4f8d 14dc | 4b8d 4cdc 
  0x0000012407bbe2e8: 104d 63c0 | c5f8 7749 | ba80 3556 | 0724 0100 | 0041 ffd2 

  0x0000012407bbe2fc: ;   {post_call_nop}
  0x0000012407bbe2fc: 0f1f 8400 | 0000 0000 | 448b 5314 

  0x0000012407bbe308: ; implicit exception: dispatches to 0x0000012407bbf788
  0x0000012407bbe308: 478b 44d4 | 0c44 0fbe | 5b10 440f | be55 10c4 | 4222 f7c0 | 453b d50f | 857f 0e00 | 008b 4d14 
  0x0000012407bbe328: ; implicit exception: dispatches to 0x0000012407bbf7a0
  0x0000012407bbe328: 458b 5ccc | 0cc4 c211 | f7e8 85ed | 0f8c 8a0d | 0000 458d | 042b 413b | f00f 827d | 0d00 0045 
  0x0000012407bbe348: 85db 7629 | 498d 542e | 104d 8d14 | cc49 8d4c | cc10 4d63 | c3c5 f877 | 49ba 6036 | 5607 2401 
  0x0000012407bbe368: 0000 41ff 

  0x0000012407bbe36c: ;   {post_call_nop}
  0x0000012407bbe36c: d20f 1f84 | 0000 0000 | 0049 8b87 | c801 0000 | 4c8b d049 | 83c2 184d | 3b97 d801 | 0000 0f83 
  0x0000012407bbe38c: b80a 0000 | 4d89 97c8 | 0100 0041 | 0f0d 8ac0 | 0000 0048 | c700 0100 

  0x0000012407bbe3a4: ;   {metadata('java/lang/String')}
  0x0000012407bbe3a4: 0000 c740 | 0838 a616 | 004c 8960 | 0c40 8878 | 104d 8bd6 | 49c1 ea03 | 4489 5014 | 4c8b c8e9 
  0x0000012407bbe3c4: 6ae0 ffff | 4533 c04c | 896c 2468 | 4489 4424 | 30e9 67f0 | ffff bae4 | ffff ff48 | 8b6c 2420 
  0x0000012407bbe3e4: 4c8b 5424 | 304c 8954 | 2420 448b | 5c24 3844 | 895c 242c | 8944 2434 | 448b 5c24 | 5444 895c 
  0x0000012407bbe404: 2440 6690 

  0x0000012407bbe408: ;   {runtime_call UncommonTrapBlob}
  0x0000012407bbe408: c5f8 77e8 

  0x0000012407bbe40c: ; ImmutableOopMap {rbp=Oop [32]=Oop [72]=Oop }
                      ;*baload {reexecute=0 rethrow=0 return_oop=0}
                      ; - java.lang.CharacterDataLatin1::digit@4 (line 250)
                      ; - java.lang.Character::digit@6 (line 11470)
                      ; - java.lang.Character::digit@2 (line 11418)
                      ; - java.lang.Integer::parseInt@193 (line 555)
                      ; - com.byteshrink.compression.ShannonFanoCompression::compress@192 (line 111)
  0x0000012407bbe40c: 507b a8ff 

  0x0000012407bbe410: ;   {post_call_nop}
  0x0000012407bbe410: 0f1f 8400 | 882d 003e | ba4d ffff | ff48 8b6c | 2420 4c8b | 5424 304c | 8954 2420 | 448b 5424 
  0x0000012407bbe430: 3844 8954 | 242c 448b | 5c24 5044 | 895c 2440 

  0x0000012407bbe440: ;   {runtime_call UncommonTrapBlob}
  0x0000012407bbe440: c5f8 77e8 

  0x0000012407bbe444: ; ImmutableOopMap {rbp=Oop [32]=Oop [72]=Oop }
                      ;*iflt {reexecute=1 rethrow=0 return_oop=0}
                      ; - (reexecute) java.lang.Integer::parseInt@198 (line 555)
                      ; - com.byteshrink.compression.ShannonFanoCompression::compress@192 (line 111)
  0x0000012407bbe444: 187b a8ff 

  0x0000012407bbe448: ;   {post_call_nop}
  0x0000012407bbe448: 0f1f 8400 | c02d 003f | bae4 ffff | ff48 8b6c | 2420 4c89 | 5424 208b | 4c24 5889 | 4c24 2844 
  0x0000012407bbe468: 8b54 2438 | 4489 5424 | 2c8b 4c24 | 6089 4c24 | 3044 894c | 2434 4489 | 4424 3c44 | 895c 2440 
  0x0000012407bbe488: ;   {runtime_call UncommonTrapBlob}
  0x0000012407bbe488: c5f8 77e8 

  0x0000012407bbe48c: ; ImmutableOopMap {rbp=Oop [32]=Oop [52]=NarrowOop [72]=Oop }
                      ;*invokestatic checkIndex {reexecute=0 rethrow=0 return_oop=0}
                      ; - java.lang.String::checkIndex@5 (line 4917)
                      ; - java.lang.StringLatin1::charAt@3 (line 46)
                      ; - java.lang.String::charAt@12 (line 1616)
                      ; - java.lang.Integer::parseInt@189 (line 555)
                      ; - com.byteshrink.compression.ShannonFanoCompression::compress@192 (line 111)
  0x0000012407bbe48c: d07a a8ff 

  0x0000012407bbe490: ;   {post_call_nop}
  0x0000012407bbe490: 0f1f 8400 | 082e 0040 | bade ffff | ff48 8b6c | 2420 4c8b | 5424 304c | 8954 2420 | 448b 5424 
  0x0000012407bbe4b0: 5844 8954 | 2428 448b | 5c24 3844 | 895c 242c | 4c89 4424 | 3889 4424 | 3444 8b5c | 2454 4489 
  0x0000012407bbe4d0: 5c24 4090 

  0x0000012407bbe4d4: ;   {runtime_call UncommonTrapBlob}
  0x0000012407bbe4d4: c5f8 77e8 

  0x0000012407bbe4d8: ; ImmutableOopMap {rbp=Oop [32]=Oop [56]=Oop [72]=Oop }
                      ;*invokevirtual digit {reexecute=0 rethrow=0 return_oop=0}
                      ; - java.lang.Character::digit@6 (line 11470)
                      ; - java.lang.Character::digit@2 (line 11418)
                      ; - java.lang.Integer::parseInt@193 (line 555)
                      ; - com.byteshrink.compression.ShannonFanoCompression::compress@192 (line 111)
  0x0000012407bbe4d8: 847a a8ff 

  0x0000012407bbe4dc: ;   {post_call_nop}
  0x0000012407bbe4dc: 0f1f 8400 | 542e 0041 | 4883 c1fe | 488b fa48 | 33c0 4883 | f908 7f10 | 48ff c978 | 4f48 8904 
  0x0000012407bbe4fc: cf48 ffc9 | 7df7 eb44 | c5fd efc0 | e90d 0000 | 00c5 fe7f | 07c5 fe7f | 4720 4883 | c740 4883 
  0x0000012407bbe51c: e908 7ded | 4883 c104 | 7c0c c5fe | 7f07 4883 | c720 4883 | e904 4883 | c104 7e10 | 48ff c9c5 
  0x0000012407bbe53c: f9d6 0748 | 83c7 0848 | ffc9 7df3 | e988 e4ff | ffba ccff | ffff 488b | 6c24 288b | 4c24 3c89 
  0x0000012407bbe55c: 4c24 2844 | 8b4c 2438 | 4489 4c24 | 2c4c 8b4c | 2458 4c89 | 4c24 4844 | 8954 2454 | 4489 5c24 
  0x0000012407bbe57c: 6466 6690 

  0x0000012407bbe580: ;   {runtime_call UncommonTrapBlob}
  0x0000012407bbe580: c5f8 77e8 

  0x0000012407bbe584: ; ImmutableOopMap {rbp=Oop [32]=Oop [48]=Oop [72]=Oop [84]=NarrowOop }
                      ;*newarray {reexecute=1 rethrow=0 return_oop=0}
                      ; - (reexecute) java.util.Arrays::copyOf@15 (line 3537)
                      ; - java.lang.AbstractStringBuilder::ensureCapacityInternal@32 (line 246)
                      ; - java.lang.AbstractStringBuilder::append@21 (line 591)
                      ; - java.lang.StringBuilder::append@2 (line 179)
                      ; - com.byteshrink.compression.ShannonFanoCompression::compress@74 (line 99)
  0x0000012407bbe584: d879 a8ff 

  0x0000012407bbe588: ;   {post_call_nop}
  0x0000012407bbe588: 0f1f 8400 | 002f 0042 | ba4d ffff | ff48 8b6c | 2420 4c8b | 5424 304c | 8954 2420 | 448b 4424 
  0x0000012407bbe5a8: 3844 8944 | 242c 4489 | 5c24 3444 | 8b5c 2454 | 4489 5c24 | 4066 6690 

  0x0000012407bbe5c0: ;   {runtime_call UncommonTrapBlob}
  0x0000012407bbe5c0: c5f8 77e8 

  0x0000012407bbe5c4: ; ImmutableOopMap {rbp=Oop [32]=Oop [72]=Oop }
                      ;*iflt {reexecute=1 rethrow=0 return_oop=0}
                      ; - (reexecute) java.lang.CharacterDataLatin1::digit@7 (line 251)
                      ; - java.lang.Character::digit@6 (line 11470)
                      ; - java.lang.Character::digit@2 (line 11418)
                      ; - java.lang.Integer::parseInt@193 (line 555)
                      ; - com.byteshrink.compression.ShannonFanoCompression::compress@192 (line 111)
  0x0000012407bbe5c4: 9879 a8ff 

  0x0000012407bbe5c8: ;   {post_call_nop}
  0x0000012407bbe5c8: 0f1f 8400 | 402f 0043 | ba4d ffff | ff48 8b6c | 2420 4c8b | 5424 304c | 8954 2420 | 448b 5424 
  0x0000012407bbe5e8: 5844 8954 | 2428 4489 | 5c24 2c44 | 8b5c 2438 | 4489 5c24 | 3044 8b54 | 2454 4489 | 5424 3c44 
  0x0000012407bbe608: 8b5c 2450 | 4489 5c24 | 4066 6690 

  0x0000012407bbe614: ;   {runtime_call UncommonTrapBlob}
  0x0000012407bbe614: c5f8 77e8 

  0x0000012407bbe618: ; ImmutableOopMap {rbp=Oop [32]=Oop [72]=Oop }
                      ;*if_icmpgt {reexecute=1 rethrow=0 return_oop=0}
                      ; - (reexecute) java.lang.Integer::parseInt@205 (line 555)
                      ; - com.byteshrink.compression.ShannonFanoCompression::compress@192 (line 111)
  0x0000012407bbe618: 4479 a8ff 

  0x0000012407bbe61c: ;   {post_call_nop}
  0x0000012407bbe61c: 0f1f 8400 | 942f 0044 | 4c8b 4424 | 4849 8bc0 | c5f8 7748 | 81c4 b000 

  0x0000012407bbe634: ;   {poll_return}
  0x0000012407bbe634: 0000 5d49 | 3b67 280f | 8769 1700 | 00c3 4c89 

  0x0000012407bbe644: ;   {metadata('com/byteshrink/compression/ShannonFanoCompression$ShannonFanoNode')}
  0x0000012407bbe644: 4424 4048 | ba08 662d | 1024 0100 | 0066 6690 

  0x0000012407bbe654: ;   {runtime_call C2 Runtime new_instance}
  0x0000012407bbe654: c5f8 77e8 

  0x0000012407bbe658: ; ImmutableOopMap {[40]=Oop [48]=Oop [56]=Oop [64]=Oop [72]=Oop }
                      ;*new {reexecute=0 rethrow=0 return_oop=1}
                      ; - com.byteshrink.compression.ShannonFanoCompression::buildSortedNodeList@37 (line 43)
                      ; - com.byteshrink.compression.ShannonFanoCompression::compress@6 (line 94)
  0x0000012407bbe658: 04c7 a8ff 

  0x0000012407bbe65c: ;   {post_call_nop}
  0x0000012407bbe65c: 0f1f 8400 | d42f 0045 | e990 e5ff | ff4c 894c | 2430 4489 | 5424 2489 | 4c24 2048 | 8b6c 2448 
  0x0000012407bbe67c: ;   {metadata({type array char})}
  0x0000012407bbe67c: 48ba f06f | 160f 2401 | 0000 458b | c266 6690 

  0x0000012407bbe68c: ;   {runtime_call C2 Runtime new_array_nozero}
  0x0000012407bbe68c: c5f8 77e8 

  0x0000012407bbe690: ; ImmutableOopMap {rbp=Oop [32]=NarrowOop [40]=Oop [48]=Oop [72]=Oop }
                      ;*newarray {reexecute=0 rethrow=0 return_oop=1}
                      ; - java.lang.StringLatin1::toChars@2 (line 75)
                      ; - java.lang.String::toCharArray@11 (line 4426)
                      ; - com.byteshrink.compression.ShannonFanoCompression::buildFrequencyMap@1 (line 35)
                      ; - com.byteshrink.compression.ShannonFanoCompression::compress@2 (line 93)
  0x0000012407bbe690: 4cb0 a8ff 

  0x0000012407bbe694: ;   {post_call_nop}
  0x0000012407bbe694: 0f1f 8400 | 0c30 0046 | 8b4c 2420 | 448b 5424 | 244c 8b4c | 2430 488b | d8e9 0dd6 | ffff 410f 
  0x0000012407bbe6b4: beeb bae4 | ffff ff90 

  0x0000012407bbe6bc: ;   {runtime_call UncommonTrapBlob}
  0x0000012407bbe6bc: c5f8 77e8 

  0x0000012407bbe6c0: ; ImmutableOopMap {[32]=Oop [72]=Oop }
                      ;*bastore {reexecute=0 rethrow=0 return_oop=0}
                      ; - com.byteshrink.compression.ShannonFanoCompression::compress@196 (line 111)
  0x0000012407bbe6c0: 9c78 a8ff 

  0x0000012407bbe6c4: ;   {post_call_nop}
  0x0000012407bbe6c4: 0f1f 8400 | 3c30 0047 | 4983 c2fe | 498b ca49 | 8bfb 4833 | c048 83f9 | 087f 1048 | ffc9 784f 
  0x0000012407bbe6e4: 4889 04cf | 48ff c97d | f7eb 44c5 | fdef c0e9 | 0d00 0000 | c5fe 7f07 | c5fe 7f47 | 2048 83c7 
  0x0000012407bbe704: 4048 83e9 | 087d ed48 | 83c1 047c | 0cc5 fe7f | 0748 83c7 | 2048 83e9 | 0448 83c1 | 047e 1048 
  0x0000012407bbe724: ffc9 c5f9 | d607 4883 | c708 48ff | c97d f3e9 | d7f4 ffff | 8944 242c | 4889 5424 | 58e9 98f1 
  0x0000012407bbe744: ffff bacc | ffff ff49 | 8bea 4889 | 7c24 284c | 8b54 2448 | 4c89 5424 | 3044 895c | 2438 4489 
  0x0000012407bbe764: 4424 3c89 | 5c24 4044 | 894c 2448 | 894c 244c 

  0x0000012407bbe774: ;   {runtime_call UncommonTrapBlob}
  0x0000012407bbe774: c5f8 77e8 

  0x0000012407bbe778: ; ImmutableOopMap {rbp=Oop [40]=Oop [48]=Oop [64]=NarrowOop }
                      ;*newarray {reexecute=1 rethrow=0 return_oop=0}
                      ; - (reexecute) java.util.Arrays::copyOfRange@59 (line 3849)
                      ; - java.lang.StringLatin1::newString@16 (line 856)
                      ; - java.lang.AbstractStringBuilder::substring@28 (line 1091)
                      ; - java.lang.StringBuilder::substring@3 (line 91)
                      ; - com.byteshrink.compression.ShannonFanoCompression::compress@177 (line 110)
  0x0000012407bbe778: e477 a8ff 

  0x0000012407bbe77c: ;   {post_call_nop}
  0x0000012407bbe77c: 0f1f 8400 | f430 0048 | 4489 5424 | 5448 895c | 2440 4c89 

  0x0000012407bbe790: ;   {metadata({type array byte})}
  0x0000012407bbe790: 4c24 4848 | ba08 7616 | 0f24 0100 | 0048 8bac | 2490 0000 | 0045 8bc3 

  0x0000012407bbe7a8: ;   {runtime_call C2 Runtime new_array_nozero}
  0x0000012407bbe7a8: c5f8 77e8 

  0x0000012407bbe7ac: ; ImmutableOopMap {rbp=Oop [64]=Derived_oop_rbp [32]=Oop [40]=Oop [48]=Oop [84]=NarrowOop [88]=Oop }
                      ;*invokevirtual clone {reexecute=1 rethrow=0 return_oop=1}
                      ; - (reexecute) java.util.Arrays::copyOf@7 (line 3535)
                      ; - java.lang.AbstractStringBuilder::ensureCapacityInternal@32 (line 246)
                      ; - java.lang.AbstractStringBuilder::append@21 (line 591)
                      ; - java.lang.StringBuilder::append@2 (line 179)
                      ; - com.byteshrink.compression.ShannonFanoCompression::compress@74 (line 99)
  0x0000012407bbe7ac: 30af a8ff 

  0x0000012407bbe7b0: ;   {post_call_nop}
  0x0000012407bbe7b0: 0f1f 8400 | 2831 0049 | 488b d8e9 | ffe2 ffff | ba4d ffff | ff4c 8954 | 2420 4c8b | 5424 484c 
  0x0000012407bbe7d0: 8954 2428 | 4489 5c24 | 3044 8944 | 2438 4489 | 4424 4089 | 4424 4444 | 894c 2448 

  0x0000012407bbe7ec: ;   {runtime_call UncommonTrapBlob}
  0x0000012407bbe7ec: c5f8 77e8 

  0x0000012407bbe7f0: ; ImmutableOopMap {[32]=Oop [40]=Oop }
                      ;*iflt {reexecute=1 rethrow=0 return_oop=0}
                      ; - (reexecute) jdk.internal.util.Preconditions::checkFromToIndex@1 (line 348)
                      ; - java.lang.AbstractStringBuilder::substring@9 (line 1089)
                      ; - java.lang.StringBuilder::substring@3 (line 91)
                      ; - com.byteshrink.compression.ShannonFanoCompression::compress@177 (line 110)
  0x0000012407bbe7f0: 6c77 a8ff 

  0x0000012407bbe7f4: ;   {post_call_nop}
  0x0000012407bbe7f4: 0f1f 8400 | 6c31 004a | 33ed 4585 | c940 0f94 | c5ba 4dff | ffff 4c89 | 5424 2844 | 895c 2438 
  0x0000012407bbe814: 4489 4424 | 4089 4424 | 4466 6690 

  0x0000012407bbe820: ;   {runtime_call UncommonTrapBlob}
  0x0000012407bbe820: c5f8 77e8 

  0x0000012407bbe824: ; ImmutableOopMap {[40]=Oop [72]=Oop }
                      ;*ifeq {reexecute=1 rethrow=0 return_oop=0}
                      ; - (reexecute) java.lang.AbstractStringBuilder::substring@17 (line 1090)
                      ; - java.lang.StringBuilder::substring@3 (line 91)
                      ; - com.byteshrink.compression.ShannonFanoCompression::compress@177 (line 110)
  0x0000012407bbe824: 3877 a8ff 

  0x0000012407bbe828: ;   {post_call_nop}
  0x0000012407bbe828: 0f1f 8400 | a031 004b | ba4d ffff | ff4c 8b5c | 2430 4c89 | 5c24 2844 | 8954 2430 | 448b 5424 
  0x0000012407bbe848: 5044 8954 | 2440 894c | 2450 6690 

  0x0000012407bbe854: ;   {runtime_call UncommonTrapBlob}
  0x0000012407bbe854: c5f8 77e8 

  0x0000012407bbe858: ; ImmutableOopMap {[32]=Oop [40]=Oop [72]=Oop }
                      ;*iflt {reexecute=1 rethrow=0 return_oop=0}
                      ; - (reexecute) java.lang.CharacterDataLatin1::digit@7 (line 251)
                      ; - java.lang.Character::digit@6 (line 11470)
                      ; - java.lang.Character::digit@2 (line 11418)
                      ; - java.lang.Integer::parseInt@124 (line 547)
                      ; - com.byteshrink.compression.ShannonFanoCompression::compress@192 (line 111)
  0x0000012407bbe858: 0477 a8ff 

  0x0000012407bbe85c: ;   {post_call_nop}
  0x0000012407bbe85c: 0f1f 8400 | d431 004c | ba4d ffff | ff4c 8954 | 2420 4c8b | 5424 484c | 8954 2428 | 4489 5c24 
  0x0000012407bbe87c: 3044 8944 | 2438 4489 | 4424 4089 | 4424 4444 | 894c 2448 | 8944 2450 

  0x0000012407bbe894: ;   {runtime_call UncommonTrapBlob}
  0x0000012407bbe894: c5f8 77e8 

  0x0000012407bbe898: ; ImmutableOopMap {[32]=Oop [40]=Oop }
                      ;*if_icmpgt {reexecute=1 rethrow=0 return_oop=0}
                      ; - (reexecute) jdk.internal.util.Preconditions::checkFromToIndex@6 (line 348)
                      ; - java.lang.AbstractStringBuilder::substring@9 (line 1089)
                      ; - java.lang.StringBuilder::substring@3 (line 91)
                      ; - com.byteshrink.compression.ShannonFanoCompression::compress@177 (line 110)
  0x0000012407bbe898: c476 a8ff 

  0x0000012407bbe89c: ;   {post_call_nop}
  0x0000012407bbe89c: 0f1f 8400 | 1432 004d | ba4d ffff | ff4c 8954 | 2420 4c8b | 5424 484c | 8954 2428 | 4489 5c24 
  0x0000012407bbe8bc: 3044 8944 | 2438 4489 | 4424 4089 | 4424 4489 | 4424 4c44 | 894c 2450 

  0x0000012407bbe8d4: ;   {runtime_call UncommonTrapBlob}
  0x0000012407bbe8d4: c5f8 77e8 

  0x0000012407bbe8d8: ; ImmutableOopMap {[32]=Oop [40]=Oop }
                      ;*if_icmple {reexecute=1 rethrow=0 return_oop=0}
                      ; - (reexecute) jdk.internal.util.Preconditions::checkFromToIndex@11 (line 348)
                      ; - java.lang.AbstractStringBuilder::substring@9 (line 1089)
                      ; - java.lang.StringBuilder::substring@3 (line 91)
                      ; - com.byteshrink.compression.ShannonFanoCompression::compress@177 (line 110)
  0x0000012407bbe8d8: 8476 a8ff 

  0x0000012407bbe8dc: ;   {post_call_nop}
  0x0000012407bbe8dc: 0f1f 8400 | 5432 004e | ba4d ffff | ff48 8b6c | 2420 4489 | 5424 2090 

  0x0000012407bbe8f4: ;   {runtime_call UncommonTrapBlob}
  0x0000012407bbe8f4: c5f8 77e8 

  0x0000012407bbe8f8: ; ImmutableOopMap {rbp=Oop [72]=Oop }
                      ;*ifne {reexecute=1 rethrow=0 return_oop=0}
                      ; - (reexecute) java.lang.Integer::parseInt@79 (line 540)
                      ; - com.byteshrink.compression.ShannonFanoCompression::compress@192 (line 111)
  0x0000012407bbe8f8: 6476 a8ff 

  0x0000012407bbe8fc: ;   {post_call_nop}
  0x0000012407bbe8fc: 0f1f 8400 | 7432 004f | ba4d ffff | ff48 8b6c | 2420 4c8b | 5c24 304c | 895c 2420 | 4489 5424 
  0x0000012407bbe91c: 2844 8b5c | 2444 4489 | 5c24 3c89 | 4c24 4490 

  0x0000012407bbe92c: ;   {runtime_call UncommonTrapBlob}
  0x0000012407bbe92c: c5f8 77e8 

  0x0000012407bbe930: ; ImmutableOopMap {rbp=Oop [32]=Oop [72]=Oop }
                      ;*if_icmpeq {reexecute=1 rethrow=0 return_oop=0}
                      ; - (reexecute) java.lang.Integer::parseInt@111 (line 546)
                      ; - com.byteshrink.compression.ShannonFanoCompression::compress@192 (line 111)
  0x0000012407bbe930: 2c76 a8ff 

  0x0000012407bbe934: ;   {post_call_nop}
  0x0000012407bbe934: 0f1f 8400 | ac32 0050 | ba4d ffff | ff48 8b6c | 2420 4c8b | 5c24 304c | 895c 2420 | 4489 5424 
  0x0000012407bbe954: 2844 8b5c | 2444 4489 | 5c24 3c89 | 4c24 4490 

  0x0000012407bbe964: ;   {runtime_call UncommonTrapBlob}
  0x0000012407bbe964: c5f8 77e8 

  0x0000012407bbe968: ; ImmutableOopMap {rbp=Oop [32]=Oop [72]=Oop }
                      ;*if_icmpeq {reexecute=1 rethrow=0 return_oop=0}
                      ; - (reexecute) java.lang.Integer::parseInt@118 (line 546)
                      ; - com.byteshrink.compression.ShannonFanoCompression::compress@192 (line 111)
  0x0000012407bbe968: f475 a8ff 

  0x0000012407bbe96c: ;   {post_call_nop}
  0x0000012407bbe96c: 0f1f 8400 | e432 0051 | ba4d ffff | ff49 8bea | 4889 7c24 | 284c 8b54 | 2448 4c89 | 5424 3044 
  0x0000012407bbe98c: 895c 2438 | 4489 4424 | 3c89 4424 | 4044 894c | 2444 894c | 2448 6690 

  0x0000012407bbe9a4: ;   {runtime_call UncommonTrapBlob}
  0x0000012407bbe9a4: c5f8 77e8 

  0x0000012407bbe9a8: ; ImmutableOopMap {rbp=Oop [40]=Oop [48]=Oop }
                      ;*ifge {reexecute=1 rethrow=0 return_oop=0}
                      ; - (reexecute) java.util.Arrays::copyOfRange@23 (line 3846)
                      ; - java.lang.StringLatin1::newString@16 (line 856)
                      ; - java.lang.AbstractStringBuilder::substring@28 (line 1091)
                      ; - java.lang.StringBuilder::substring@3 (line 91)
                      ; - com.byteshrink.compression.ShannonFanoCompression::compress@177 (line 110)
  0x0000012407bbe9a8: b475 a8ff 

  0x0000012407bbe9ac: ;   {post_call_nop}
  0x0000012407bbe9ac: 0f1f 8400 | 2433 0052 | 448b 5424 | 58ba 4dff | ffff 488b | 6c24 204c | 8b5c 2430 | 4c89 5c24 
  0x0000012407bbe9cc: 2044 8944 | 2428 4489 | 5424 2c90 

  0x0000012407bbe9d8: ;   {runtime_call UncommonTrapBlob}
  0x0000012407bbe9d8: c5f8 77e8 

  0x0000012407bbe9dc: ; ImmutableOopMap {rbp=Oop [32]=Oop [72]=Oop }
                      ;*if_icmpne {reexecute=1 rethrow=0 return_oop=0}
                      ; - (reexecute) java.lang.Integer::parseInt@256 (line 560)
                      ; - com.byteshrink.compression.ShannonFanoCompression::compress@192 (line 111)
  0x0000012407bbe9dc: 8075 a8ff 

  0x0000012407bbe9e0: ;   {post_call_nop}
  0x0000012407bbe9e0: 0f1f 8400 | 5833 0053 

  0x0000012407bbe9e8: ;   {metadata('java/util/ArrayList')}
  0x0000012407bbe9e8: 48ba 58dc | 1f0f 2401 | 0000 6690 

  0x0000012407bbe9f4: ;   {runtime_call C2 Runtime new_instance}
  0x0000012407bbe9f4: c5f8 77e8 

  0x0000012407bbe9f8: ; ImmutableOopMap {[40]=Oop [72]=Oop }
                      ;*new {reexecute=0 rethrow=0 return_oop=1}
                      ; - com.byteshrink.compression.ShannonFanoCompression::buildSortedNodeList@0 (line 41)
                      ; - com.byteshrink.compression.ShannonFanoCompression::compress@6 (line 94)
  0x0000012407bbe9f8: 64c3 a8ff 

  0x0000012407bbe9fc: ;   {post_call_nop}
  0x0000012407bbe9fc: 0f1f 8400 | 7433 0054 | e96c d6ff | ff4c 896c | 2420 488b 

  0x0000012407bbea10: ;   {metadata({type array byte})}
  0x0000012407bbea10: eb48 ba08 | 7616 0f24 | 0100 0041 | b810 0000 | 0066 6690 

  0x0000012407bbea24: ;   {runtime_call C2 Runtime new_array}
  0x0000012407bbea24: c5f8 77e8 

  0x0000012407bbea28: ; ImmutableOopMap {rbp=Oop [32]=Oop [72]=Oop }
                      ;*newarray {reexecute=0 rethrow=0 return_oop=1}
                      ; - java.lang.AbstractStringBuilder::<init>@12 (line 102)
                      ; - java.lang.StringBuilder::<init>@3 (line 106)
                      ; - com.byteshrink.compression.ShannonFanoCompression::compress@29 (line 97)
  0x0000012407bbea28: 348e a8ff 

  0x0000012407bbea2c: ;   {post_call_nop}
  0x0000012407bbea2c: 0f1f 8400 | a433 0055 | 488b dd4c | 8b6c 2420 | e9bc daff | ff48 8beb 

  0x0000012407bbea44: ;   {metadata('java/lang/StringBuilder')}
  0x0000012407bbea44: 48ba d0a2 | 1a0f 2401 | 0000 6690 

  0x0000012407bbea50: ;   {runtime_call C2 Runtime new_instance}
  0x0000012407bbea50: c5f8 77e8 

  0x0000012407bbea54: ; ImmutableOopMap {rbp=Oop [72]=Oop }
                      ;*new {reexecute=0 rethrow=0 return_oop=1}
                      ; - com.byteshrink.compression.ShannonFanoCompression::compress@25 (line 97)
  0x0000012407bbea54: 08c3 a8ff 

  0x0000012407bbea58: ;   {post_call_nop}
  0x0000012407bbea58: 0f1f 8400 | d033 0056 | 488b dde9 | 33da ffff | 4889 4c24 | 3044 8954 | 242c 4489 | 4c24 284c 
  0x0000012407bbea78: 896c 2420 

  0x0000012407bbea7c: ;   {metadata({type array char})}
  0x0000012407bbea7c: 488b eb48 | baf0 6f16 | 0f24 0100 | 0045 8bc2 

  0x0000012407bbea8c: ;   {runtime_call C2 Runtime new_array_nozero}
  0x0000012407bbea8c: c5f8 77e8 

  0x0000012407bbea90: ; ImmutableOopMap {rbp=Oop [32]=Oop [40]=NarrowOop [48]=Oop }
                      ;*newarray {reexecute=0 rethrow=0 return_oop=1}
                      ; - java.lang.StringLatin1::toChars@2 (line 75)
                      ; - java.lang.String::toCharArray@11 (line 4426)
                      ; - com.byteshrink.compression.ShannonFanoCompression::compress@34 (line 98)
  0x0000012407bbea90: 4cac a8ff 

  0x0000012407bbea94: ;   {post_call_nop}
  0x0000012407bbea94: 0f1f 8400 | 0c34 0057 | 488b dd4c | 8b6c 2420 | 448b 4c24 | 2844 8b54 | 242c 488b | 4c24 3048 
  0x0000012407bbeab4: 8be8 e90d 

  0x0000012407bbeab8: ;   {metadata('java/lang/String')}
  0x0000012407bbeab8: dbff ff48 | ba38 a616 | 0f24 0100 | 0066 6690 

  0x0000012407bbeac8: ;   {runtime_call C2 Runtime new_instance}
  0x0000012407bbeac8: c5f8 77e8 

  0x0000012407bbeacc: ; ImmutableOopMap {rbp=Oop [32]=Oop [40]=Oop [64]=Oop [72]=Oop [80]=NarrowOop }
                      ;*new {reexecute=0 rethrow=0 return_oop=1}
                      ; - java.lang.StringConcatHelper::simpleConcat@17 (line 413)
                      ; - java.lang.invoke.DirectMethodHandle$Holder::invokeStatic@11
                      ; - java.lang.invoke.LambdaForm$MH/0x0000012410084c00::invoke@21
                      ; - java.lang.invoke.Invokers$Holder::linkToTargetMethod@5
                      ; - com.byteshrink.compression.ShannonFanoCompression::generateCodes@49 (line 88)
                      ; - com.byteshrink.compression.ShannonFanoCompression::compress@22 (line 96)
  0x0000012407bbeacc: 90c2 a8ff 

  0x0000012407bbead0: ;   {post_call_nop}
  0x0000012407bbead0: 0f1f 8400 | 4834 0058 | 4c8b c8e9 | 95d7 ffff 

  0x0000012407bbeae0: ;   {metadata('java/lang/String')}
  0x0000012407bbeae0: 48ba 38a6 | 160f 2401 | 0000 6690 

  0x0000012407bbeaec: ;   {runtime_call C2 Runtime new_instance}
  0x0000012407bbeaec: c5f8 77e8 

  0x0000012407bbeaf0: ; ImmutableOopMap {rbp=Oop [32]=Oop [40]=Oop [56]=NarrowOop [72]=Oop }
                      ;*new {reexecute=0 rethrow=0 return_oop=1}
                      ; - java.lang.StringConcatHelper::simpleConcat@17 (line 413)
                      ; - java.lang.invoke.DirectMethodHandle$Holder::invokeStatic@11
                      ; - java.lang.invoke.LambdaForm$MH/0x0000012410084c00::invoke@21
                      ; - java.lang.invoke.Invokers$Holder::linkToTargetMethod@5
                      ; - com.byteshrink.compression.ShannonFanoCompression::generateCodes@63 (line 89)
                      ; - com.byteshrink.compression.ShannonFanoCompression::compress@22 (line 96)
  0x0000012407bbeaf0: 6cc2 a8ff 

  0x0000012407bbeaf4: ;   {post_call_nop}
  0x0000012407bbeaf4: 0f1f 8400 | 6c34 0059 | 4c8b c8e9 | c5d8 ffff | 4c89 5424 | 2044 895c | 2444 4489 | 4424 5089 
  0x0000012407bbeb14: 4424 2c48 | 897c 2430 | 895c 2438 | 448b c948 | 8954 2458 

  0x0000012407bbeb28: ;   {metadata({type array byte})}
  0x0000012407bbeb28: 48ba 0876 | 160f 2401 | 0000 458b | c166 6690 

  0x0000012407bbeb38: ;   {runtime_call C2 Runtime new_array_nozero}
  0x0000012407bbeb38: c5f8 77e8 

  0x0000012407bbeb3c: ; ImmutableOopMap {rbp=Oop [32]=Oop [48]=Oop [56]=NarrowOop [72]=Oop }
                      ;*invokevirtual clone {reexecute=1 rethrow=0 return_oop=1}
                      ; - (reexecute) java.util.Arrays::copyOfRange@11 (line 3843)
                      ; - java.lang.StringLatin1::newString@16 (line 856)
                      ; - java.lang.AbstractStringBuilder::substring@28 (line 1091)
                      ; - java.lang.StringBuilder::substring@3 (line 91)
                      ; - com.byteshrink.compression.ShannonFanoCompression::compress@177 (line 110)
  0x0000012407bbeb3c: a0ab a8ff 

  0x0000012407bbeb40: ;   {post_call_nop}
  0x0000012407bbeb40: 0f1f 8400 | b834 005a | 4c8b d8e9 | daf2 ffff | 4889 7424 | 4048 897c | 2438 4489 | 4424 3044 
  0x0000012407bbeb60: 895c 2424 | 894c 2420 | 488b 6c24 

  0x0000012407bbeb6c: ;   {metadata({type array char})}
  0x0000012407bbeb6c: 4848 baf0 | 6f16 0f24 | 0100 0090 

  0x0000012407bbeb78: ;   {runtime_call C2 Runtime new_array_nozero}
  0x0000012407bbeb78: c5f8 77e8 

  0x0000012407bbeb7c: ; ImmutableOopMap {rbp=Oop [32]=NarrowOop [40]=Oop [56]=Oop }
                      ;*newarray {reexecute=0 rethrow=0 return_oop=1}
                      ; - java.lang.StringUTF16::toChars@4 (line 155)
                      ; - java.lang.String::toCharArray@21 (line 4427)
                      ; - com.byteshrink.compression.ShannonFanoCompression::buildFrequencyMap@1 (line 35)
                      ; - com.byteshrink.compression.ShannonFanoCompression::compress@2 (line 93)
  0x0000012407bbeb7c: 60ab a8ff 

  0x0000012407bbeb80: ;   {post_call_nop}
  0x0000012407bbeb80: 0f1f 8400 | f834 005b | 4889 6c24 | 488b 4c24 | 2048 8bd8 | 448b 5c24 | 2444 8b44 | 2430 488b 
  0x0000012407bbeba0: 7c24 3848 | 8b74 2440 | e929 e3ff | ffba 76ff | ffff 488b | 6c24 2848 | 895c 2438 | 4489 4c24 
  0x0000012407bbebc0: 3466 6690 

  0x0000012407bbebc4: ;   {runtime_call UncommonTrapBlob}
  0x0000012407bbebc4: c5f8 77e8 

  0x0000012407bbebc8: ; ImmutableOopMap {rbp=Oop [56]=Oop [72]=Oop }
                      ;*if_icmplt {reexecute=1 rethrow=0 return_oop=0}
                      ; - (reexecute) com.byteshrink.compression.ShannonFanoCompression::buildFrequencyMap@68 (line 35)
                      ; - com.byteshrink.compression.ShannonFanoCompression::compress@2 (line 93)
  0x0000012407bbebc8: 9473 a8ff 

  0x0000012407bbebcc: ;   {post_call_nop}
  0x0000012407bbebcc: 0f1f 8400 | 4435 005c | bade ffff | ff48 8be8 

  0x0000012407bbebdc: ;   {runtime_call UncommonTrapBlob}
  0x0000012407bbebdc: c5f8 77e8 

  0x0000012407bbebe0: ; ImmutableOopMap {rbp=Oop }
                      ;*checkcast {reexecute=0 rethrow=0 return_oop=0}
                      ; - com.byteshrink.compression.ShannonFanoCompression::buildSortedNodeList@47 (line 43)
                      ; - com.byteshrink.compression.ShannonFanoCompression::compress@6 (line 94)
  0x0000012407bbebe0: 7c73 a8ff 

  0x0000012407bbebe4: ;   {post_call_nop}
  0x0000012407bbebe4: 0f1f 8400 | 5c35 005d | bade ffff | ff48 8be8 

  0x0000012407bbebf4: ;   {runtime_call UncommonTrapBlob}
  0x0000012407bbebf4: c5f8 77e8 

  0x0000012407bbebf8: ; ImmutableOopMap {rbp=Oop }
                      ;*checkcast {reexecute=0 rethrow=0 return_oop=0}
                      ; - com.byteshrink.compression.ShannonFanoCompression::buildSortedNodeList@59 (line 43)
                      ; - com.byteshrink.compression.ShannonFanoCompression::compress@6 (line 94)
  0x0000012407bbebf8: 6473 a8ff 

  0x0000012407bbebfc: ;   {post_call_nop}
  0x0000012407bbebfc: 0f1f 8400 | 7435 005e 

  0x0000012407bbec04: ;   {metadata('java/lang/String')}
  0x0000012407bbec04: 48ba 38a6 | 160f 2401 | 0000 488b | 6c24 2090 

  0x0000012407bbec14: ;   {runtime_call C2 Runtime new_instance}
  0x0000012407bbec14: c5f8 77e8 

  0x0000012407bbec18: ; ImmutableOopMap {rbp=Oop [32]=Oop [48]=Oop [64]=Oop [72]=Oop [80]=NarrowOop }
                      ;*new {reexecute=0 rethrow=0 return_oop=1}
                      ; - java.lang.StringConcatHelper::simpleConcat@33 (line 417)
                      ; - java.lang.invoke.DirectMethodHandle$Holder::invokeStatic@11
                      ; - java.lang.invoke.LambdaForm$MH/0x0000012410084c00::invoke@21
                      ; - java.lang.invoke.Invokers$Holder::linkToTargetMethod@5
                      ; - com.byteshrink.compression.ShannonFanoCompression::generateCodes@49 (line 88)
                      ; - com.byteshrink.compression.ShannonFanoCompression::compress@22 (line 96)
  0x0000012407bbec18: 44c1 a8ff 

  0x0000012407bbec1c: ;   {post_call_nop}
  0x0000012407bbec1c: 0f1f 8400 | 9435 005f | e93b e5ff 

  0x0000012407bbec28: ;   {metadata('java/lang/String')}
  0x0000012407bbec28: ff48 ba38 | a616 0f24 | 0100 0048 | 8b6c 2420 

  0x0000012407bbec38: ;   {runtime_call C2 Runtime new_instance}
  0x0000012407bbec38: c5f8 77e8 

  0x0000012407bbec3c: ; ImmutableOopMap {rbp=Oop [32]=Oop [48]=Oop [56]=NarrowOop [72]=Oop }
                      ;*new {reexecute=0 rethrow=0 return_oop=1}
                      ; - java.lang.StringConcatHelper::simpleConcat@33 (line 417)
                      ; - java.lang.invoke.DirectMethodHandle$Holder::invokeStatic@11
                      ; - java.lang.invoke.LambdaForm$MH/0x0000012410084c00::invoke@21
                      ; - java.lang.invoke.Invokers$Holder::linkToTargetMethod@5
                      ; - com.byteshrink.compression.ShannonFanoCompression::generateCodes@63 (line 89)
                      ; - com.byteshrink.compression.ShannonFanoCompression::compress@22 (line 96)
  0x0000012407bbec3c: 20c1 a8ff 

  0x0000012407bbec40: ;   {post_call_nop}
  0x0000012407bbec40: 0f1f 8400 | b835 0060 | e9b3 e5ff | ff44 8b5c 

  0x0000012407bbec50: ;   {metadata({type array byte})}
  0x0000012407bbec50: 2440 48ba | 0876 160f | 2401 0000 | 458b c390 

  0x0000012407bbec60: ;   {runtime_call C2 Runtime new_array}
  0x0000012407bbec60: c5f8 77e8 

  0x0000012407bbec64: ; ImmutableOopMap {[32]=Oop [104]=Oop }
                      ;*newarray {reexecute=0 rethrow=0 return_oop=1}
                      ; - com.byteshrink.compression.ShannonFanoCompression::compress@145 (line 106)
  0x0000012407bbec64: f88b a8ff 

  0x0000012407bbec68: ;   {post_call_nop}
  0x0000012407bbec68: 0f1f 8400 | e035 0061 | 4c8b c0e9 | f7e8 ffff | 4889 7424 | 4048 897c | 2438 4489 | 4424 3044 
  0x0000012407bbec88: 895c 242c | 4489 4c24 | 284c 896c | 2420 488b 

  0x0000012407bbec98: ;   {metadata({type array char})}
  0x0000012407bbec98: eb48 baf0 | 6f16 0f24 | 0100 0090 

  0x0000012407bbeca4: ;   {runtime_call C2 Runtime new_array_nozero}
  0x0000012407bbeca4: c5f8 77e8 

  0x0000012407bbeca8: ; ImmutableOopMap {rbp=Oop [32]=Oop [40]=NarrowOop [56]=Oop }
                      ;*newarray {reexecute=0 rethrow=0 return_oop=1}
                      ; - java.lang.StringUTF16::toChars@4 (line 155)
                      ; - java.lang.String::toCharArray@21 (line 4427)
                      ; - com.byteshrink.compression.ShannonFanoCompression::compress@34 (line 98)
  0x0000012407bbeca8: 34aa a8ff 

  0x0000012407bbecac: ;   {post_call_nop}
  0x0000012407bbecac: 0f1f 8400 | 2436 0062 | 488b dd4c | 8b6c 2420 | 448b 4c24 | 2848 8be8 | 448b 5c24 | 2c44 8b44 
  0x0000012407bbeccc: 2430 488b | 7c24 3848 | 8b74 2440 | e93f e6ff | ffba 76ff | ffff 4889 | 5c24 204c | 896c 2428 
  0x0000012407bbecec: 4489 5c24 | 3466 6690 

  0x0000012407bbecf4: ;   {runtime_call UncommonTrapBlob}
  0x0000012407bbecf4: c5f8 77e8 

  0x0000012407bbecf8: ; ImmutableOopMap {rbp=Oop [32]=Oop [40]=Oop }
                      ;*if_icmplt {reexecute=1 rethrow=0 return_oop=0}
                      ; - (reexecute) com.byteshrink.compression.ShannonFanoCompression::compress@85 (line 98)
  0x0000012407bbecf8: 6472 a8ff 

  0x0000012407bbecfc: ;   {post_call_nop}
  0x0000012407bbecfc: 0f1f 8400 | 7436 0063 | baf6 ffff | ff66 6690 

  0x0000012407bbed0c: ;   {runtime_call UncommonTrapBlob}
  0x0000012407bbed0c: c5f8 77e8 

  0x0000012407bbed10: ; ImmutableOopMap {}
                      ;*invokevirtual isEmpty {reexecute=0 rethrow=0 return_oop=0}
                      ; - java.lang.StringConcatHelper::simpleConcat@11 (line 411)
                      ; - java.lang.invoke.DirectMethodHandle$Holder::invokeStatic@11
                      ; - java.lang.invoke.LambdaForm$MH/0x0000012410084c00::invoke@21
                      ; - java.lang.invoke.Invokers$Holder::linkToTargetMethod@5
                      ; - com.byteshrink.compression.ShannonFanoCompression::generateCodes@49 (line 88)
                      ; - com.byteshrink.compression.ShannonFanoCompression::compress@22 (line 96)
  0x0000012407bbed10: 4c72 a8ff 

  0x0000012407bbed14: ;   {post_call_nop}
  0x0000012407bbed14: 0f1f 8400 | 8c36 0064 | baf6 ffff | ff66 6690 

  0x0000012407bbed24: ;   {runtime_call UncommonTrapBlob}
  0x0000012407bbed24: c5f8 77e8 

  0x0000012407bbed28: ; ImmutableOopMap {}
                      ;*invokevirtual isEmpty {reexecute=0 rethrow=0 return_oop=0}
                      ; - java.lang.StringConcatHelper::simpleConcat@11 (line 411)
                      ; - java.lang.invoke.DirectMethodHandle$Holder::invokeStatic@11
                      ; - java.lang.invoke.LambdaForm$MH/0x0000012410084c00::invoke@21
                      ; - java.lang.invoke.Invokers$Holder::linkToTargetMethod@5
                      ; - com.byteshrink.compression.ShannonFanoCompression::generateCodes@63 (line 89)
                      ; - com.byteshrink.compression.ShannonFanoCompression::compress@22 (line 96)
  0x0000012407bbed28: 3472 a8ff 

  0x0000012407bbed2c: ;   {post_call_nop}
  0x0000012407bbed2c: 0f1f 8400 | a436 0065 | 4489 6c24 | 5889 7c24 | 5489 5c24 | 3c44 8944 | 2438 4489 | 5c24 3444 
  0x0000012407bbed4c: 894c 2430 | 4889 6c24 | 2849 8bee 

  0x0000012407bbed58: ;   {metadata({type array byte})}
  0x0000012407bbed58: 48ba 0876 | 160f 2401 | 0000 458b | c566 6690 

  0x0000012407bbed68: ;   {runtime_call C2 Runtime new_array}
  0x0000012407bbed68: c5f8 77e8 

  0x0000012407bbed6c: ; ImmutableOopMap {rbp=Oop [32]=Oop [40]=Oop [48]=NarrowOop [64]=Oop [72]=Oop [80]=NarrowOop }
                      ;*invokevirtual allocateUninitializedArray0 {reexecute=0 rethrow=0 return_oop=1}
                      ; - jdk.internal.misc.Unsafe::allocateUninitializedArray@51 (line 1386)
                      ; - java.lang.StringConcatHelper::newArray@21 (line 575)
                      ; - java.lang.StringConcatHelper::doConcat@24 (line 433)
                      ; - java.lang.StringConcatHelper::simpleConcat@44 (line 419)
                      ; - java.lang.invoke.DirectMethodHandle$Holder::invokeStatic@11
                      ; - java.lang.invoke.LambdaForm$MH/0x0000012410084c00::invoke@21
                      ; - java.lang.invoke.Invokers$Holder::linkToTargetMethod@5
                      ; - com.byteshrink.compression.ShannonFanoCompression::generateCodes@49 (line 88)
                      ; - com.byteshrink.compression.ShannonFanoCompression::compress@22 (line 96)
  0x0000012407bbed6c: f08a a8ff 

  0x0000012407bbed70: ;   {post_call_nop}
  0x0000012407bbed70: 0f1f 8400 | e836 0066 | 4c8b f548 | 8b6c 2428 | 448b 4c24 | 3044 8b5c | 2434 448b | 4424 388b 
  0x0000012407bbed90: 5c24 3c8b | 7c24 5444 | 8b6c 2458 | 488b f0e9 | 6cf3 ffff | 4889 7424 

  0x0000012407bbeda8: ;   {metadata('java/lang/String')}
  0x0000012407bbeda8: 288b eb48 | ba38 a616 | 0f24 0100 | 0089 7c24 | 5466 6690 

  0x0000012407bbedbc: ;   {runtime_call C2 Runtime new_instance}
  0x0000012407bbedbc: c5f8 77e8 

  0x0000012407bbedc0: ; ImmutableOopMap {[32]=Oop [40]=Oop [64]=Oop [72]=Oop [80]=NarrowOop }
                      ;*new {reexecute=0 rethrow=0 return_oop=1}
                      ; - java.lang.StringConcatHelper::doConcat@48 (line 436)
                      ; - java.lang.StringConcatHelper::simpleConcat@44 (line 419)
                      ; - java.lang.invoke.DirectMethodHandle$Holder::invokeStatic@11
                      ; - java.lang.invoke.LambdaForm$MH/0x0000012410084c00::invoke@21
                      ; - java.lang.invoke.Invokers$Holder::linkToTargetMethod@5
                      ; - com.byteshrink.compression.ShannonFanoCompression::generateCodes@49 (line 88)
                      ; - com.byteshrink.compression.ShannonFanoCompression::compress@22 (line 96)
  0x0000012407bbedc0: 9cbf a8ff 

  0x0000012407bbedc4: ;   {post_call_nop}
  0x0000012407bbedc4: 0f1f 8400 | 3c37 0067 | 8bdd 488b | 7424 28e9 | 27f4 ffff | 8974 2450 | 4489 6c24 | 4489 7c24 
  0x0000012407bbede4: 4044 894c | 243c 4489 | 4424 3444 | 895c 2430 | 4889 6c24 | 2848 8beb 

  0x0000012407bbedfc: ;   {metadata({type array byte})}
  0x0000012407bbedfc: 48ba 0876 | 160f 2401 | 0000 448b | c666 6690 

  0x0000012407bbee0c: ;   {runtime_call C2 Runtime new_array}
  0x0000012407bbee0c: c5f8 77e8 

  0x0000012407bbee10: ; ImmutableOopMap {rbp=Oop [32]=Oop [40]=Oop [48]=NarrowOop [56]=NarrowOop [72]=Oop }
                      ;*invokevirtual allocateUninitializedArray0 {reexecute=0 rethrow=0 return_oop=1}
                      ; - jdk.internal.misc.Unsafe::allocateUninitializedArray@51 (line 1386)
                      ; - java.lang.StringConcatHelper::newArray@21 (line 575)
                      ; - java.lang.StringConcatHelper::doConcat@24 (line 433)
                      ; - java.lang.StringConcatHelper::simpleConcat@44 (line 419)
                      ; - java.lang.invoke.DirectMethodHandle$Holder::invokeStatic@11
                      ; - java.lang.invoke.LambdaForm$MH/0x0000012410084c00::invoke@21
                      ; - java.lang.invoke.Invokers$Holder::linkToTargetMethod@5
                      ; - com.byteshrink.compression.ShannonFanoCompression::generateCodes@63 (line 89)
                      ; - com.byteshrink.compression.ShannonFanoCompression::compress@22 (line 96)
  0x0000012407bbee10: 4c8a a8ff 

  0x0000012407bbee14: ;   {post_call_nop}
  0x0000012407bbee14: 0f1f 8400 | 8c37 0068 | 488b dd48 | 8b6c 2428 | 448b 5c24 | 3044 8b44 | 2434 448b | 4c24 3c8b 
  0x0000012407bbee34: 7c24 4044 | 8b6c 2444 | 8b74 2450 | 4c8b f0e9 | 7af4 ffff | 4c89 7424 

  0x0000012407bbee4c: ;   {metadata('java/lang/String')}
  0x0000012407bbee4c: 288b ef48 | ba38 a616 | 0f24 0100 | 0044 896c | 243c 6690 

  0x0000012407bbee60: ;   {runtime_call C2 Runtime new_instance}
  0x0000012407bbee60: c5f8 77e8 

  0x0000012407bbee64: ; ImmutableOopMap {[32]=Oop [40]=Oop [56]=NarrowOop [72]=Oop }
                      ;*new {reexecute=0 rethrow=0 return_oop=1}
                      ; - java.lang.StringConcatHelper::doConcat@48 (line 436)
                      ; - java.lang.StringConcatHelper::simpleConcat@44 (line 419)
                      ; - java.lang.invoke.DirectMethodHandle$Holder::invokeStatic@11
                      ; - java.lang.invoke.LambdaForm$MH/0x0000012410084c00::invoke@21
                      ; - java.lang.invoke.Invokers$Holder::linkToTargetMethod@5
                      ; - com.byteshrink.compression.ShannonFanoCompression::generateCodes@63 (line 89)
                      ; - com.byteshrink.compression.ShannonFanoCompression::compress@22 (line 96)
  0x0000012407bbee64: f8be a8ff 

  0x0000012407bbee68: ;   {post_call_nop}
  0x0000012407bbee68: 0f1f 8400 | e037 0069 | 8bfd 4c8b | 7424 28e9 | 35f5 ffff | 410f beeb | bae4 ffff | ff44 8954 
  0x0000012407bbee88: 2444 6690 

  0x0000012407bbee8c: ;   {runtime_call UncommonTrapBlob}
  0x0000012407bbee8c: c5f8 77e8 

  0x0000012407bbee90: ; ImmutableOopMap {[32]=Oop [48]=Oop [56]=Oop [72]=Oop [104]=Oop }
                      ;*bastore {reexecute=0 rethrow=0 return_oop=0}
                      ; - com.byteshrink.compression.ShannonFanoCompression::writeHeader@116 (line 129)
                      ; - com.byteshrink.compression.ShannonFanoCompression::compress@154 (line 107)
  0x0000012407bbee90: cc70 a8ff 

  0x0000012407bbee94: ;   {post_call_nop}
  0x0000012407bbee94: 0f1f 8400 | 0c38 006a | 448b 4c24 | 2c41 83c1 | 02ba e4ff | ffff 4c8b | 5c24 484c | 895c 2438 
  0x0000012407bbeeb4: 4489 4c24 | 4444 8944 | 2450 4489 | 5424 5490 

  0x0000012407bbeec4: ;   {runtime_call UncommonTrapBlob}
  0x0000012407bbeec4: c5f8 77e8 

  0x0000012407bbeec8: ; ImmutableOopMap {rbp=Oop [48]=Oop [56]=Oop [72]=Oop [104]=Oop }
                      ;*bastore {reexecute=0 rethrow=0 return_oop=0}
                      ; - com.byteshrink.compression.ShannonFanoCompression::writeHeader@143 (line 131)
                      ; - com.byteshrink.compression.ShannonFanoCompression::compress@154 (line 107)
  0x0000012407bbeec8: 9470 a8ff 

  0x0000012407bbeecc: ;   {post_call_nop}
  0x0000012407bbeecc: 0f1f 8400 | 4438 006b | bade ffff | ff48 8be8 

  0x0000012407bbeedc: ;   {runtime_call UncommonTrapBlob}
  0x0000012407bbeedc: c5f8 77e8 

  0x0000012407bbeee0: ; ImmutableOopMap {rbp=Oop }
                      ;*checkcast {reexecute=0 rethrow=0 return_oop=0}
                      ; - com.byteshrink.compression.ShannonFanoCompression::writeHeader@109 (line 129)
                      ; - com.byteshrink.compression.ShannonFanoCompression::compress@154 (line 107)
  0x0000012407bbeee0: 7c70 a8ff 

  0x0000012407bbeee4: ;   {post_call_nop}
  0x0000012407bbeee4: 0f1f 8400 | 5c38 006c | bade ffff | ff48 8be8 

  0x0000012407bbeef4: ;   {runtime_call UncommonTrapBlob}
  0x0000012407bbeef4: c5f8 77e8 

  0x0000012407bbeef8: ; ImmutableOopMap {rbp=Oop }
                      ;*checkcast {reexecute=0 rethrow=0 return_oop=0}
                      ; - com.byteshrink.compression.ShannonFanoCompression::writeHeader@124 (line 130)
                      ; - com.byteshrink.compression.ShannonFanoCompression::compress@154 (line 107)
  0x0000012407bbeef8: 6470 a8ff 

  0x0000012407bbeefc: ;   {post_call_nop}
  0x0000012407bbeefc: 0f1f 8400 | 7438 006d | bace ffff | ff48 8b6c | 2428 4889 | 5c24 3889 | 4c24 4044 | 8944 2444 
  0x0000012407bbef1c: ;   {runtime_call UncommonTrapBlob}
  0x0000012407bbef1c: c5f8 77e8 

  0x0000012407bbef20: ; ImmutableOopMap {rbp=Oop [56]=Oop [64]=NarrowOop [72]=Oop }
                      ;*invokestatic getChars {reexecute=0 rethrow=0 return_oop=0}
                      ; - java.lang.StringUTF16::toChars@13 (line 156)
                      ; - java.lang.String::toCharArray@21 (line 4427)
                      ; - com.byteshrink.compression.ShannonFanoCompression::buildFrequencyMap@1 (line 35)
                      ; - com.byteshrink.compression.ShannonFanoCompression::compress@2 (line 93)
  0x0000012407bbef20: 3c70 a8ff 

  0x0000012407bbef24: ;   {post_call_nop}
  0x0000012407bbef24: 0f1f 8400 | 9c38 006e | baf6 ffff | ff66 6690 

  0x0000012407bbef34: ;   {runtime_call UncommonTrapBlob}
  0x0000012407bbef34: c5f8 77e8 

  0x0000012407bbef38: ; ImmutableOopMap {}
                      ;*invokevirtual isEmpty {reexecute=0 rethrow=0 return_oop=0}
                      ; - java.lang.StringConcatHelper::simpleConcat@27 (line 415)
                      ; - java.lang.invoke.DirectMethodHandle$Holder::invokeStatic@11
                      ; - java.lang.invoke.LambdaForm$MH/0x0000012410084c00::invoke@21
                      ; - java.lang.invoke.Invokers$Holder::linkToTargetMethod@5
                      ; - com.byteshrink.compression.ShannonFanoCompression::generateCodes@49 (line 88)
                      ; - com.byteshrink.compression.ShannonFanoCompression::compress@22 (line 96)
  0x0000012407bbef38: 2470 a8ff 

  0x0000012407bbef3c: ;   {post_call_nop}
  0x0000012407bbef3c: 0f1f 8400 | b438 006f | baf6 ffff | ff66 6690 

  0x0000012407bbef4c: ;   {runtime_call UncommonTrapBlob}
  0x0000012407bbef4c: c5f8 77e8 

  0x0000012407bbef50: ; ImmutableOopMap {}
                      ;*invokevirtual isEmpty {reexecute=0 rethrow=0 return_oop=0}
                      ; - java.lang.StringConcatHelper::simpleConcat@27 (line 415)
                      ; - java.lang.invoke.DirectMethodHandle$Holder::invokeStatic@11
                      ; - java.lang.invoke.LambdaForm$MH/0x0000012410084c00::invoke@21
                      ; - java.lang.invoke.Invokers$Holder::linkToTargetMethod@5
                      ; - com.byteshrink.compression.ShannonFanoCompression::generateCodes@63 (line 89)
                      ; - com.byteshrink.compression.ShannonFanoCompression::compress@22 (line 96)
  0x0000012407bbef50: 0c70 a8ff 

  0x0000012407bbef54: ;   {post_call_nop}
  0x0000012407bbef54: 0f1f 8400 | cc38 0070 | 0fbe 6c24 | 30ba e4ff | ffff 6690 

  0x0000012407bbef68: ;   {runtime_call UncommonTrapBlob}
  0x0000012407bbef68: c5f8 77e8 

  0x0000012407bbef6c: ; ImmutableOopMap {[32]=Oop [56]=Oop [104]=Oop }
                      ;*bastore {reexecute=0 rethrow=0 return_oop=0}
                      ; - com.byteshrink.compression.ShannonFanoCompression::writeHeader@9 (line 122)
                      ; - com.byteshrink.compression.ShannonFanoCompression::compress@154 (line 107)
  0x0000012407bbef6c: f06f a8ff 

  0x0000012407bbef70: ;   {post_call_nop}
  0x0000012407bbef70: 0f1f 8400 | e838 0071 | bae4 ffff | ff4c 8b5c | 2450 4c89 | 5c24 2089 | 4424 4890 

  0x0000012407bbef8c: ;   {runtime_call UncommonTrapBlob}
  0x0000012407bbef8c: c5f8 77e8 

  0x0000012407bbef90: ; ImmutableOopMap {[32]=Oop [56]=Oop [104]=Oop }
                      ;*bastore {reexecute=0 rethrow=0 return_oop=0}
                      ; - com.byteshrink.compression.ShannonFanoCompression::writeHeader@32 (line 124)
                      ; - com.byteshrink.compression.ShannonFanoCompression::compress@154 (line 107)
  0x0000012407bbef90: cc6f a8ff 

  0x0000012407bbef94: ;   {post_call_nop}
  0x0000012407bbef94: 0f1f 8400 | 0c39 0072 | bace ffff | ff48 895c | 2420 4c89 | 6c24 2844 | 894c 2438 | 4489 4424 
  0x0000012407bbefb4: 3c66 6690 

  0x0000012407bbefb8: ;   {runtime_call UncommonTrapBlob}
  0x0000012407bbefb8: c5f8 77e8 

  0x0000012407bbefbc: ; ImmutableOopMap {rbp=Oop [32]=Oop [40]=Oop [56]=NarrowOop }
                      ;*invokestatic getChars {reexecute=0 rethrow=0 return_oop=0}
                      ; - java.lang.StringUTF16::toChars@13 (line 156)
                      ; - java.lang.String::toCharArray@21 (line 4427)
                      ; - com.byteshrink.compression.ShannonFanoCompression::compress@34 (line 98)
  0x0000012407bbefbc: a06f a8ff 

  0x0000012407bbefc0: ;   {post_call_nop}
  0x0000012407bbefc0: 0f1f 8400 | 3839 0073 | baf6 ffff | ff66 6690 

  0x0000012407bbefd0: ;   {runtime_call UncommonTrapBlob}
  0x0000012407bbefd0: c5f8 77e8 

  0x0000012407bbefd4: ; ImmutableOopMap {}
                      ;*athrow {reexecute=1 rethrow=0 return_oop=0}
                      ; - (reexecute) java.lang.Integer::parseInt@284 (line 564)
                      ; - com.byteshrink.compression.ShannonFanoCompression::compress@192 (line 111)
  0x0000012407bbefd4: 886f a8ff 

  0x0000012407bbefd8: ;   {post_call_nop}
  0x0000012407bbefd8: 0f1f 8400 | 5039 0074 | bae4 ffff | ff48 ff74 | 2428 488f | 4424 2048 | 8944 2430 | 4489 4424 
  0x0000012407bbeff8: 3866 6690 

  0x0000012407bbeffc: ;   {runtime_call UncommonTrapBlob}
  0x0000012407bbeffc: c5f8 77e8 

  0x0000012407bbf000: ; ImmutableOopMap {[32]=Oop [48]=Oop [56]=NarrowOop [72]=Oop }
                      ;*aaload {reexecute=0 rethrow=0 return_oop=0}
                      ; - java.lang.Character::valueOf@10 (line 9284)
                      ; - com.byteshrink.compression.ShannonFanoCompression::generateCodes@27 (line 84)
                      ; - com.byteshrink.compression.ShannonFanoCompression::compress@22 (line 96)
  0x0000012407bbf000: 5c6f a8ff 

  0x0000012407bbf004: ;   {post_call_nop}
  0x0000012407bbf004: 0f1f 8400 | 7c39 0075 | bacc ffff | ff4c 8b54 | 2448 4c89 | 5424 2844 | 8b44 2450 | 4489 4424 
  0x0000012407bbf024: 484c 8974 | 2450 897c | 244c 4489 | 4c24 6048 | 8974 2468 | 4489 5c24 | 6466 6690 

  0x0000012407bbf040: ;   {runtime_call UncommonTrapBlob}
  0x0000012407bbf040: c5f8 77e8 

  0x0000012407bbf044: ; ImmutableOopMap {rbp=Oop [32]=Oop [40]=Oop [64]=Oop [72]=NarrowOop [80]=Oop [96]=NarrowOop [104]=Oop }
                      ;*invokestatic arraycopy {reexecute=0 rethrow=0 return_oop=0}
                      ; - java.lang.String::getBytes@22 (line 4810)
                      ; - java.lang.StringConcatHelper::doConcat@34 (line 434)
                      ; - java.lang.StringConcatHelper::simpleConcat@44 (line 419)
                      ; - java.lang.invoke.DirectMethodHandle$Holder::invokeStatic@11
                      ; - java.lang.invoke.LambdaForm$MH/0x0000012410084c00::invoke@21
                      ; - java.lang.invoke.Invokers$Holder::linkToTargetMethod@5
                      ; - com.byteshrink.compression.ShannonFanoCompression::generateCodes@49 (line 88)
                      ; - com.byteshrink.compression.ShannonFanoCompression::compress@22 (line 96)
  0x0000012407bbf044: 186f a8ff 

  0x0000012407bbf048: ;   {post_call_nop}
  0x0000012407bbf048: 0f1f 8400 | c039 0076 | bacc ffff | ff4c 8b54 | 2448 4c89 | 5424 2844 | 8b54 2450 | 4489 5424 
  0x0000012407bbf068: 4889 7c24 | 4c89 4c24 | 5848 8974 | 2460 4489 | 4c24 5c90 

  0x0000012407bbf07c: ;   {runtime_call UncommonTrapBlob}
  0x0000012407bbf07c: c5f8 77e8 

  0x0000012407bbf080: ; ImmutableOopMap {[32]=Oop [40]=Oop [64]=Oop [72]=NarrowOop [88]=NarrowOop [96]=Oop }
                      ;*invokestatic arraycopy {reexecute=0 rethrow=0 return_oop=0}
                      ; - java.lang.String::getBytes@22 (line 4810)
                      ; - java.lang.StringConcatHelper::doConcat@45 (line 435)
                      ; - java.lang.StringConcatHelper::simpleConcat@44 (line 419)
                      ; - java.lang.invoke.DirectMethodHandle$Holder::invokeStatic@11
                      ; - java.lang.invoke.LambdaForm$MH/0x0000012410084c00::invoke@21
                      ; - java.lang.invoke.Invokers$Holder::linkToTargetMethod@5
                      ; - com.byteshrink.compression.ShannonFanoCompression::generateCodes@49 (line 88)
                      ; - com.byteshrink.compression.ShannonFanoCompression::compress@22 (line 96)
  0x0000012407bbf080: dc6e a8ff 

  0x0000012407bbf084: ;   {post_call_nop}
  0x0000012407bbf084: 0f1f 8400 | fc39 0077 | bacc ffff | ff4c 8b54 | 2448 4c89 | 5424 2848 | 895c 2440 | 4489 6c24 
  0x0000012407bbf0a4: 3c44 895c | 2450 4c89 | 7424 5844 | 8944 2454 

  0x0000012407bbf0b4: ;   {runtime_call UncommonTrapBlob}
  0x0000012407bbf0b4: c5f8 77e8 

  0x0000012407bbf0b8: ; ImmutableOopMap {rbp=Oop [32]=Oop [40]=Oop [56]=NarrowOop [64]=Oop [80]=NarrowOop [88]=Oop }
                      ;*invokestatic arraycopy {reexecute=0 rethrow=0 return_oop=0}
                      ; - java.lang.String::getBytes@22 (line 4810)
                      ; - java.lang.StringConcatHelper::doConcat@34 (line 434)
                      ; - java.lang.StringConcatHelper::simpleConcat@44 (line 419)
                      ; - java.lang.invoke.DirectMethodHandle$Holder::invokeStatic@11
                      ; - java.lang.invoke.LambdaForm$MH/0x0000012410084c00::invoke@21
                      ; - java.lang.invoke.Invokers$Holder::linkToTargetMethod@5
                      ; - com.byteshrink.compression.ShannonFanoCompression::generateCodes@63 (line 89)
                      ; - com.byteshrink.compression.ShannonFanoCompression::compress@22 (line 96)
  0x0000012407bbf0b8: a46e a8ff 

  0x0000012407bbf0bc: ;   {post_call_nop}
  0x0000012407bbf0bc: 0f1f 8400 | 343a 0078 | bacc ffff | ff4c 8b54 | 2448 4c89 | 5424 2844 | 896c 243c | 894c 2448 
  0x0000012407bbf0dc: 4c89 7424 | 5044 895c | 244c 6690 

  0x0000012407bbf0e8: ;   {runtime_call UncommonTrapBlob}
  0x0000012407bbf0e8: c5f8 77e8 

  0x0000012407bbf0ec: ; ImmutableOopMap {[32]=Oop [40]=Oop [56]=NarrowOop [72]=NarrowOop [80]=Oop }
                      ;*invokestatic arraycopy {reexecute=0 rethrow=0 return_oop=0}
                      ; - java.lang.String::getBytes@22 (line 4810)
                      ; - java.lang.StringConcatHelper::doConcat@45 (line 435)
                      ; - java.lang.StringConcatHelper::simpleConcat@44 (line 419)
                      ; - java.lang.invoke.DirectMethodHandle$Holder::invokeStatic@11
                      ; - java.lang.invoke.LambdaForm$MH/0x0000012410084c00::invoke@21
                      ; - java.lang.invoke.Invokers$Holder::linkToTargetMethod@5
                      ; - com.byteshrink.compression.ShannonFanoCompression::generateCodes@63 (line 89)
                      ; - com.byteshrink.compression.ShannonFanoCompression::compress@22 (line 96)
  0x0000012407bbf0ec: 706e a8ff 

  0x0000012407bbf0f0: ;   {post_call_nop}
  0x0000012407bbf0f0: 0f1f 8400 | 683a 0079 | ba4d ffff | ff4c 8b54 | 2448 4c89 | 5424 2844 | 8b54 2450 | 4489 5424 
  0x0000012407bbf110: 484c 8974 | 2460 4889 | 7424 6844 | 8944 2470 | 897c 2474 

  0x0000012407bbf124: ;   {runtime_call UncommonTrapBlob}
  0x0000012407bbf124: c5f8 77e8 

  0x0000012407bbf128: ; ImmutableOopMap {rbp=Oop [32]=Oop [40]=Oop [64]=Oop [72]=NarrowOop [96]=Oop [104]=Oop }
                      ;*if_icmpne {reexecute=1 rethrow=0 return_oop=0}
                      ; - (reexecute) java.lang.String::getBytes@5 (line 4809)
                      ; - java.lang.StringConcatHelper::doConcat@34 (line 434)
                      ; - java.lang.StringConcatHelper::simpleConcat@44 (line 419)
                      ; - java.lang.invoke.DirectMethodHandle$Holder::invokeStatic@11
                      ; - java.lang.invoke.LambdaForm$MH/0x0000012410084c00::invoke@21
                      ; - java.lang.invoke.Invokers$Holder::linkToTargetMethod@5
                      ; - com.byteshrink.compression.ShannonFanoCompression::generateCodes@49 (line 88)
                      ; - com.byteshrink.compression.ShannonFanoCompression::compress@22 (line 96)
  0x0000012407bbf128: 346e a8ff 

  0x0000012407bbf12c: ;   {post_call_nop}
  0x0000012407bbf12c: 0f1f 8400 | a43a 007a | ba4d ffff | ff4c 8b5c | 2448 4c89 | 5c24 2844 | 8b5c 2450 | 4489 5c24 
  0x0000012407bbf14c: 4848 8974 | 2458 4489 | 4424 6044 | 8954 2464 | 897c 2468 

  0x0000012407bbf160: ;   {runtime_call UncommonTrapBlob}
  0x0000012407bbf160: c5f8 77e8 

  0x0000012407bbf164: ; ImmutableOopMap {rbp=Oop [32]=Oop [40]=Oop [64]=Oop [72]=NarrowOop [88]=Oop }
                      ;*if_icmpne {reexecute=1 rethrow=0 return_oop=0}
                      ; - (reexecute) java.lang.String::getBytes@5 (line 4809)
                      ; - java.lang.StringConcatHelper::doConcat@45 (line 435)
                      ; - java.lang.StringConcatHelper::simpleConcat@44 (line 419)
                      ; - java.lang.invoke.DirectMethodHandle$Holder::invokeStatic@11
                      ; - java.lang.invoke.LambdaForm$MH/0x0000012410084c00::invoke@21
                      ; - java.lang.invoke.Invokers$Holder::linkToTargetMethod@5
                      ; - com.byteshrink.compression.ShannonFanoCompression::generateCodes@49 (line 88)
                      ; - com.byteshrink.compression.ShannonFanoCompression::compress@22 (line 96)
  0x0000012407bbf164: f86d a8ff 

  0x0000012407bbf168: ;   {post_call_nop}
  0x0000012407bbf168: 0f1f 8400 | e03a 007b | ba4d ffff | ff4c 8b54 | 2448 4c89 | 5424 2848 | 895c 2450 | 4c89 7424 
  0x0000012407bbf188: 5844 894c | 2460 4489 | 6c24 6490 

  0x0000012407bbf194: ;   {runtime_call UncommonTrapBlob}
  0x0000012407bbf194: c5f8 77e8 

  0x0000012407bbf198: ; ImmutableOopMap {rbp=Oop [32]=Oop [40]=Oop [56]=NarrowOop [80]=Oop [88]=Oop }
                      ;*if_icmpne {reexecute=1 rethrow=0 return_oop=0}
                      ; - (reexecute) java.lang.String::getBytes@5 (line 4809)
                      ; - java.lang.StringConcatHelper::doConcat@34 (line 434)
                      ; - java.lang.StringConcatHelper::simpleConcat@44 (line 419)
                      ; - java.lang.invoke.DirectMethodHandle$Holder::invokeStatic@11
                      ; - java.lang.invoke.LambdaForm$MH/0x0000012410084c00::invoke@21
                      ; - java.lang.invoke.Invokers$Holder::linkToTargetMethod@5
                      ; - com.byteshrink.compression.ShannonFanoCompression::generateCodes@63 (line 89)
                      ; - com.byteshrink.compression.ShannonFanoCompression::compress@22 (line 96)
  0x0000012407bbf198: c46d a8ff 

  0x0000012407bbf19c: ;   {post_call_nop}
  0x0000012407bbf19c: 0f1f 8400 | 143b 007c | ba4d ffff | ff4c 8b5c | 2448 4c89 | 5c24 284c | 8974 2448 | 4489 4424 
  0x0000012407bbf1bc: 5044 8954 | 2454 4489 | 6c24 5890 

  0x0000012407bbf1c8: ;   {runtime_call UncommonTrapBlob}
  0x0000012407bbf1c8: c5f8 77e8 

  0x0000012407bbf1cc: ; ImmutableOopMap {rbp=Oop [32]=Oop [40]=Oop [56]=NarrowOop [72]=Oop }
                      ;*if_icmpne {reexecute=1 rethrow=0 return_oop=0}
                      ; - (reexecute) java.lang.String::getBytes@5 (line 4809)
                      ; - java.lang.StringConcatHelper::doConcat@45 (line 435)
                      ; - java.lang.StringConcatHelper::simpleConcat@44 (line 419)
                      ; - java.lang.invoke.DirectMethodHandle$Holder::invokeStatic@11
                      ; - java.lang.invoke.LambdaForm$MH/0x0000012410084c00::invoke@21
                      ; - java.lang.invoke.Invokers$Holder::linkToTargetMethod@5
                      ; - com.byteshrink.compression.ShannonFanoCompression::generateCodes@63 (line 89)
                      ; - com.byteshrink.compression.ShannonFanoCompression::compress@22 (line 96)
  0x0000012407bbf1cc: 906d a8ff 

  0x0000012407bbf1d0: ;   {post_call_nop}
  0x0000012407bbf1d0: 0f1f 8400 | 483b 007d | ba4d ffff | ff48 ff74 | 2428 488f | 4424 2048 | 8944 2430 | 4489 4424 
  0x0000012407bbf1f0: 3866 6690 

  0x0000012407bbf1f4: ;   {runtime_call UncommonTrapBlob}
  0x0000012407bbf1f4: c5f8 77e8 

  0x0000012407bbf1f8: ; ImmutableOopMap {[32]=Oop [48]=Oop [56]=NarrowOop [72]=Oop }
                      ;*if_icmpgt {reexecute=1 rethrow=0 return_oop=0}
                      ; - (reexecute) java.lang.Character::valueOf@3 (line 9283)
                      ; - com.byteshrink.compression.ShannonFanoCompression::generateCodes@27 (line 84)
                      ; - com.byteshrink.compression.ShannonFanoCompression::compress@22 (line 96)
  0x0000012407bbf1f8: 646d a8ff 

  0x0000012407bbf1fc: ;   {post_call_nop}
  0x0000012407bbf1fc: 0f1f 8400 | 743b 007e | ba4d ffff | ff4c 8b54 | 2448 4c89 | 5424 2844 | 8b54 2450 | 4489 5424 
  0x0000012407bbf21c: 484c 8974 | 2450 897c | 244c 4489 | 6c24 5890 

  0x0000012407bbf22c: ;   {runtime_call UncommonTrapBlob}
  0x0000012407bbf22c: c5f8 77e8 

  0x0000012407bbf230: ; ImmutableOopMap {rbp=Oop [32]=Oop [40]=Oop [64]=Oop [72]=NarrowOop [80]=Oop }
                      ;*ifge {reexecute=1 rethrow=0 return_oop=0}
                      ; - (reexecute) java.lang.StringConcatHelper::newArray@1 (line 572)
                      ; - java.lang.StringConcatHelper::doConcat@24 (line 433)
                      ; - java.lang.StringConcatHelper::simpleConcat@44 (line 419)
                      ; - java.lang.invoke.DirectMethodHandle$Holder::invokeStatic@11
                      ; - java.lang.invoke.LambdaForm$MH/0x0000012410084c00::invoke@21
                      ; - java.lang.invoke.Invokers$Holder::linkToTargetMethod@5
                      ; - com.byteshrink.compression.ShannonFanoCompression::generateCodes@49 (line 88)
                      ; - com.byteshrink.compression.ShannonFanoCompression::compress@22 (line 96)
  0x0000012407bbf230: 2c6d a8ff 

  0x0000012407bbf234: ;   {post_call_nop}
  0x0000012407bbf234: 0f1f 8400 | ac3b 007f | ba4d ffff | ff4c 8b54 | 2448 4c89 | 5424 2848 | 895c 2440 | 4489 6c24 
  0x0000012407bbf254: 3c89 7424 | 4866 6690 

  0x0000012407bbf25c: ;   {runtime_call UncommonTrapBlob}
  0x0000012407bbf25c: c5f8 77e8 

  0x0000012407bbf260: ; ImmutableOopMap {rbp=Oop [32]=Oop [40]=Oop [56]=NarrowOop [64]=Oop }
                      ;*ifge {reexecute=1 rethrow=0 return_oop=0}
                      ; - (reexecute) java.lang.StringConcatHelper::newArray@1 (line 572)
                      ; - java.lang.StringConcatHelper::doConcat@24 (line 433)
                      ; - java.lang.StringConcatHelper::simpleConcat@44 (line 419)
                      ; - java.lang.invoke.DirectMethodHandle$Holder::invokeStatic@11
                      ; - java.lang.invoke.LambdaForm$MH/0x0000012410084c00::invoke@21
                      ; - java.lang.invoke.Invokers$Holder::linkToTargetMethod@5
                      ; - com.byteshrink.compression.ShannonFanoCompression::generateCodes@63 (line 89)
                      ; - com.byteshrink.compression.ShannonFanoCompression::compress@22 (line 96)
  0x0000012407bbf260: fc6c a8ff 

  0x0000012407bbf264: ;   {post_call_nop}
  0x0000012407bbf264: 0f1f 8400 | dc3b 0080 | bade ffff | ff48 895c | 2420 4489 | 5424 3044 | 895c 2434 | 4c89 6c24 
  0x0000012407bbf284: 3844 894c | 2440 6690 

  0x0000012407bbf28c: ;   {runtime_call UncommonTrapBlob}
  0x0000012407bbf28c: c5f8 77e8 

  0x0000012407bbf290: ; ImmutableOopMap {rbp=Oop [32]=Oop [56]=Oop [64]=NarrowOop }
                      ;*checkcast {reexecute=0 rethrow=0 return_oop=0}
                      ; - com.byteshrink.compression.ShannonFanoCompression::compress@71 (line 99)
  0x0000012407bbf290: cc6c a8ff 

  0x0000012407bbf294: ;   {post_call_nop}
  0x0000012407bbf294: 0f1f 8400 | 0c3c 0081 | bade ffff | ff4c 8b44 | 2448 4c89 | 4424 2044 | 8954 2440 | 4c89 5c24 
  0x0000012407bbf2b4: 4866 6690 

  0x0000012407bbf2b8: ;   {runtime_call UncommonTrapBlob}
  0x0000012407bbf2b8: c5f8 77e8 

  0x0000012407bbf2bc: ; ImmutableOopMap {[32]=Oop [40]=Oop [56]=Oop [64]=NarrowOop [72]=Oop [92]=NarrowOop }
                      ;*checkcast {reexecute=0 rethrow=0 return_oop=0}
                      ; - com.byteshrink.compression.ShannonFanoCompression::buildFrequencyMap@45 (line 36)
                      ; - com.byteshrink.compression.ShannonFanoCompression::compress@2 (line 93)
  0x0000012407bbf2bc: a06c a8ff 

  0x0000012407bbf2c0: ;   {post_call_nop}
  0x0000012407bbf2c0: 0f1f 8400 | 383c 0082 | baf6 ffff | ff41 8be8 

  0x0000012407bbf2d0: ;   {runtime_call UncommonTrapBlob}
  0x0000012407bbf2d0: c5f8 77e8 

  0x0000012407bbf2d4: ; ImmutableOopMap {rbp=NarrowOop }
                      ;*invokeinterface getOrDefault {reexecute=0 rethrow=0 return_oop=0}
                      ; - com.byteshrink.compression.ShannonFanoCompression::buildFrequencyMap@40 (line 36)
                      ; - com.byteshrink.compression.ShannonFanoCompression::compress@2 (line 93)
  0x0000012407bbf2d4: 886c a8ff 

  0x0000012407bbf2d8: ;   {post_call_nop}
  0x0000012407bbf2d8: 0f1f 8400 | 503c 0083 | baf4 ffff | ff4c 8b44 | 2448 4c89 | 4424 2044 | 8954 2440 | 448b 4424 
  0x0000012407bbf2f8: 5c44 8944 | 2448 4489 | 5c24 4c44 | 8944 2454 

  0x0000012407bbf308: ;   {runtime_call UncommonTrapBlob}
  0x0000012407bbf308: c5f8 77e8 

  0x0000012407bbf30c: ; ImmutableOopMap {[32]=Oop [40]=Oop [56]=Oop [64]=NarrowOop [72]=NarrowOop [76]=NarrowOop [84]=NarrowOop }
                      ;*instanceof {reexecute=0 rethrow=0 return_oop=0}
                      ; - java.lang.Character::equals@1 (line 9334)
                      ; - java.util.HashMap::getNode@63 (line 579)
                      ; - java.util.HashMap::getOrDefault@2 (line 1148)
                      ; - com.byteshrink.compression.ShannonFanoCompression::buildFrequencyMap@40 (line 36)
                      ; - com.byteshrink.compression.ShannonFanoCompression::compress@2 (line 93)
  0x0000012407bbf30c: 506c a8ff 

  0x0000012407bbf310: ;   {post_call_nop}
  0x0000012407bbf310: 0f1f 8400 | 883c 0084 | baf4 ffff | ff4c 8b5c | 2448 4c89 | 5c24 2044 | 8954 2440 | 448b 5424 
  0x0000012407bbf330: 5c44 8954 | 2444 4c89 | 4c24 5044 | 8b54 2458 | 4489 5424 | 4c66 6690 

  0x0000012407bbf348: ;   {runtime_call UncommonTrapBlob}
  0x0000012407bbf348: c5f8 77e8 

  0x0000012407bbf34c: ; ImmutableOopMap {[32]=Oop [40]=Oop [56]=Oop [64]=NarrowOop [68]=NarrowOop [80]=Oop }
                      ;*instanceof {reexecute=0 rethrow=0 return_oop=0}
                      ; - java.lang.Character::equals@1 (line 9334)
                      ; - java.util.HashMap::getNode@128 (line 586)
                      ; - java.util.HashMap::getOrDefault@2 (line 1148)
                      ; - com.byteshrink.compression.ShannonFanoCompression::buildFrequencyMap@40 (line 36)
                      ; - com.byteshrink.compression.ShannonFanoCompression::compress@2 (line 93)
  0x0000012407bbf34c: 106c a8ff 

  0x0000012407bbf350: ;   {post_call_nop}
  0x0000012407bbf350: 0f1f 8400 | c83c 0085 | baf6 ffff | ff41 8be9 

  0x0000012407bbf360: ;   {runtime_call UncommonTrapBlob}
  0x0000012407bbf360: c5f8 77e8 

  0x0000012407bbf364: ; ImmutableOopMap {rbp=NarrowOop }
                      ;*invokeinterface get {reexecute=0 rethrow=0 return_oop=0}
                      ; - com.byteshrink.compression.ShannonFanoCompression::compress@66 (line 99)
  0x0000012407bbf364: f86b a8ff 

  0x0000012407bbf368: ;   {post_call_nop}
  0x0000012407bbf368: 0f1f 8400 | e03c 0086 | baf6 ffff | ff66 6690 

  0x0000012407bbf378: ;   {runtime_call UncommonTrapBlob}
  0x0000012407bbf378: c5f8 77e8 

  0x0000012407bbf37c: ; ImmutableOopMap {}
                      ;*arraylength {reexecute=0 rethrow=0 return_oop=0}
                      ; - java.lang.String::length@4 (line 1580)
                      ; - java.lang.AbstractStringBuilder::append@10 (line 590)
                      ; - java.lang.StringBuilder::append@2 (line 179)
                      ; - com.byteshrink.compression.ShannonFanoCompression::compress@74 (line 99)
  0x0000012407bbf37c: e06b a8ff 

  0x0000012407bbf380: ;   {post_call_nop}
  0x0000012407bbf380: 0f1f 8400 | f83c 0087 | baf6 ffff | ff66 6690 

  0x0000012407bbf390: ;   {runtime_call UncommonTrapBlob}
  0x0000012407bbf390: c5f8 77e8 

  0x0000012407bbf394: ; ImmutableOopMap {}
                      ;*arraylength {reexecute=0 rethrow=0 return_oop=0}
                      ; - java.lang.AbstractStringBuilder::ensureCapacityInternal@4 (line 244)
                      ; - java.lang.AbstractStringBuilder::append@21 (line 591)
                      ; - java.lang.StringBuilder::append@2 (line 179)
                      ; - com.byteshrink.compression.ShannonFanoCompression::compress@74 (line 99)
  0x0000012407bbf394: c86b a8ff 

  0x0000012407bbf398: ;   {post_call_nop}
  0x0000012407bbf398: 0f1f 8400 | 103d 0088 | baf6 ffff | ff66 6690 

  0x0000012407bbf3a8: ;   {runtime_call UncommonTrapBlob}
  0x0000012407bbf3a8: c5f8 77e8 

  0x0000012407bbf3ac: ; ImmutableOopMap {}
                      ;*arraylength {reexecute=0 rethrow=0 return_oop=0}
                      ; - java.lang.String::getBytes@21 (line 4810)
                      ; - java.lang.AbstractStringBuilder::putStringAt@15 (line 1764)
                      ; - java.lang.AbstractStringBuilder::append@30 (line 592)
                      ; - java.lang.StringBuilder::append@2 (line 179)
                      ; - com.byteshrink.compression.ShannonFanoCompression::compress@74 (line 99)
  0x0000012407bbf3ac: b06b a8ff 

  0x0000012407bbf3b0: ;   {post_call_nop}
  0x0000012407bbf3b0: 0f1f 8400 | 283d 0089 | baf6 ffff | ff8b eb44 | 8954 2420 | 4489 4424 | 2466 6690 

  0x0000012407bbf3cc: ;   {runtime_call UncommonTrapBlob}
  0x0000012407bbf3cc: c5f8 77e8 

  0x0000012407bbf3d0: ; ImmutableOopMap {rbp=NarrowOop }
                      ;*invokestatic arraycopy {reexecute=0 rethrow=0 return_oop=0}
                      ; - java.lang.String::getBytes@22 (line 4810)
                      ; - java.lang.AbstractStringBuilder::putStringAt@15 (line 1764)
                      ; - java.lang.AbstractStringBuilder::append@30 (line 592)
                      ; - java.lang.StringBuilder::append@2 (line 179)
                      ; - com.byteshrink.compression.ShannonFanoCompression::compress@74 (line 99)
  0x0000012407bbf3d0: 8c6b a8ff 

  0x0000012407bbf3d4: ;   {post_call_nop}
  0x0000012407bbf3d4: 0f1f 8400 | 4c3d 008a | baf4 ffff | ff48 895c | 2420 4489 | 5424 3044 | 895c 2434 | 4c89 6c24 
  0x0000012407bbf3f4: 3848 8974 | 2448 4489 | 4424 4444 | 894c 2450 

  0x0000012407bbf404: ;   {runtime_call UncommonTrapBlob}
  0x0000012407bbf404: c5f8 77e8 

  0x0000012407bbf408: ; ImmutableOopMap {rbp=Oop [32]=Oop [56]=Oop [72]=Oop [80]=NarrowOop }
                      ;*instanceof {reexecute=0 rethrow=0 return_oop=0}
                      ; - java.lang.Character::equals@1 (line 9334)
                      ; - java.util.HashMap::getNode@128 (line 586)
                      ; - java.util.HashMap::get@2 (line 565)
                      ; - com.byteshrink.compression.ShannonFanoCompression::compress@66 (line 99)
  0x0000012407bbf408: 546b a8ff 

  0x0000012407bbf40c: ;   {post_call_nop}
  0x0000012407bbf40c: 0f1f 8400 | 843d 008b | baf4 ffff | ff48 895c | 2420 4489 | 5424 3044 | 895c 2434 | 4c89 6c24 
  0x0000012407bbf42c: 3889 7c24 | 4444 8944 | 2448 4489 | 4c24 4c90 

  0x0000012407bbf43c: ;   {runtime_call UncommonTrapBlob}
  0x0000012407bbf43c: c5f8 77e8 

  0x0000012407bbf440: ; ImmutableOopMap {rbp=Oop [32]=Oop [56]=Oop [68]=NarrowOop [76]=NarrowOop }
                      ;*instanceof {reexecute=0 rethrow=0 return_oop=0}
                      ; - java.lang.Character::equals@1 (line 9334)
                      ; - java.util.HashMap::getNode@63 (line 579)
                      ; - java.util.HashMap::get@2 (line 565)
                      ; - com.byteshrink.compression.ShannonFanoCompression::compress@66 (line 99)
  0x0000012407bbf440: 1c6b a8ff 

  0x0000012407bbf444: ;   {post_call_nop}
  0x0000012407bbf444: 0f1f 8400 | bc3d 008c | baf6 ffff | ff66 6690 

  0x0000012407bbf454: ;   {runtime_call UncommonTrapBlob}
  0x0000012407bbf454: c5f8 77e8 

  0x0000012407bbf458: ; ImmutableOopMap {}
                      ;*arraylength {reexecute=0 rethrow=0 return_oop=0}
                      ; - java.lang.StringLatin1::charAt@2 (line 46)
                      ; - java.lang.String::charAt@12 (line 1616)
                      ; - java.lang.Integer::parseInt@189 (line 555)
                      ; - com.byteshrink.compression.ShannonFanoCompression::compress@192 (line 111)
  0x0000012407bbf458: 046b a8ff 

  0x0000012407bbf45c: ;   {post_call_nop}
  0x0000012407bbf45c: 0f1f 8400 | d43d 008d | baf6 ffff | ff49 8bea | 4889 7c24 | 284c 8b54 | 2448 4c89 | 5424 3044 
  0x0000012407bbf47c: 895c 2438 | 4489 4424 | 3c89 5c24 | 4044 894c | 2448 894c | 244c 6690 

  0x0000012407bbf494: ;   {runtime_call UncommonTrapBlob}
  0x0000012407bbf494: c5f8 77e8 

  0x0000012407bbf498: ; ImmutableOopMap {rbp=Oop [40]=Oop [48]=Oop [64]=NarrowOop }
                      ;*newarray {reexecute=1 rethrow=0 return_oop=0}
                      ; - (reexecute) java.util.Arrays::copyOfRange@59 (line 3849)
                      ; - java.lang.StringLatin1::newString@16 (line 856)
                      ; - java.lang.AbstractStringBuilder::substring@28 (line 1091)
                      ; - java.lang.StringBuilder::substring@3 (line 91)
                      ; - com.byteshrink.compression.ShannonFanoCompression::compress@177 (line 110)
  0x0000012407bbf498: c46a a8ff 

  0x0000012407bbf49c: ;   {post_call_nop}
  0x0000012407bbf49c: 0f1f 8400 | 143e 008e | baf6 ffff | ff66 6690 

  0x0000012407bbf4ac: ;   {runtime_call UncommonTrapBlob}
  0x0000012407bbf4ac: c5f8 77e8 

  0x0000012407bbf4b0: ; ImmutableOopMap {}
                      ;*arraylength {reexecute=0 rethrow=0 return_oop=0}
                      ; - java.util.Arrays::copyOfRange@6 (line 3842)
                      ; - java.lang.StringLatin1::newString@16 (line 856)
                      ; - java.lang.AbstractStringBuilder::substring@28 (line 1091)
                      ; - java.lang.StringBuilder::substring@3 (line 91)
                      ; - com.byteshrink.compression.ShannonFanoCompression::compress@177 (line 110)
  0x0000012407bbf4b0: ac6a a8ff 

  0x0000012407bbf4b4: ;   {post_call_nop}
  0x0000012407bbf4b4: 0f1f 8400 | 2c3e 008f | e98f ebff | ffe9 8aeb | ffff e985 | ebff ffe9 | 80eb ffff | e97b ebff 
  0x0000012407bbf4d4: ffe9 76eb | ffff e971 | ebff ffe9 | 6ceb ffff | e967 ebff | ffe9 62eb | ffff e95d | ebff ffe9 
  0x0000012407bbf4f4: 58eb ffff | baf6 ffff | ff66 6690 

  0x0000012407bbf500: ;   {runtime_call UncommonTrapBlob}
  0x0000012407bbf500: c5f8 77e8 

  0x0000012407bbf504: ; ImmutableOopMap {}
                      ;*invokevirtual toCharArray {reexecute=0 rethrow=0 return_oop=0}
                      ; - com.byteshrink.compression.ShannonFanoCompression::buildFrequencyMap@1 (line 35)
                      ; - com.byteshrink.compression.ShannonFanoCompression::compress@2 (line 93)
  0x0000012407bbf504: 586a a8ff 

  0x0000012407bbf508: ;   {post_call_nop}
  0x0000012407bbf508: 0f1f 8400 | 803e 0090 | baf4 ffff | ff48 8b6c | 2428 6690 

  0x0000012407bbf51c: ;   {runtime_call UncommonTrapBlob}
  0x0000012407bbf51c: c5f8 77e8 

  0x0000012407bbf520: ; ImmutableOopMap {rbp=Oop [48]=Oop [56]=Oop [72]=Oop }
                      ;*checkcast {reexecute=0 rethrow=0 return_oop=0}
                      ; - com.byteshrink.compression.ShannonFanoCompression::buildSortedNodeList@32 (line 42)
                      ; - com.byteshrink.compression.ShannonFanoCompression::compress@6 (line 94)
  0x0000012407bbf520: 3c6a a8ff 

  0x0000012407bbf524: ;   {post_call_nop}
  0x0000012407bbf524: 0f1f 8400 | 9c3e 0091 | baf4 ffff | ff48 8b6c | 2428 4c8b | 5424 484c | 8954 2420 

  0x0000012407bbf540: ;   {runtime_call UncommonTrapBlob}
  0x0000012407bbf540: c5f8 77e8 

  0x0000012407bbf544: ; ImmutableOopMap {rbp=Oop [32]=Oop [48]=Oop [56]=Oop [64]=Oop [80]=Oop }
                      ;*checkcast {reexecute=0 rethrow=0 return_oop=0}
                      ; - com.byteshrink.compression.ShannonFanoCompression::buildSortedNodeList@47 (line 43)
                      ; - com.byteshrink.compression.ShannonFanoCompression::compress@6 (line 94)
  0x0000012407bbf544: 186a a8ff 

  0x0000012407bbf548: ;   {post_call_nop}
  0x0000012407bbf548: 0f1f 8400 | c03e 0092 | baf4 ffff | ff4c 8b54 | 2428 4c89 | 5424 204c | 8b54 2448 | 4c89 5424 
  0x0000012407bbf568: 2866 6690 

  0x0000012407bbf56c: ;   {runtime_call UncommonTrapBlob}
  0x0000012407bbf56c: c5f8 77e8 

  0x0000012407bbf570: ; ImmutableOopMap {[32]=Oop [40]=Oop [48]=Oop [56]=Oop [80]=Oop }
                      ;*checkcast {reexecute=0 rethrow=0 return_oop=0}
                      ; - com.byteshrink.compression.ShannonFanoCompression::buildSortedNodeList@59 (line 43)
                      ; - com.byteshrink.compression.ShannonFanoCompression::compress@6 (line 94)
  0x0000012407bbf570: ec69 a8ff 

  0x0000012407bbf574: ;   {post_call_nop}
  0x0000012407bbf574: 0f1f 8400 | ec3e 0093 | e9cf eaff | ffe9 caea | ffff e9c5 | eaff ffe9 | c0ea ffff | e9bb eaff 
  0x0000012407bbf594: ffe9 b6ea | ffff e9b1 | eaff ffe9 | acea ffff | baf6 ffff | ff66 6690 

  0x0000012407bbf5ac: ;   {runtime_call UncommonTrapBlob}
  0x0000012407bbf5ac: c5f8 77e8 

  0x0000012407bbf5b0: ; ImmutableOopMap {}
                      ;*arraylength {reexecute=0 rethrow=0 return_oop=0}
                      ; - java.lang.StringLatin1::toChars@1 (line 75)
                      ; - java.lang.String::toCharArray@11 (line 4426)
                      ; - com.byteshrink.compression.ShannonFanoCompression::buildFrequencyMap@1 (line 35)
                      ; - com.byteshrink.compression.ShannonFanoCompression::compress@2 (line 93)
  0x0000012407bbf5b0: ac69 a8ff 

  0x0000012407bbf5b4: ;   {post_call_nop}
  0x0000012407bbf5b4: 0f1f 8400 | 2c3f 0094 | e98f eaff | ffe9 8aea | ffff e985 | eaff ffe9 | 80ea ffff | e97b eaff 
  0x0000012407bbf5d4: ffe9 76ea | ffff baf6 | ffff ff90 

  0x0000012407bbf5e0: ;   {runtime_call UncommonTrapBlob}
  0x0000012407bbf5e0: c5f8 77e8 

  0x0000012407bbf5e4: ; ImmutableOopMap {}
                      ;*arraylength {reexecute=0 rethrow=0 return_oop=0}
                      ; - java.lang.StringLatin1::toChars@1 (line 75)
                      ; - java.lang.String::toCharArray@11 (line 4426)
                      ; - com.byteshrink.compression.ShannonFanoCompression::compress@34 (line 98)
  0x0000012407bbf5e4: 7869 a8ff 

  0x0000012407bbf5e8: ;   {post_call_nop}
  0x0000012407bbf5e8: 0f1f 8400 | 603f 0095 | e95b eaff | ffe9 56ea | ffff e951 | eaff ffe9 | 4cea ffff | baf6 ffff 
  0x0000012407bbf608: ff66 6690 

  0x0000012407bbf60c: ;   {runtime_call UncommonTrapBlob}
  0x0000012407bbf60c: c5f8 77e8 

  0x0000012407bbf610: ; ImmutableOopMap {}
                      ;*getfield value {reexecute=1 rethrow=0 return_oop=0}
                      ; - (reexecute) java.lang.String::<init>@6 (line 264)
                      ; - java.lang.StringConcatHelper::simpleConcat@22 (line 413)
                      ; - java.lang.invoke.DirectMethodHandle$Holder::invokeStatic@11
                      ; - java.lang.invoke.LambdaForm$MH/0x0000012410084c00::invoke@21
                      ; - java.lang.invoke.Invokers$Holder::linkToTargetMethod@5
                      ; - com.byteshrink.compression.ShannonFanoCompression::generateCodes@49 (line 88)
                      ; - com.byteshrink.compression.ShannonFanoCompression::compress@22 (line 96)
  0x0000012407bbf610: 4c69 a8ff 

  0x0000012407bbf614: ;   {post_call_nop}
  0x0000012407bbf614: 0f1f 8400 | 8c3f 0096 | baf6 ffff | ff66 6690 

  0x0000012407bbf624: ;   {runtime_call UncommonTrapBlob}
  0x0000012407bbf624: c5f8 77e8 

  0x0000012407bbf628: ; ImmutableOopMap {}
                      ;*getfield value {reexecute=1 rethrow=0 return_oop=0}
                      ; - (reexecute) java.lang.String::<init>@6 (line 264)
                      ; - java.lang.StringConcatHelper::simpleConcat@22 (line 413)
                      ; - java.lang.invoke.DirectMethodHandle$Holder::invokeStatic@11
                      ; - java.lang.invoke.LambdaForm$MH/0x0000012410084c00::invoke@21
                      ; - java.lang.invoke.Invokers$Holder::linkToTargetMethod@5
                      ; - com.byteshrink.compression.ShannonFanoCompression::generateCodes@63 (line 89)
                      ; - com.byteshrink.compression.ShannonFanoCompression::compress@22 (line 96)
  0x0000012407bbf628: 3469 a8ff 

  0x0000012407bbf62c: ;   {post_call_nop}
  0x0000012407bbf62c: 0f1f 8400 | a43f 0097 | e917 eaff | ffe9 12ea | ffff e90d | eaff ffe9 | 08ea ffff | e903 eaff 
  0x0000012407bbf64c: ffe9 fee9 | ffff baf4 | ffff ff4c | 8b54 2448 | 4c89 5424 | 4066 6690 

  0x0000012407bbf664: ;   {runtime_call UncommonTrapBlob}
  0x0000012407bbf664: c5f8 77e8 

  0x0000012407bbf668: ; ImmutableOopMap {rbp=Oop [48]=Oop [64]=Oop [72]=Oop [104]=Oop }
                      ;*checkcast {reexecute=0 rethrow=0 return_oop=0}
                      ; - com.byteshrink.compression.ShannonFanoCompression::writeHeader@92 (line 128)
                      ; - com.byteshrink.compression.ShannonFanoCompression::compress@154 (line 107)
  0x0000012407bbf668: f468 a8ff 

  0x0000012407bbf66c: ;   {post_call_nop}
  0x0000012407bbf66c: 0f1f 8400 | e43f 0098 | baf4 ffff | ff44 8b54 | 2440 4489 | 5424 284c | 8b54 2448 | 4c89 5424 
  0x0000012407bbf68c: 4066 6690 

  0x0000012407bbf690: ;   {runtime_call UncommonTrapBlob}
  0x0000012407bbf690: c5f8 77e8 

  0x0000012407bbf694: ; ImmutableOopMap {rbp=Oop [48]=Oop [56]=Oop [64]=Oop [72]=Oop [104]=Oop }
                      ;*checkcast {reexecute=0 rethrow=0 return_oop=0}
                      ; - com.byteshrink.compression.ShannonFanoCompression::writeHeader@109 (line 129)
                      ; - com.byteshrink.compression.ShannonFanoCompression::compress@154 (line 107)
  0x0000012407bbf694: c868 a8ff 

  0x0000012407bbf698: ;   {post_call_nop}
  0x0000012407bbf698: 0f1f 8400 | 1040 0099 | baf4 ffff | ff4c 8b54 | 2448 4c89 | 5424 3890 

  0x0000012407bbf6b0: ;   {runtime_call UncommonTrapBlob}
  0x0000012407bbf6b0: c5f8 77e8 

  0x0000012407bbf6b4: ; ImmutableOopMap {rbp=Oop [48]=Oop [56]=Oop [72]=Oop [104]=Oop }
                      ;*checkcast {reexecute=0 rethrow=0 return_oop=0}
                      ; - com.byteshrink.compression.ShannonFanoCompression::writeHeader@124 (line 130)
                      ; - com.byteshrink.compression.ShannonFanoCompression::compress@154 (line 107)
  0x0000012407bbf6b4: a868 a8ff 

  0x0000012407bbf6b8: ;   {post_call_nop}
  0x0000012407bbf6b8: 0f1f 8400 | 3040 009a | baf6 ffff | ff66 6690 

  0x0000012407bbf6c8: ;   {runtime_call UncommonTrapBlob}
  0x0000012407bbf6c8: c5f8 77e8 

  0x0000012407bbf6cc: ; ImmutableOopMap {}
                      ;*arraylength {reexecute=0 rethrow=0 return_oop=0}
                      ; - java.lang.StringUTF16::toChars@1 (line 155)
                      ; - java.lang.String::toCharArray@21 (line 4427)
                      ; - com.byteshrink.compression.ShannonFanoCompression::buildFrequencyMap@1 (line 35)
                      ; - com.byteshrink.compression.ShannonFanoCompression::compress@2 (line 93)
  0x0000012407bbf6cc: 9068 a8ff 

  0x0000012407bbf6d0: ;   {post_call_nop}
  0x0000012407bbf6d0: 0f1f 8400 | 4840 009b | e973 e9ff | ffe9 6ee9 | ffff baf6 | ffff ff90 

  0x0000012407bbf6e8: ;   {runtime_call UncommonTrapBlob}
  0x0000012407bbf6e8: c5f8 77e8 

  0x0000012407bbf6ec: ; ImmutableOopMap {}
                      ;*arraylength {reexecute=0 rethrow=0 return_oop=0}
                      ; - java.lang.StringUTF16::toChars@1 (line 155)
                      ; - java.lang.String::toCharArray@21 (line 4427)
                      ; - com.byteshrink.compression.ShannonFanoCompression::compress@34 (line 98)
  0x0000012407bbf6ec: 7068 a8ff 

  0x0000012407bbf6f0: ;   {post_call_nop}
  0x0000012407bbf6f0: 0f1f 8400 | 6840 009c | baf6 ffff | ff66 6690 

  0x0000012407bbf700: ;   {runtime_call UncommonTrapBlob}
  0x0000012407bbf700: c5f8 77e8 

  0x0000012407bbf704: ; ImmutableOopMap {}
                      ;*arraylength {reexecute=0 rethrow=0 return_oop=0}
                      ; - java.lang.String::length@4 (line 1580)
                      ; - java.lang.StringConcatHelper::doConcat@12 (line 432)
                      ; - java.lang.StringConcatHelper::simpleConcat@44 (line 419)
                      ; - java.lang.invoke.DirectMethodHandle$Holder::invokeStatic@11
                      ; - java.lang.invoke.LambdaForm$MH/0x0000012410084c00::invoke@21
                      ; - java.lang.invoke.Invokers$Holder::linkToTargetMethod@5
                      ; - com.byteshrink.compression.ShannonFanoCompression::generateCodes@49 (line 88)
                      ; - com.byteshrink.compression.ShannonFanoCompression::compress@22 (line 96)
  0x0000012407bbf704: 5868 a8ff 

  0x0000012407bbf708: ;   {post_call_nop}
  0x0000012407bbf708: 0f1f 8400 | 8040 009d | baf6 ffff | ff66 6690 

  0x0000012407bbf718: ;   {runtime_call UncommonTrapBlob}
  0x0000012407bbf718: c5f8 77e8 

  0x0000012407bbf71c: ; ImmutableOopMap {}
                      ;*arraylength {reexecute=0 rethrow=0 return_oop=0}
                      ; - java.lang.String::length@4 (line 1580)
                      ; - java.lang.StringConcatHelper::doConcat@16 (line 432)
                      ; - java.lang.StringConcatHelper::simpleConcat@44 (line 419)
                      ; - java.lang.invoke.DirectMethodHandle$Holder::invokeStatic@11
                      ; - java.lang.invoke.LambdaForm$MH/0x0000012410084c00::invoke@21
                      ; - java.lang.invoke.Invokers$Holder::linkToTargetMethod@5
                      ; - com.byteshrink.compression.ShannonFanoCompression::generateCodes@49 (line 88)
                      ; - com.byteshrink.compression.ShannonFanoCompression::compress@22 (line 96)
  0x0000012407bbf71c: 4068 a8ff 

  0x0000012407bbf720: ;   {post_call_nop}
  0x0000012407bbf720: 0f1f 8400 | 9840 009e | baf6 ffff | ff66 6690 

  0x0000012407bbf730: ;   {runtime_call UncommonTrapBlob}
  0x0000012407bbf730: c5f8 77e8 

  0x0000012407bbf734: ; ImmutableOopMap {}
                      ;*arraylength {reexecute=0 rethrow=0 return_oop=0}
                      ; - java.lang.String::length@4 (line 1580)
                      ; - java.lang.StringConcatHelper::doConcat@41 (line 435)
                      ; - java.lang.StringConcatHelper::simpleConcat@44 (line 419)
                      ; - java.lang.invoke.DirectMethodHandle$Holder::invokeStatic@11
                      ; - java.lang.invoke.LambdaForm$MH/0x0000012410084c00::invoke@21
                      ; - java.lang.invoke.Invokers$Holder::linkToTargetMethod@5
                      ; - com.byteshrink.compression.ShannonFanoCompression::generateCodes@49 (line 88)
                      ; - com.byteshrink.compression.ShannonFanoCompression::compress@22 (line 96)
  0x0000012407bbf734: 2868 a8ff 

  0x0000012407bbf738: ;   {post_call_nop}
  0x0000012407bbf738: 0f1f 8400 | b040 009f | baf6 ffff | ff66 6690 

  0x0000012407bbf748: ;   {runtime_call UncommonTrapBlob}
  0x0000012407bbf748: c5f8 77e8 

  0x0000012407bbf74c: ; ImmutableOopMap {}
                      ;*arraylength {reexecute=0 rethrow=0 return_oop=0}
                      ; - java.lang.String::getBytes@21 (line 4810)
                      ; - java.lang.StringConcatHelper::doConcat@45 (line 435)
                      ; - java.lang.StringConcatHelper::simpleConcat@44 (line 419)
                      ; - java.lang.invoke.DirectMethodHandle$Holder::invokeStatic@11
                      ; - java.lang.invoke.LambdaForm$MH/0x0000012410084c00::invoke@21
                      ; - java.lang.invoke.Invokers$Holder::linkToTargetMethod@5
                      ; - com.byteshrink.compression.ShannonFanoCompression::generateCodes@49 (line 88)
                      ; - com.byteshrink.compression.ShannonFanoCompression::compress@22 (line 96)
  0x0000012407bbf74c: 1068 a8ff 

  0x0000012407bbf750: ;   {post_call_nop}
  0x0000012407bbf750: 0f1f 8400 | c840 00a0 | baf6 ffff | ff66 6690 

  0x0000012407bbf760: ;   {runtime_call UncommonTrapBlob}
  0x0000012407bbf760: c5f8 77e8 

  0x0000012407bbf764: ; ImmutableOopMap {}
                      ;*arraylength {reexecute=0 rethrow=0 return_oop=0}
                      ; - java.lang.String::length@4 (line 1580)
                      ; - java.lang.StringConcatHelper::doConcat@12 (line 432)
                      ; - java.lang.StringConcatHelper::simpleConcat@44 (line 419)
                      ; - java.lang.invoke.DirectMethodHandle$Holder::invokeStatic@11
                      ; - java.lang.invoke.LambdaForm$MH/0x0000012410084c00::invoke@21
                      ; - java.lang.invoke.Invokers$Holder::linkToTargetMethod@5
                      ; - com.byteshrink.compression.ShannonFanoCompression::generateCodes@63 (line 89)
                      ; - com.byteshrink.compression.ShannonFanoCompression::compress@22 (line 96)
  0x0000012407bbf764: f867 a8ff 

  0x0000012407bbf768: ;   {post_call_nop}
  0x0000012407bbf768: 0f1f 8400 | e040 00a1 | baf6 ffff | ff66 6690 

  0x0000012407bbf778: ;   {runtime_call UncommonTrapBlob}
  0x0000012407bbf778: c5f8 77e8 

  0x0000012407bbf77c: ; ImmutableOopMap {}
                      ;*arraylength {reexecute=0 rethrow=0 return_oop=0}
                      ; - java.lang.String::length@4 (line 1580)
                      ; - java.lang.StringConcatHelper::doConcat@16 (line 432)
                      ; - java.lang.StringConcatHelper::simpleConcat@44 (line 419)
                      ; - java.lang.invoke.DirectMethodHandle$Holder::invokeStatic@11
                      ; - java.lang.invoke.LambdaForm$MH/0x0000012410084c00::invoke@21
                      ; - java.lang.invoke.Invokers$Holder::linkToTargetMethod@5
                      ; - com.byteshrink.compression.ShannonFanoCompression::generateCodes@63 (line 89)
                      ; - com.byteshrink.compression.ShannonFanoCompression::compress@22 (line 96)
  0x0000012407bbf77c: e067 a8ff 

  0x0000012407bbf780: ;   {post_call_nop}
  0x0000012407bbf780: 0f1f 8400 | f840 00a2 | baf6 ffff | ff66 6690 

  0x0000012407bbf790: ;   {runtime_call UncommonTrapBlob}
  0x0000012407bbf790: c5f8 77e8 

  0x0000012407bbf794: ; ImmutableOopMap {}
                      ;*arraylength {reexecute=0 rethrow=0 return_oop=0}
                      ; - java.lang.String::length@4 (line 1580)
                      ; - java.lang.StringConcatHelper::doConcat@41 (line 435)
                      ; - java.lang.StringConcatHelper::simpleConcat@44 (line 419)
                      ; - java.lang.invoke.DirectMethodHandle$Holder::invokeStatic@11
                      ; - java.lang.invoke.LambdaForm$MH/0x0000012410084c00::invoke@21
                      ; - java.lang.invoke.Invokers$Holder::linkToTargetMethod@5
                      ; - com.byteshrink.compression.ShannonFanoCompression::generateCodes@63 (line 89)
                      ; - com.byteshrink.compression.ShannonFanoCompression::compress@22 (line 96)
  0x0000012407bbf794: c867 a8ff 

  0x0000012407bbf798: ;   {post_call_nop}
  0x0000012407bbf798: 0f1f 8400 | 1041 00a3 | baf6 ffff | ff66 6690 

  0x0000012407bbf7a8: ;   {runtime_call UncommonTrapBlob}
  0x0000012407bbf7a8: c5f8 77e8 

  0x0000012407bbf7ac: ; ImmutableOopMap {}
                      ;*arraylength {reexecute=0 rethrow=0 return_oop=0}
                      ; - java.lang.String::getBytes@21 (line 4810)
                      ; - java.lang.StringConcatHelper::doConcat@45 (line 435)
                      ; - java.lang.StringConcatHelper::simpleConcat@44 (line 419)
                      ; - java.lang.invoke.DirectMethodHandle$Holder::invokeStatic@11
                      ; - java.lang.invoke.LambdaForm$MH/0x0000012410084c00::invoke@21
                      ; - java.lang.invoke.Invokers$Holder::linkToTargetMethod@5
                      ; - com.byteshrink.compression.ShannonFanoCompression::generateCodes@63 (line 89)
                      ; - com.byteshrink.compression.ShannonFanoCompression::compress@22 (line 96)
  0x0000012407bbf7ac: b067 a8ff 

  0x0000012407bbf7b0: ;   {post_call_nop}
  0x0000012407bbf7b0: 0f1f 8400 | 2841 00a4 | e993 e8ff | ffe9 8ee8 | ffff ba97 | ffff ff48 | 8b6c 2428 | 448b 5424 
  0x0000012407bbf7d0: 3c44 8954 | 2428 448b | 5c24 3844 | 895c 242c | 4c8b 5424 | 584c 8954 | 2448 6690 

  0x0000012407bbf7ec: ;   {runtime_call UncommonTrapBlob}
  0x0000012407bbf7ec: c5f8 77e8 

  0x0000012407bbf7f0: ; ImmutableOopMap {rbp=Oop [32]=Oop [48]=Oop [72]=Oop [84]=NarrowOop }
                      ;*invokevirtual clone {reexecute=1 rethrow=0 return_oop=0}
                      ; - (reexecute) java.util.Arrays::copyOf@7 (line 3535)
                      ; - java.lang.AbstractStringBuilder::ensureCapacityInternal@32 (line 246)
                      ; - java.lang.AbstractStringBuilder::append@21 (line 591)
                      ; - java.lang.StringBuilder::append@2 (line 179)
                      ; - com.byteshrink.compression.ShannonFanoCompression::compress@74 (line 99)
  0x0000012407bbf7f0: 6c67 a8ff 

  0x0000012407bbf7f4: ;   {post_call_nop}
  0x0000012407bbf7f4: 0f1f 8400 | 6c41 00a5 | e94f e8ff | ffe9 4ae8 | ffff e945 | e8ff ffe9 | 40e8 ffff | e93b e8ff 
  0x0000012407bbf814: ffe9 36e8 | ffff ba97 | ffff ff48 | 8b6c 2420 | 4c8b 5424 | 304c 8954 | 2428 6690 

  0x0000012407bbf830: ;   {runtime_call UncommonTrapBlob}
  0x0000012407bbf830: c5f8 77e8 

  0x0000012407bbf834: ; ImmutableOopMap {rbp=Oop [40]=Oop [56]=NarrowOop [72]=Oop }
                      ;*invokevirtual clone {reexecute=1 rethrow=0 return_oop=0}
                      ; - (reexecute) java.util.Arrays::copyOfRange@11 (line 3843)
                      ; - java.lang.StringLatin1::newString@16 (line 856)
                      ; - java.lang.AbstractStringBuilder::substring@28 (line 1091)
                      ; - java.lang.StringBuilder::substring@3 (line 91)
                      ; - com.byteshrink.compression.ShannonFanoCompression::compress@177 (line 110)
  0x0000012407bbf834: 2867 a8ff 

  0x0000012407bbf838: ;   {post_call_nop}
  0x0000012407bbf838: 0f1f 8400 | b041 00a6 | e90b e8ff | ffe9 06e8 | ffff e901 | e8ff ffe9 | fce7 ffff | e9f7 e7ff 
  0x0000012407bbf858: ffe9 f2e7 | ffff e9ed | e7ff ffe9 | e8e7 ffff | e9e3 e7ff | ff45 8b02 | 49c1 e003 | 4983 f800 
  0x0000012407bbf878: 0f84 cec8 | ffff 4d8b | 5f38 4d85 | db0f 8414 | 0000 0049 | 83eb 084d | 895f 384d | 035f 404d 
  0x0000012407bbf898: 8903 e9ad | c8ff ff48 | 83ec 304c | 8954 2428 | 4889 4424 | 2049 8bc8 

  0x0000012407bbf8b0: ;   {runtime_call}
  0x0000012407bbf8b0: 498b d748 | b890 4996 | 92f9 7f00 | 00ff d048 | 8b44 2420 | 4c8b 5424 | 28c5 f877 | 4883 c430 
  0x0000012407bbf8d0: e977 c8ff | fff0 8344 | 24c0 0041 | 803b 000f | 84a9 c8ff | ff41 c603 | 004d 8b47 | 504d 85c0 
  0x0000012407bbf8f0: 0f84 1400 | 0000 4983 | e808 4d89 | 4750 4d03 | 4758 4d89 | 18e9 84c8 | ffff 4883 | ec30 4889 
  0x0000012407bbf910: 4424 2849 | 8bcb 498b 

  0x0000012407bbf918: ;   {runtime_call}
  0x0000012407bbf918: d748 b870 | 4996 92f9 | 7f00 00ff | d048 8b44 | 2428 c5f8 | 7748 83c4 | 30e9 58c8 | ffff f083 
  0x0000012407bbf938: 4424 c000 | 4180 3800 | 0f84 98c9 | ffff 41c6 | 0000 498b | 4f50 4885 | c90f 8414 | 0000 0048 
  0x0000012407bbf958: 83e9 0849 | 894f 5049 | 034f 584c | 8901 e973 | c9ff ff48 | 83ec 304c | 894c 2428 | 498b c849 
  0x0000012407bbf978: ;   {runtime_call}
  0x0000012407bbf978: 8bd7 48b8 | 7049 9692 | f97f 0000 | ffd0 4c8b | 4c24 28c5 | f877 4883 | c430 e947 | c9ff fff0 
  0x0000012407bbf998: 8344 24c0 | 0041 8038 | 000f 848b | caff ff41 | c600 0049 | 8b4f 5048 | 85c9 0f84 | 1400 0000 
  0x0000012407bbf9b8: 4883 e908 | 4989 4f50 | 4903 4f58 | 4c89 01e9 | 66ca ffff | 4883 ec30 | 4c89 4c24 | 2849 8bc8 
  0x0000012407bbf9d8: ;   {runtime_call}
  0x0000012407bbf9d8: 498b d748 | b870 4996 | 92f9 7f00 | 00ff d04c | 8b4c 2428 | c5f8 7748 | 83c4 30e9 | 3aca ffff 
  0x0000012407bbf9f8: f083 4424 | c000 8039 | 000f 843f | cbff ffc6 | 0100 4d8b | 4750 4d85 | c00f 8414 | 0000 0049 
  0x0000012407bbfa18: 83e8 084d | 8947 504d | 0347 5849 | 8908 e91b | cbff ff48 | 83ec 304c | 895c 2428 | 4c89 4c24 
  0x0000012407bbfa38: 2049 8bd7 

  0x0000012407bbfa3c: ;   {runtime_call}
  0x0000012407bbfa3c: 48b8 7049 | 9692 f97f | 0000 ffd0 | 4c8b 4c24 | 204c 8b5c | 2428 c5f8 | 7748 83c4 | 30e9 e8ca 
  0x0000012407bbfa5c: ffff 418b | 1848 c1e3 | 0348 83fb | 000f 8492 | cfff ff4d | 8b5f 384d | 85db 0f84 | 1400 0000 
  0x0000012407bbfa7c: 4983 eb08 | 4d89 5f38 | 4d03 5f40 | 4989 1be9 | 71cf ffff | 4883 ec50 | 4c89 5424 | 484c 8944 
  0x0000012407bbfa9c: 2440 4c89 | 4c24 3848 | 894c 2430 | 4889 7424 | 2848 8bcb 

  0x0000012407bbfab0: ;   {runtime_call}
  0x0000012407bbfab0: 498b d748 | b890 4996 | 92f9 7f00 | 00ff d048 | 8b74 2428 | 488b 4c24 | 304c 8b4c | 2438 4c8b 
  0x0000012407bbfad0: 4424 404c | 8b54 2448 | c5f8 7748 | 83c4 50e9 | 1dcf ffff | f083 4424 | c000 4180 | 3b00 0f84 
  0x0000012407bbfaf0: 45cf ffff | 41c6 0300 | 498b 5f50 | 4885 db0f | 8414 0000 | 0048 83eb | 0849 895f | 5049 035f 
  0x0000012407bbfb10: 584c 891b | e920 cfff | ff48 83ec | 404c 8954 | 2438 4c89 | 4c24 3048 | 894c 2428 | 498b cb49 
  0x0000012407bbfb30: ;   {runtime_call}
  0x0000012407bbfb30: 8bd7 48b8 | 7049 9692 | f97f 0000 | ffd0 488b | 4c24 284c | 8b4c 2430 | 4c8b 5424 | 38c5 f877 
  0x0000012407bbfb50: 4883 c440 | e9e0 ceff | ff45 8b10 | 49c1 e203 | 4983 fa00 | 0f84 35d1 | ffff 4d8b | 5f38 4d85 
  0x0000012407bbfb70: db0f 8414 | 0000 0049 | 83eb 084d | 895f 384d | 035f 404d | 8913 e914 | d1ff ff48 | 83ec 404c 
  0x0000012407bbfb90: 8944 2438 | 4c89 4c24 | 3048 894c | 2428 498b | ca49 8bd7 

  0x0000012407bbfba4: ;   {runtime_call}
  0x0000012407bbfba4: 48b8 9049 | 9692 f97f | 0000 ffd0 | 488b 4c24 | 284c 8b4c | 2430 4c8b | 4424 38c5 | f877 4883 
  0x0000012407bbfbc4: c440 e9d4 | d0ff fff0 | 8344 24c0 | 0041 803b | 000f 8406 | d1ff ff41 | c603 004d | 8b57 504d 
  0x0000012407bbfbe4: 85d2 0f84 | 1400 0000 | 4983 ea08 | 4d89 5750 | 4d03 5758 | 4d89 1ae9 | e1d0 ffff | 4883 ec30 
  0x0000012407bbfc04: 4c89 4c24 | 2849 8bcb 

  0x0000012407bbfc0c: ;   {runtime_call}
  0x0000012407bbfc0c: 498b d748 | b870 4996 | 92f9 7f00 | 00ff d04c | 8b4c 2428 | c5f8 7748 | 83c4 30e9 | b5d0 ffff 
  0x0000012407bbfc2c: 458b 0349 | c1e0 0349 | 83f8 000f | 846c d4ff | ff4d 8b57 | 384d 85d2 | 0f84 1400 | 0000 4983 
  0x0000012407bbfc4c: ea08 4d89 | 5738 4d03 | 5740 4d89 | 02e9 4bd4 | ffff 4883 | ec30 4c89 | 5c24 2849 | 8bc8 498b 
  0x0000012407bbfc6c: ;   {runtime_call}
  0x0000012407bbfc6c: d748 b890 | 4996 92f9 | 7f00 00ff | d04c 8b5c | 2428 c5f8 | 7748 83c4 | 30e9 1fd4 | ffff f083 
  0x0000012407bbfc8c: 4424 c000 | 4180 3a00 | 0f84 51d4 | ffff 41c6 | 0200 4d8b | 4750 4d85 | c00f 8414 | 0000 0049 
  0x0000012407bbfcac: 83e8 084d | 8947 504d | 0347 584d | 8910 e92c | d4ff ff48 | 83ec 2049 | 8bca 498b 

  0x0000012407bbfcc8: ;   {runtime_call}
  0x0000012407bbfcc8: d748 b870 | 4996 92f9 | 7f00 00ff | d0c5 f877 | 4883 c420 | e90a d4ff | ff45 8b03 | 49c1 e003 
  0x0000012407bbfce8: 4983 f800 | 0f84 4bdf | ffff 4d8b | 4f38 4d85 | c90f 8414 | 0000 0049 | 83e9 084d | 894f 384d 
  0x0000012407bbfd08: 034f 404d | 8901 e92a | dfff ff48 | 83ec 304c | 8954 2428 | 4c89 5c24 | 2049 8bc8 

  0x0000012407bbfd24: ;   {runtime_call}
  0x0000012407bbfd24: 498b d748 | b890 4996 | 92f9 7f00 | 00ff d04c | 8b5c 2420 | 4c8b 5424 | 28c5 f877 | 4883 c430 
  0x0000012407bbfd44: e9f4 deff | fff0 8344 | 24c0 0041 | 8039 000f | 841c dfff | ff41 c601 | 004d 8b47 | 504d 85c0 
  0x0000012407bbfd64: 0f84 1400 | 0000 4983 | e808 4d89 | 4750 4d03 | 4758 4d89 | 08e9 f7de | ffff 4883 | ec30 4c89 
  0x0000012407bbfd84: 5424 2849 | 8bc9 498b 

  0x0000012407bbfd8c: ;   {runtime_call}
  0x0000012407bbfd8c: d748 b870 | 4996 92f9 | 7f00 00ff | d04c 8b54 | 2428 c5f8 | 7748 83c4 | 30e9 cbde 

  0x0000012407bbfda8: ;   {internal_word}
  0x0000012407bbfda8: ffff 49ba | 37e6 bb07 | 2401 0000 | 4d89 9760 

  0x0000012407bbfdb8: ;   {runtime_call SafepointBlob}
  0x0000012407bbfdb8: 0400 00e9 | 205f 9cff 

  0x0000012407bbfdc0: ;   {runtime_call StubRoutines (final stubs)}
  0x0000012407bbfdc0: e83b 5b9a | ffe9 64be | ffff f4f4 | f4f4 f4f4 
[Stub Code]
  0x0000012407bbfdd0: ;   {no_reloc}
  0x0000012407bbfdd0: 48bb 0000 | 0000 0000 

  0x0000012407bbfdd8: ;   {runtime_call nmethod}
  0x0000012407bbfdd8: 0000 e9fb 

  0x0000012407bbfddc: ;   {static_stub}
  0x0000012407bbfddc: ffff ff48 | bb00 0000 | 0000 0000 

  0x0000012407bbfde8: ;   {runtime_call nmethod}
  0x0000012407bbfde8: 00e9 fbff 

  0x0000012407bbfdec: ;   {static_stub}
  0x0000012407bbfdec: ffff 48bb | 0000 0000 | 0000 0000 

  0x0000012407bbfdf8: ;   {runtime_call nmethod}
  0x0000012407bbfdf8: e9fb ffff 

  0x0000012407bbfdfc: ;   {static_stub}
  0x0000012407bbfdfc: ff48 bba0 | d911 5124 

  0x0000012407bbfe04: ;   {runtime_call I2C/C2I adapters}
  0x0000012407bbfe04: 0100 00e9 | 2e62 9cff 

  0x0000012407bbfe0c: ;   {static_stub}
  0x0000012407bbfe0c: 48bb 0000 | 0000 0000 

  0x0000012407bbfe14: ;   {runtime_call nmethod}
  0x0000012407bbfe14: 0000 e9fb 

  0x0000012407bbfe18: ;   {static_stub}
  0x0000012407bbfe18: ffff ff48 | bb08 d711 | 5124 0100 

  0x0000012407bbfe24: ;   {runtime_call I2C/C2I adapters}
  0x0000012407bbfe24: 00e9 0c4d 

  0x0000012407bbfe28: ;   {static_stub}
  0x0000012407bbfe28: 9cff 48bb | 0000 0000 | 0000 0000 

  0x0000012407bbfe34: ;   {runtime_call nmethod}
  0x0000012407bbfe34: e9fb ffff 

  0x0000012407bbfe38: ;   {static_stub}
  0x0000012407bbfe38: ff48 bb00 | 0000 0000 

  0x0000012407bbfe40: ;   {runtime_call nmethod}
  0x0000012407bbfe40: 0000 00e9 | fbff ffff 

  0x0000012407bbfe48: ;   {static_stub}
  0x0000012407bbfe48: 48bb 0000 | 0000 0000 

  0x0000012407bbfe50: ;   {runtime_call nmethod}
  0x0000012407bbfe50: 0000 e9fb 

  0x0000012407bbfe54: ;   {static_stub}
  0x0000012407bbfe54: ffff ff48 | bb00 0000 | 0000 0000 

  0x0000012407bbfe60: ;   {runtime_call nmethod}
  0x0000012407bbfe60: 00e9 fbff 

  0x0000012407bbfe64: ;   {static_stub}
  0x0000012407bbfe64: ffff 48bb | 0000 0000 | 0000 0000 

  0x0000012407bbfe70: ;   {runtime_call nmethod}
  0x0000012407bbfe70: e9fb ffff 

  0x0000012407bbfe74: ;   {runtime_call ExceptionBlob}
  0x0000012407bbfe74: ffe9 e663 | a8ff e800 | 0000 0048 | 832c 2405 

  0x0000012407bbfe84: ;   {runtime_call DeoptimizationBlob}
  0x0000012407bbfe84: e9f7 539c | fff4 f4f4 | f4f4 f4f4 
[/MachCode]


---------------  P R O C E S S  ---------------

Threads class SMR info:
_java_thread_list=0x000001245ba17ca0, length=20, elements={
0x000001246cb36570, 0x000001247fa90c90, 0x000001247fa913d0, 0x000001247fa93ac0,
0x000001247fa94d90, 0x000001247fa958c0, 0x000001247fa96e80, 0x000001247fa98c20,
0x000001247faaec80, 0x00000124540ce950, 0x0000012454512810, 0x0000012454350c40,
0x0000012454827710, 0x00000124554bad20, 0x000001245557a760, 0x0000012455b68760,
0x0000012455b8e9e0, 0x000001245b0369b0, 0x000001245b037850, 0x000001245b0353c0
}

Java Threads: ( => current thread )
  0x000001246cb36570 JavaThread "main"                              [_thread_blocked, id=23188, stack(0x000000126a200000,0x000000126a300000) (1024K)]
  0x000001247fa90c90 JavaThread "Reference Handler"          daemon [_thread_blocked, id=14464, stack(0x000000126aa00000,0x000000126ab00000) (1024K)]
  0x000001247fa913d0 JavaThread "Finalizer"                  daemon [_thread_blocked, id=3400, stack(0x000000126ab00000,0x000000126ac00000) (1024K)]
  0x000001247fa93ac0 JavaThread "Signal Dispatcher"          daemon [_thread_blocked, id=19876, stack(0x000000126ac00000,0x000000126ad00000) (1024K)]
  0x000001247fa94d90 JavaThread "Attach Listener"            daemon [_thread_blocked, id=2320, stack(0x000000126ad00000,0x000000126ae00000) (1024K)]
  0x000001247fa958c0 JavaThread "Service Thread"             daemon [_thread_blocked, id=4200, stack(0x000000126ae00000,0x000000126af00000) (1024K)]
  0x000001247fa96e80 JavaThread "Monitor Deflation Thread"   daemon [_thread_blocked, id=16296, stack(0x000000126af00000,0x000000126b000000) (1024K)]
  0x000001247fa98c20 JavaThread "C2 CompilerThread0"         daemon [_thread_blocked, id=4560, stack(0x000000126b000000,0x000000126b100000) (1024K)]
  0x000001247faaec80 JavaThread "C1 CompilerThread0"         daemon [_thread_blocked, id=17308, stack(0x000000126b100000,0x000000126b200000) (1024K)]
  0x00000124540ce950 JavaThread "Common-Cleaner"             daemon [_thread_blocked, id=2844, stack(0x000000126b200000,0x000000126b300000) (1024K)]
  0x0000012454512810 JavaThread "Monitor Ctrl-Break"         daemon [_thread_in_native, id=4296, stack(0x000000126b500000,0x000000126b600000) (1024K)]
  0x0000012454350c40 JavaThread "Notification Thread"        daemon [_thread_blocked, id=5124, stack(0x000000126b600000,0x000000126b700000) (1024K)]
  0x0000012454827710 JavaThread "QuantumRenderer-0"          daemon [_thread_blocked, id=7776, stack(0x000000126b700000,0x000000126b800000) (1024K)]
  0x00000124554bad20 JavaThread "InvokeLaterDispatcher"      daemon [_thread_blocked, id=17744, stack(0x000000126b400000,0x000000126b500000) (1024K)]
  0x000001245557a760 JavaThread "JavaFX Application Thread"         [_thread_in_native, id=23564, stack(0x000000126b800000,0x000000126b900000) (1024K)]
  0x0000012455b68760 JavaThread "JavaFX-Launcher"                   [_thread_blocked, id=18968, stack(0x000000126ce00000,0x000000126cf00000) (1024K)]
  0x0000012455b8e9e0 JavaThread "Thread-2"                   daemon [_thread_in_native, id=18032, stack(0x000000126cd00000,0x000000126ce00000) (1024K)]
  0x000001245b0369b0 JavaThread "Prism Font Disposer"        daemon [_thread_blocked, id=19768, stack(0x000000126d500000,0x000000126d600000) (1024K)]
  0x000001245b037850 JavaThread "Cleaner-0"                  daemon [_thread_blocked, id=24140, stack(0x000000126d600000,0x000000126d700000) (1024K)]
=>0x000001245b0353c0 JavaThread "Thread-5"                   daemon [_thread_in_vm, id=6392, stack(0x000000126bb00000,0x000000126bc00000) (1024K)]
Total: 20

Other Threads:
  0x000001247f939e70 VMThread "VM Thread"                           [id=2624, stack(0x000000126a900000,0x000000126aa00000) (1024K)]
  0x000001247fa72200 WatcherThread "VM Periodic Task Thread"        [id=7452, stack(0x000000126a800000,0x000000126a900000) (1024K)]
  0x000001246cbfdee0 WorkerThread "GC Thread#0"                     [id=22368, stack(0x000000126a300000,0x000000126a400000) (1024K)]
  0x000001245585e990 WorkerThread "GC Thread#1"                     [id=23368, stack(0x000000126d000000,0x000000126d100000) (1024K)]
  0x000001245585ed40 WorkerThread "GC Thread#2"                     [id=19288, stack(0x000000126d100000,0x000000126d200000) (1024K)]
  0x0000012455860ac0 WorkerThread "GC Thread#3"                     [id=12552, stack(0x000000126d200000,0x000000126d300000) (1024K)]
  0x0000012455860e70 WorkerThread "GC Thread#4"                     [id=6532, stack(0x000000126d300000,0x000000126d400000) (1024K)]
  0x0000012455860360 WorkerThread "GC Thread#5"                     [id=15444, stack(0x000000126d400000,0x000000126d500000) (1024K)]
  0x000001245b859ef0 WorkerThread "GC Thread#6"                     [id=22852, stack(0x000000126e200000,0x000000126e300000) (1024K)]
  0x000001245b85adb0 WorkerThread "GC Thread#7"                     [id=18932, stack(0x000000126e300000,0x000000126e400000) (1024K)]
  0x000001245b85a2a0 WorkerThread "GC Thread#8"                     [id=9128, stack(0x000000126e400000,0x000000126e500000) (1024K)]
  0x000001245b858c80 WorkerThread "GC Thread#9"                     [id=8888, stack(0x000000126e500000,0x000000126e600000) (1024K)]
  0x000001246f069bc0 ConcurrentGCThread "G1 Main Marker"            [id=22712, stack(0x000000126a400000,0x000000126a500000) (1024K)]
  0x000001246f06a380 WorkerThread "G1 Conc#0"                       [id=3816, stack(0x000000126a500000,0x000000126a600000) (1024K)]
  0x000001245b859b40 WorkerThread "G1 Conc#1"                       [id=6264, stack(0x000000126a000000,0x000000126a100000) (1024K)]
  0x000001245b85a650 WorkerThread "G1 Conc#2"                       [id=10148, stack(0x000000126a100000,0x000000126a200000) (1024K)]
  0x000001247f929e50 ConcurrentGCThread "G1 Refine#0"               [id=1608, stack(0x000000126a600000,0x000000126a700000) (1024K)]
  0x000001247f92c780 ConcurrentGCThread "G1 Service"                [id=23480, stack(0x000000126a700000,0x000000126a800000) (1024K)]
Total: 18

Threads with active compile tasks:
Total: 0

VM state: not at safepoint (normal execution)

VM Mutex/Monitor currently owned by a thread:  ([mutex/lock_event])
[0x00007ff9932d45b0] Heap_lock - owner thread: 0x000001245b0353c0

Heap address: 0x0000000704800000, size: 4024 MB, Compressed Oops mode: Zero based, Oop shift amount: 3

CDS archive(s) mapped at: [0x000001240f000000-0x000001240fd40000-0x000001240fd40000), size 13893632, SharedBaseAddress: 0x000001240f000000, ArchiveRelocationMode: 1.
Compressed class space mapped at: 0x0000012410000000-0x0000012450000000, reserved size: 1073741824
UseCompressedClassPointers 1, UseCompactObjectHeaders 0
Narrow klass pointer bits 32, Max shift 3
Narrow klass base: 0x000001240f000000, Narrow klass shift: 0
Encoding Range: [0x000001240f000000 - 0x000001250f000000), (4294967296 bytes)
Klass Range:    [0x000001240f000000 - 0x0000012450000000), (1090519040 bytes)
Klass ID Range:  [8 - 1090519033) (1090519025)

GC Precious Log:
 CardTable entry size: 512
 Card Set container configuration: InlinePtr #cards 4 size 8 Array Of Cards #cards 16 size 48 Howl #buckets 8 coarsen threshold 3686 Howl Bitmap #cards 512 size 80 coarsen threshold 460 Card regions per heap region 1 cards per card region 4096
 CPUs: 12 total, 12 available
 Memory: 16095M
 Large Page Support: Disabled
 NUMA Support: Disabled
 Compressed Oops: Enabled (Zero based)
 Heap Region Size: 2M
 Heap Min Capacity: 8M
 Heap Initial Capacity: 252M
 Heap Max Capacity: 4024M
 Pre-touch: Disabled
 Parallel Workers: 10
 Concurrent Workers: 3
 Concurrent Refinement Workers: 10
 Periodic GC: Disabled

Heap:
 garbage-first heap   total reserved 4120576K, committed 1757184K, used 685692K [0x0000000704800000, 0x0000000800000000)
  region size 2048K, 1 young (2048K), 1 survivors (2048K)
 Metaspace       used 21481K, committed 21824K, reserved 1114112K
  class space    used 2839K, committed 3008K, reserved 1048576K

Heap Regions: E=young(eden), S=young(survivor), O=old, HS=humongous(starts), HC=humongous(continues), CS=collection set, F=free, TAMS=top-at-mark-start, PB=parsable bottom
|   0|0x0000000704800000, 0x0000000704a00000, 0x0000000704a00000|100%| O|  |TAMS 0x0000000704800000| PB 0x0000000704800000| Untracked |  0
|   1|0x0000000704a00000, 0x0000000704c00000, 0x0000000704c00000|100%| O|  |TAMS 0x0000000704a00000| PB 0x0000000704a00000| Untracked |  0
|   2|0x0000000704c00000, 0x0000000704d9af80, 0x0000000704e00000| 80%| O|  |TAMS 0x0000000704c00000| PB 0x0000000704c00000| Untracked |  0
|   3|0x0000000704e00000, 0x0000000705000000, 0x0000000705000000|100%| O|  |TAMS 0x0000000704e00000| PB 0x0000000704e00000| Untracked |  0
|   4|0x0000000705000000, 0x0000000705200000, 0x0000000705200000|100%| O|  |TAMS 0x0000000705000000| PB 0x0000000705000000| Untracked |  0
|   5|0x0000000705200000, 0x0000000705400000, 0x0000000705400000|100%| O|  |TAMS 0x0000000705200000| PB 0x0000000705200000| Untracked |  0
|   6|0x0000000705400000, 0x0000000705600000, 0x0000000705600000|100%| O|  |TAMS 0x0000000705400000| PB 0x0000000705400000| Untracked |  0
|   7|0x0000000705600000, 0x0000000705600000, 0x0000000705800000|  0%| F|  |TAMS 0x0000000705600000| PB 0x0000000705600000| Untracked |  0
|   8|0x0000000705800000, 0x0000000705800000, 0x0000000705a00000|  0%| F|  |TAMS 0x0000000705800000| PB 0x0000000705800000| Untracked |  0
|   9|0x0000000705a00000, 0x0000000705a00000, 0x0000000705c00000|  0%| F|  |TAMS 0x0000000705a00000| PB 0x0000000705a00000| Untracked |  0
|  10|0x0000000705c00000, 0x0000000705e00000, 0x0000000705e00000|100%|HS|  |TAMS 0x0000000705c00000| PB 0x0000000705c00000| Complete |  0
|  11|0x0000000705e00000, 0x0000000705e00000, 0x0000000706000000|  0%| F|  |TAMS 0x0000000705e00000| PB 0x0000000705e00000| Untracked |  0
|  12|0x0000000706000000, 0x0000000706000000, 0x0000000706200000|  0%| F|  |TAMS 0x0000000706000000| PB 0x0000000706000000| Untracked |  0
|  13|0x0000000706200000, 0x0000000706200000, 0x0000000706400000|  0%| F|  |TAMS 0x0000000706200000| PB 0x0000000706200000| Untracked |  0
|  14|0x0000000706400000, 0x0000000706400000, 0x0000000706600000|  0%| F|  |TAMS 0x0000000706400000| PB 0x0000000706400000| Untracked |  0
|  15|0x0000000706600000, 0x0000000706600000, 0x0000000706800000|  0%| F|  |TAMS 0x0000000706600000| PB 0x0000000706600000| Untracked |  0
|  16|0x0000000706800000, 0x0000000706800000, 0x0000000706a00000|  0%| F|  |TAMS 0x0000000706800000| PB 0x0000000706800000| Untracked |  0
|  17|0x0000000706a00000, 0x0000000706a00000, 0x0000000706c00000|  0%| F|  |TAMS 0x0000000706a00000| PB 0x0000000706a00000| Untracked |  0
|  18|0x0000000706c00000, 0x0000000706c00000, 0x0000000706e00000|  0%| F|  |TAMS 0x0000000706c00000| PB 0x0000000706c00000| Untracked |  0
|  19|0x0000000706e00000, 0x0000000706e00000, 0x0000000707000000|  0%| F|  |TAMS 0x0000000706e00000| PB 0x0000000706e00000| Untracked |  0
|  20|0x0000000707000000, 0x0000000707000000, 0x0000000707200000|  0%| F|  |TAMS 0x0000000707000000| PB 0x0000000707000000| Untracked |  0
|  21|0x0000000707200000, 0x0000000707200000, 0x0000000707400000|  0%| F|  |TAMS 0x0000000707200000| PB 0x0000000707200000| Untracked |  0
|  22|0x0000000707400000, 0x0000000707400000, 0x0000000707600000|  0%| F|  |TAMS 0x0000000707400000| PB 0x0000000707400000| Untracked |  0
|  23|0x0000000707600000, 0x0000000707600000, 0x0000000707800000|  0%| F|  |TAMS 0x0000000707600000| PB 0x0000000707600000| Untracked |  0
|  24|0x0000000707800000, 0x0000000707800000, 0x0000000707a00000|  0%| F|  |TAMS 0x0000000707800000| PB 0x0000000707800000| Untracked |  0
|  25|0x0000000707a00000, 0x0000000707a00000, 0x0000000707c00000|  0%| F|  |TAMS 0x0000000707a00000| PB 0x0000000707a00000| Untracked |  0
|  26|0x0000000707c00000, 0x0000000707c00000, 0x0000000707e00000|  0%| F|  |TAMS 0x0000000707c00000| PB 0x0000000707c00000| Untracked |  0
|  27|0x0000000707e00000, 0x0000000707e00000, 0x0000000708000000|  0%| F|  |TAMS 0x0000000707e00000| PB 0x0000000707e00000| Untracked |  0
|  28|0x0000000708000000, 0x0000000708000000, 0x0000000708200000|  0%| F|  |TAMS 0x0000000708000000| PB 0x0000000708000000| Untracked |  0
|  29|0x0000000708200000, 0x0000000708200000, 0x0000000708400000|  0%| F|  |TAMS 0x0000000708200000| PB 0x0000000708200000| Untracked |  0
|  30|0x0000000708400000, 0x0000000708400000, 0x0000000708600000|  0%| F|  |TAMS 0x0000000708400000| PB 0x0000000708400000| Untracked |  0
|  31|0x0000000708600000, 0x0000000708600000, 0x0000000708800000|  0%| F|  |TAMS 0x0000000708600000| PB 0x0000000708600000| Untracked |  0
|  32|0x0000000708800000, 0x0000000708800000, 0x0000000708a00000|  0%| F|  |TAMS 0x0000000708800000| PB 0x0000000708800000| Untracked |  0
|  33|0x0000000708a00000, 0x0000000708a00000, 0x0000000708c00000|  0%| F|  |TAMS 0x0000000708a00000| PB 0x0000000708a00000| Untracked |  0
|  34|0x0000000708c00000, 0x0000000708c00000, 0x0000000708e00000|  0%| F|  |TAMS 0x0000000708c00000| PB 0x0000000708c00000| Untracked |  0
|  35|0x0000000708e00000, 0x0000000708e00000, 0x0000000709000000|  0%| F|  |TAMS 0x0000000708e00000| PB 0x0000000708e00000| Untracked |  0
|  36|0x0000000709000000, 0x0000000709000000, 0x0000000709200000|  0%| F|  |TAMS 0x0000000709000000| PB 0x0000000709000000| Untracked |  0
|  37|0x0000000709200000, 0x0000000709200000, 0x0000000709400000|  0%| F|  |TAMS 0x0000000709200000| PB 0x0000000709200000| Untracked |  0
|  38|0x0000000709400000, 0x0000000709400000, 0x0000000709600000|  0%| F|  |TAMS 0x0000000709400000| PB 0x0000000709400000| Untracked |  0
|  39|0x0000000709600000, 0x0000000709600000, 0x0000000709800000|  0%| F|  |TAMS 0x0000000709600000| PB 0x0000000709600000| Untracked |  0
|  40|0x0000000709800000, 0x0000000709800000, 0x0000000709a00000|  0%| F|  |TAMS 0x0000000709800000| PB 0x0000000709800000| Untracked |  0
|  41|0x0000000709a00000, 0x0000000709a00000, 0x0000000709c00000|  0%| F|  |TAMS 0x0000000709a00000| PB 0x0000000709a00000| Untracked |  0
|  42|0x0000000709c00000, 0x0000000709c00000, 0x0000000709e00000|  0%| F|  |TAMS 0x0000000709c00000| PB 0x0000000709c00000| Untracked |  0
|  43|0x0000000709e00000, 0x0000000709e00000, 0x000000070a000000|  0%| F|  |TAMS 0x0000000709e00000| PB 0x0000000709e00000| Untracked |  0
|  44|0x000000070a000000, 0x000000070a000000, 0x000000070a200000|  0%| F|  |TAMS 0x000000070a000000| PB 0x000000070a000000| Untracked |  0
|  45|0x000000070a200000, 0x000000070a200000, 0x000000070a400000|  0%| F|  |TAMS 0x000000070a200000| PB 0x000000070a200000| Untracked |  0
|  46|0x000000070a400000, 0x000000070a400000, 0x000000070a600000|  0%| F|  |TAMS 0x000000070a400000| PB 0x000000070a400000| Untracked |  0
|  47|0x000000070a600000, 0x000000070a600000, 0x000000070a800000|  0%| F|  |TAMS 0x000000070a600000| PB 0x000000070a600000| Untracked |  0
|  48|0x000000070a800000, 0x000000070a800000, 0x000000070aa00000|  0%| F|  |TAMS 0x000000070a800000| PB 0x000000070a800000| Untracked |  0
|  49|0x000000070aa00000, 0x000000070aa00000, 0x000000070ac00000|  0%| F|  |TAMS 0x000000070aa00000| PB 0x000000070aa00000| Untracked |  0
|  50|0x000000070ac00000, 0x000000070ac00000, 0x000000070ae00000|  0%| F|  |TAMS 0x000000070ac00000| PB 0x000000070ac00000| Untracked |  0
|  51|0x000000070ae00000, 0x000000070ae00000, 0x000000070b000000|  0%| F|  |TAMS 0x000000070ae00000| PB 0x000000070ae00000| Untracked |  0
|  52|0x000000070b000000, 0x000000070b000000, 0x000000070b200000|  0%| F|  |TAMS 0x000000070b000000| PB 0x000000070b000000| Untracked |  0
|  53|0x000000070b200000, 0x000000070b200000, 0x000000070b400000|  0%| F|  |TAMS 0x000000070b200000| PB 0x000000070b200000| Untracked |  0
|  54|0x000000070b400000, 0x000000070b400000, 0x000000070b600000|  0%| F|  |TAMS 0x000000070b400000| PB 0x000000070b400000| Untracked |  0
|  55|0x000000070b600000, 0x000000070b600000, 0x000000070b800000|  0%| F|  |TAMS 0x000000070b600000| PB 0x000000070b600000| Untracked |  0
|  56|0x000000070b800000, 0x000000070b800000, 0x000000070ba00000|  0%| F|  |TAMS 0x000000070b800000| PB 0x000000070b800000| Untracked |  0
|  57|0x000000070ba00000, 0x000000070ba00000, 0x000000070bc00000|  0%| F|  |TAMS 0x000000070ba00000| PB 0x000000070ba00000| Untracked |  0
|  58|0x000000070bc00000, 0x000000070bc00000, 0x000000070be00000|  0%| F|  |TAMS 0x000000070bc00000| PB 0x000000070bc00000| Untracked |  0
|  59|0x000000070be00000, 0x000000070be00000, 0x000000070c000000|  0%| F|  |TAMS 0x000000070be00000| PB 0x000000070be00000| Untracked |  0
|  60|0x000000070c000000, 0x000000070c000000, 0x000000070c200000|  0%| F|  |TAMS 0x000000070c000000| PB 0x000000070c000000| Untracked |  0
|  61|0x000000070c200000, 0x000000070c200000, 0x000000070c400000|  0%| F|  |TAMS 0x000000070c200000| PB 0x000000070c200000| Untracked |  0
|  62|0x000000070c400000, 0x000000070c400000, 0x000000070c600000|  0%| F|  |TAMS 0x000000070c400000| PB 0x000000070c400000| Untracked |  0
|  63|0x000000070c600000, 0x000000070c600000, 0x000000070c800000|  0%| F|  |TAMS 0x000000070c600000| PB 0x000000070c600000| Untracked |  0
|  64|0x000000070c800000, 0x000000070c800000, 0x000000070ca00000|  0%| F|  |TAMS 0x000000070c800000| PB 0x000000070c800000| Untracked |  0
|  65|0x000000070ca00000, 0x000000070ca00000, 0x000000070cc00000|  0%| F|  |TAMS 0x000000070ca00000| PB 0x000000070ca00000| Untracked |  0
|  66|0x000000070cc00000, 0x000000070cc00000, 0x000000070ce00000|  0%| F|  |TAMS 0x000000070cc00000| PB 0x000000070cc00000| Untracked |  0
|  67|0x000000070ce00000, 0x000000070ce00000, 0x000000070d000000|  0%| F|  |TAMS 0x000000070ce00000| PB 0x000000070ce00000| Untracked |  0
|  68|0x000000070d000000, 0x000000070d000000, 0x000000070d200000|  0%| F|  |TAMS 0x000000070d000000| PB 0x000000070d000000| Untracked |  0
|  69|0x000000070d200000, 0x000000070d200000, 0x000000070d400000|  0%| F|  |TAMS 0x000000070d200000| PB 0x000000070d200000| Untracked |  0
|  70|0x000000070d400000, 0x000000070d400000, 0x000000070d600000|  0%| F|  |TAMS 0x000000070d400000| PB 0x000000070d400000| Untracked |  0
|  71|0x000000070d600000, 0x000000070d600000, 0x000000070d800000|  0%| F|  |TAMS 0x000000070d600000| PB 0x000000070d600000| Untracked |  0
|  72|0x000000070d800000, 0x000000070d800000, 0x000000070da00000|  0%| F|  |TAMS 0x000000070d800000| PB 0x000000070d800000| Untracked |  0
|  73|0x000000070da00000, 0x000000070da00000, 0x000000070dc00000|  0%| F|  |TAMS 0x000000070da00000| PB 0x000000070da00000| Untracked |  0
|  74|0x000000070dc00000, 0x000000070dc00000, 0x000000070de00000|  0%| F|  |TAMS 0x000000070dc00000| PB 0x000000070dc00000| Untracked |  0
|  75|0x000000070de00000, 0x000000070de00000, 0x000000070e000000|  0%| F|  |TAMS 0x000000070de00000| PB 0x000000070de00000| Untracked |  0
|  76|0x000000070e000000, 0x000000070e000000, 0x000000070e200000|  0%| F|  |TAMS 0x000000070e000000| PB 0x000000070e000000| Untracked |  0
|  77|0x000000070e200000, 0x000000070e200000, 0x000000070e400000|  0%| F|  |TAMS 0x000000070e200000| PB 0x000000070e200000| Untracked |  0
|  78|0x000000070e400000, 0x000000070e400000, 0x000000070e600000|  0%| F|  |TAMS 0x000000070e400000| PB 0x000000070e400000| Untracked |  0
|  79|0x000000070e600000, 0x000000070e600000, 0x000000070e800000|  0%| F|  |TAMS 0x000000070e600000| PB 0x000000070e600000| Untracked |  0
|  80|0x000000070e800000, 0x000000070e800000, 0x000000070ea00000|  0%| F|  |TAMS 0x000000070e800000| PB 0x000000070e800000| Untracked |  0
|  81|0x000000070ea00000, 0x000000070ea00000, 0x000000070ec00000|  0%| F|  |TAMS 0x000000070ea00000| PB 0x000000070ea00000| Untracked |  0
|  82|0x000000070ec00000, 0x000000070ec00000, 0x000000070ee00000|  0%| F|  |TAMS 0x000000070ec00000| PB 0x000000070ec00000| Untracked |  0
|  83|0x000000070ee00000, 0x000000070ee00000, 0x000000070f000000|  0%| F|  |TAMS 0x000000070ee00000| PB 0x000000070ee00000| Untracked |  0
|  84|0x000000070f000000, 0x000000070f000000, 0x000000070f200000|  0%| F|  |TAMS 0x000000070f000000| PB 0x000000070f000000| Untracked |  0
|  85|0x000000070f200000, 0x000000070f200000, 0x000000070f400000|  0%| F|  |TAMS 0x000000070f200000| PB 0x000000070f200000| Untracked |  0
|  86|0x000000070f400000, 0x000000070f400000, 0x000000070f600000|  0%| F|  |TAMS 0x000000070f400000| PB 0x000000070f400000| Untracked |  0
|  87|0x000000070f600000, 0x000000070f600000, 0x000000070f800000|  0%| F|  |TAMS 0x000000070f600000| PB 0x000000070f600000| Untracked |  0
|  88|0x000000070f800000, 0x000000070f800000, 0x000000070fa00000|  0%| F|  |TAMS 0x000000070f800000| PB 0x000000070f800000| Untracked |  0
|  89|0x000000070fa00000, 0x000000070fa00000, 0x000000070fc00000|  0%| F|  |TAMS 0x000000070fa00000| PB 0x000000070fa00000| Untracked |  0
|  90|0x000000070fc00000, 0x000000070fc00000, 0x000000070fe00000|  0%| F|  |TAMS 0x000000070fc00000| PB 0x000000070fc00000| Untracked |  0
|  91|0x000000070fe00000, 0x000000070fe00000, 0x0000000710000000|  0%| F|  |TAMS 0x000000070fe00000| PB 0x000000070fe00000| Untracked |  0
|  92|0x0000000710000000, 0x0000000710000000, 0x0000000710200000|  0%| F|  |TAMS 0x0000000710000000| PB 0x0000000710000000| Untracked |  0
|  93|0x0000000710200000, 0x0000000710200000, 0x0000000710400000|  0%| F|  |TAMS 0x0000000710200000| PB 0x0000000710200000| Untracked |  0
|  94|0x0000000710400000, 0x0000000710400000, 0x0000000710600000|  0%| F|  |TAMS 0x0000000710400000| PB 0x0000000710400000| Untracked |  0
|  95|0x0000000710600000, 0x0000000710600000, 0x0000000710800000|  0%| F|  |TAMS 0x0000000710600000| PB 0x0000000710600000| Untracked |  0
|  96|0x0000000710800000, 0x0000000710800000, 0x0000000710a00000|  0%| F|  |TAMS 0x0000000710800000| PB 0x0000000710800000| Untracked |  0
|  97|0x0000000710a00000, 0x0000000710a00000, 0x0000000710c00000|  0%| F|  |TAMS 0x0000000710a00000| PB 0x0000000710a00000| Untracked |  0
|  98|0x0000000710c00000, 0x0000000710c00000, 0x0000000710e00000|  0%| F|  |TAMS 0x0000000710c00000| PB 0x0000000710c00000| Untracked |  0
|  99|0x0000000710e00000, 0x0000000710e00000, 0x0000000711000000|  0%| F|  |TAMS 0x0000000710e00000| PB 0x0000000710e00000| Untracked |  0
| 100|0x0000000711000000, 0x0000000711000000, 0x0000000711200000|  0%| F|  |TAMS 0x0000000711000000| PB 0x0000000711000000| Untracked |  0
| 101|0x0000000711200000, 0x0000000711200000, 0x0000000711400000|  0%| F|  |TAMS 0x0000000711200000| PB 0x0000000711200000| Untracked |  0
| 102|0x0000000711400000, 0x0000000711400000, 0x0000000711600000|  0%| F|  |TAMS 0x0000000711400000| PB 0x0000000711400000| Untracked |  0
| 103|0x0000000711600000, 0x0000000711600000, 0x0000000711800000|  0%| F|  |TAMS 0x0000000711600000| PB 0x0000000711600000| Untracked |  0
| 104|0x0000000711800000, 0x0000000711800000, 0x0000000711a00000|  0%| F|  |TAMS 0x0000000711800000| PB 0x0000000711800000| Untracked |  0
| 105|0x0000000711a00000, 0x0000000711a00000, 0x0000000711c00000|  0%| F|  |TAMS 0x0000000711a00000| PB 0x0000000711a00000| Untracked |  0
| 106|0x0000000711c00000, 0x0000000711c00000, 0x0000000711e00000|  0%| F|  |TAMS 0x0000000711c00000| PB 0x0000000711c00000| Untracked |  0
| 107|0x0000000711e00000, 0x0000000711e00000, 0x0000000712000000|  0%| F|  |TAMS 0x0000000711e00000| PB 0x0000000711e00000| Untracked |  0
| 108|0x0000000712000000, 0x0000000712000000, 0x0000000712200000|  0%| F|  |TAMS 0x0000000712000000| PB 0x0000000712000000| Untracked |  0
| 109|0x0000000712200000, 0x0000000712200000, 0x0000000712400000|  0%| F|  |TAMS 0x0000000712200000| PB 0x0000000712200000| Untracked |  0
| 110|0x0000000712400000, 0x0000000712400000, 0x0000000712600000|  0%| F|  |TAMS 0x0000000712400000| PB 0x0000000712400000| Untracked |  0
| 111|0x0000000712600000, 0x0000000712600000, 0x0000000712800000|  0%| F|  |TAMS 0x0000000712600000| PB 0x0000000712600000| Untracked |  0
| 112|0x0000000712800000, 0x0000000712800000, 0x0000000712a00000|  0%| F|  |TAMS 0x0000000712800000| PB 0x0000000712800000| Untracked |  0
| 113|0x0000000712a00000, 0x0000000712a00000, 0x0000000712c00000|  0%| F|  |TAMS 0x0000000712a00000| PB 0x0000000712a00000| Untracked |  0
| 114|0x0000000712c00000, 0x0000000712c00000, 0x0000000712e00000|  0%| F|  |TAMS 0x0000000712c00000| PB 0x0000000712c00000| Untracked |  0
| 115|0x0000000712e00000, 0x0000000712e00000, 0x0000000713000000|  0%| F|  |TAMS 0x0000000712e00000| PB 0x0000000712e00000| Untracked |  0
| 116|0x0000000713000000, 0x0000000713000000, 0x0000000713200000|  0%| F|  |TAMS 0x0000000713000000| PB 0x0000000713000000| Untracked |  0
| 117|0x0000000713200000, 0x0000000713200000, 0x0000000713400000|  0%| F|  |TAMS 0x0000000713200000| PB 0x0000000713200000| Untracked |  0
| 118|0x0000000713400000, 0x0000000713400000, 0x0000000713600000|  0%| F|  |TAMS 0x0000000713400000| PB 0x0000000713400000| Untracked |  0
| 119|0x0000000713600000, 0x0000000713600000, 0x0000000713800000|  0%| F|  |TAMS 0x0000000713600000| PB 0x0000000713600000| Untracked |  0
| 120|0x0000000713800000, 0x0000000713800000, 0x0000000713a00000|  0%| F|  |TAMS 0x0000000713800000| PB 0x0000000713800000| Untracked |  0
| 121|0x0000000713a00000, 0x0000000713a00000, 0x0000000713c00000|  0%| F|  |TAMS 0x0000000713a00000| PB 0x0000000713a00000| Untracked |  0
| 122|0x0000000713c00000, 0x0000000713c00000, 0x0000000713e00000|  0%| F|  |TAMS 0x0000000713c00000| PB 0x0000000713c00000| Untracked |  0
| 123|0x0000000713e00000, 0x0000000713e00000, 0x0000000714000000|  0%| F|  |TAMS 0x0000000713e00000| PB 0x0000000713e00000| Untracked |  0
| 124|0x0000000714000000, 0x0000000714000000, 0x0000000714200000|  0%| F|  |TAMS 0x0000000714000000| PB 0x0000000714000000| Untracked |  0
| 125|0x0000000714200000, 0x0000000714200000, 0x0000000714400000|  0%| F|  |TAMS 0x0000000714200000| PB 0x0000000714200000| Untracked |  0
| 126|0x0000000714400000, 0x0000000714400000, 0x0000000714600000|  0%| F|  |TAMS 0x0000000714400000| PB 0x0000000714400000| Untracked |  0
| 127|0x0000000714600000, 0x0000000714600000, 0x0000000714800000|  0%| F|  |TAMS 0x0000000714600000| PB 0x0000000714600000| Untracked |  0
| 128|0x0000000714800000, 0x0000000714800000, 0x0000000714a00000|  0%| F|  |TAMS 0x0000000714800000| PB 0x0000000714800000| Untracked |  0
| 129|0x0000000714a00000, 0x0000000714a00000, 0x0000000714c00000|  0%| F|  |TAMS 0x0000000714a00000| PB 0x0000000714a00000| Untracked |  0
| 130|0x0000000714c00000, 0x0000000714c00000, 0x0000000714e00000|  0%| F|  |TAMS 0x0000000714c00000| PB 0x0000000714c00000| Untracked |  0
| 131|0x0000000714e00000, 0x0000000714e00000, 0x0000000715000000|  0%| F|  |TAMS 0x0000000714e00000| PB 0x0000000714e00000| Untracked |  0
| 132|0x0000000715000000, 0x0000000715000000, 0x0000000715200000|  0%| F|  |TAMS 0x0000000715000000| PB 0x0000000715000000| Untracked |  0
| 133|0x0000000715200000, 0x0000000715200000, 0x0000000715400000|  0%| F|  |TAMS 0x0000000715200000| PB 0x0000000715200000| Untracked |  0
| 134|0x0000000715400000, 0x0000000715400000, 0x0000000715600000|  0%| F|  |TAMS 0x0000000715400000| PB 0x0000000715400000| Untracked |  0
| 135|0x0000000715600000, 0x0000000715600000, 0x0000000715800000|  0%| F|  |TAMS 0x0000000715600000| PB 0x0000000715600000| Untracked |  0
| 136|0x0000000715800000, 0x0000000715800000, 0x0000000715a00000|  0%| F|  |TAMS 0x0000000715800000| PB 0x0000000715800000| Untracked |  0
| 137|0x0000000715a00000, 0x0000000715a00000, 0x0000000715c00000|  0%| F|  |TAMS 0x0000000715a00000| PB 0x0000000715a00000| Untracked |  0
| 138|0x0000000715c00000, 0x0000000715c00000, 0x0000000715e00000|  0%| F|  |TAMS 0x0000000715c00000| PB 0x0000000715c00000| Untracked |  0
| 139|0x0000000715e00000, 0x0000000716000000, 0x0000000716000000|100%|HS|  |TAMS 0x0000000715e00000| PB 0x0000000715e00000| Complete |  0
| 140|0x0000000716000000, 0x0000000716200000, 0x0000000716200000|100%|HC|  |TAMS 0x0000000716000000| PB 0x0000000716000000| Complete |  0
| 141|0x0000000716200000, 0x0000000716400000, 0x0000000716400000|100%|HC|  |TAMS 0x0000000716200000| PB 0x0000000716200000| Complete |  0
| 142|0x0000000716400000, 0x0000000716600000, 0x0000000716600000|100%|HC|  |TAMS 0x0000000716400000| PB 0x0000000716400000| Complete |  0
| 143|0x0000000716600000, 0x0000000716800000, 0x0000000716800000|100%|HC|  |TAMS 0x0000000716600000| PB 0x0000000716600000| Complete |  0
| 144|0x0000000716800000, 0x0000000716a00000, 0x0000000716a00000|100%|HC|  |TAMS 0x0000000716800000| PB 0x0000000716800000| Complete |  0
| 145|0x0000000716a00000, 0x0000000716c00000, 0x0000000716c00000|100%|HC|  |TAMS 0x0000000716a00000| PB 0x0000000716a00000| Complete |  0
| 146|0x0000000716c00000, 0x0000000716e00000, 0x0000000716e00000|100%|HC|  |TAMS 0x0000000716c00000| PB 0x0000000716c00000| Complete |  0
| 147|0x0000000716e00000, 0x0000000717000000, 0x0000000717000000|100%|HC|  |TAMS 0x0000000716e00000| PB 0x0000000716e00000| Complete |  0
| 148|0x0000000717000000, 0x0000000717200000, 0x0000000717200000|100%|HC|  |TAMS 0x0000000717000000| PB 0x0000000717000000| Complete |  0
| 149|0x0000000717200000, 0x0000000717400000, 0x0000000717400000|100%|HC|  |TAMS 0x0000000717200000| PB 0x0000000717200000| Complete |  0
| 150|0x0000000717400000, 0x0000000717600000, 0x0000000717600000|100%|HC|  |TAMS 0x0000000717400000| PB 0x0000000717400000| Complete |  0
| 151|0x0000000717600000, 0x0000000717800000, 0x0000000717800000|100%|HC|  |TAMS 0x0000000717600000| PB 0x0000000717600000| Complete |  0
| 152|0x0000000717800000, 0x0000000717a00000, 0x0000000717a00000|100%|HC|  |TAMS 0x0000000717800000| PB 0x0000000717800000| Complete |  0
| 153|0x0000000717a00000, 0x0000000717c00000, 0x0000000717c00000|100%|HC|  |TAMS 0x0000000717a00000| PB 0x0000000717a00000| Complete |  0
| 154|0x0000000717c00000, 0x0000000717e00000, 0x0000000717e00000|100%|HC|  |TAMS 0x0000000717c00000| PB 0x0000000717c00000| Complete |  0
| 155|0x0000000717e00000, 0x0000000718000000, 0x0000000718000000|100%|HC|  |TAMS 0x0000000717e00000| PB 0x0000000717e00000| Complete |  0
| 156|0x0000000718000000, 0x0000000718200000, 0x0000000718200000|100%|HC|  |TAMS 0x0000000718000000| PB 0x0000000718000000| Complete |  0
| 157|0x0000000718200000, 0x0000000718400000, 0x0000000718400000|100%|HC|  |TAMS 0x0000000718200000| PB 0x0000000718200000| Complete |  0
| 158|0x0000000718400000, 0x0000000718600000, 0x0000000718600000|100%|HC|  |TAMS 0x0000000718400000| PB 0x0000000718400000| Complete |  0
| 159|0x0000000718600000, 0x0000000718800000, 0x0000000718800000|100%|HC|  |TAMS 0x0000000718600000| PB 0x0000000718600000| Complete |  0
| 160|0x0000000718800000, 0x0000000718a00000, 0x0000000718a00000|100%|HC|  |TAMS 0x0000000718800000| PB 0x0000000718800000| Complete |  0
| 161|0x0000000718a00000, 0x0000000718c00000, 0x0000000718c00000|100%|HC|  |TAMS 0x0000000718a00000| PB 0x0000000718a00000| Complete |  0
| 162|0x0000000718c00000, 0x0000000718e00000, 0x0000000718e00000|100%|HC|  |TAMS 0x0000000718c00000| PB 0x0000000718c00000| Complete |  0
| 163|0x0000000718e00000, 0x0000000719000000, 0x0000000719000000|100%|HC|  |TAMS 0x0000000718e00000| PB 0x0000000718e00000| Complete |  0
| 164|0x0000000719000000, 0x0000000719200000, 0x0000000719200000|100%|HC|  |TAMS 0x0000000719000000| PB 0x0000000719000000| Complete |  0
| 165|0x0000000719200000, 0x0000000719400000, 0x0000000719400000|100%|HC|  |TAMS 0x0000000719200000| PB 0x0000000719200000| Complete |  0
| 166|0x0000000719400000, 0x0000000719600000, 0x0000000719600000|100%|HC|  |TAMS 0x0000000719400000| PB 0x0000000719400000| Complete |  0
| 167|0x0000000719600000, 0x0000000719800000, 0x0000000719800000|100%|HC|  |TAMS 0x0000000719600000| PB 0x0000000719600000| Complete |  0
| 168|0x0000000719800000, 0x0000000719a00000, 0x0000000719a00000|100%|HC|  |TAMS 0x0000000719800000| PB 0x0000000719800000| Complete |  0
| 169|0x0000000719a00000, 0x0000000719c00000, 0x0000000719c00000|100%|HC|  |TAMS 0x0000000719a00000| PB 0x0000000719a00000| Complete |  0
| 170|0x0000000719c00000, 0x0000000719e00000, 0x0000000719e00000|100%|HC|  |TAMS 0x0000000719c00000| PB 0x0000000719c00000| Complete |  0
| 171|0x0000000719e00000, 0x000000071a000000, 0x000000071a000000|100%|HC|  |TAMS 0x0000000719e00000| PB 0x0000000719e00000| Complete |  0
| 172|0x000000071a000000, 0x000000071a200000, 0x000000071a200000|100%|HC|  |TAMS 0x000000071a000000| PB 0x000000071a000000| Complete |  0
| 173|0x000000071a200000, 0x000000071a400000, 0x000000071a400000|100%|HC|  |TAMS 0x000000071a200000| PB 0x000000071a200000| Complete |  0
| 174|0x000000071a400000, 0x000000071a600000, 0x000000071a600000|100%|HC|  |TAMS 0x000000071a400000| PB 0x000000071a400000| Complete |  0
| 175|0x000000071a600000, 0x000000071a800000, 0x000000071a800000|100%|HC|  |TAMS 0x000000071a600000| PB 0x000000071a600000| Complete |  0
| 176|0x000000071a800000, 0x000000071aa00000, 0x000000071aa00000|100%|HC|  |TAMS 0x000000071a800000| PB 0x000000071a800000| Complete |  0
| 177|0x000000071aa00000, 0x000000071ac00000, 0x000000071ac00000|100%|HC|  |TAMS 0x000000071aa00000| PB 0x000000071aa00000| Complete |  0
| 178|0x000000071ac00000, 0x000000071ae00000, 0x000000071ae00000|100%|HC|  |TAMS 0x000000071ac00000| PB 0x000000071ac00000| Complete |  0
| 179|0x000000071ae00000, 0x000000071b000000, 0x000000071b000000|100%|HC|  |TAMS 0x000000071ae00000| PB 0x000000071ae00000| Complete |  0
| 180|0x000000071b000000, 0x000000071b200000, 0x000000071b200000|100%|HC|  |TAMS 0x000000071b000000| PB 0x000000071b000000| Complete |  0
| 181|0x000000071b200000, 0x000000071b400000, 0x000000071b400000|100%|HC|  |TAMS 0x000000071b200000| PB 0x000000071b200000| Complete |  0
| 182|0x000000071b400000, 0x000000071b600000, 0x000000071b600000|100%|HC|  |TAMS 0x000000071b400000| PB 0x000000071b400000| Complete |  0
| 183|0x000000071b600000, 0x000000071b800000, 0x000000071b800000|100%|HC|  |TAMS 0x000000071b600000| PB 0x000000071b600000| Complete |  0
| 184|0x000000071b800000, 0x000000071ba00000, 0x000000071ba00000|100%|HC|  |TAMS 0x000000071b800000| PB 0x000000071b800000| Complete |  0
| 185|0x000000071ba00000, 0x000000071bc00000, 0x000000071bc00000|100%|HC|  |TAMS 0x000000071ba00000| PB 0x000000071ba00000| Complete |  0
| 186|0x000000071bc00000, 0x000000071be00000, 0x000000071be00000|100%|HC|  |TAMS 0x000000071bc00000| PB 0x000000071bc00000| Complete |  0
| 187|0x000000071be00000, 0x000000071c000000, 0x000000071c000000|100%|HC|  |TAMS 0x000000071be00000| PB 0x000000071be00000| Complete |  0
| 188|0x000000071c000000, 0x000000071c200000, 0x000000071c200000|100%|HC|  |TAMS 0x000000071c000000| PB 0x000000071c000000| Complete |  0
| 189|0x000000071c200000, 0x000000071c400000, 0x000000071c400000|100%|HC|  |TAMS 0x000000071c200000| PB 0x000000071c200000| Complete |  0
| 190|0x000000071c400000, 0x000000071c600000, 0x000000071c600000|100%|HS|  |TAMS 0x000000071c400000| PB 0x000000071c400000| Complete |  0
| 191|0x000000071c600000, 0x000000071c800000, 0x000000071c800000|100%|HC|  |TAMS 0x000000071c600000| PB 0x000000071c600000| Complete |  0
| 192|0x000000071c800000, 0x000000071ca00000, 0x000000071ca00000|100%|HC|  |TAMS 0x000000071c800000| PB 0x000000071c800000| Complete |  0
| 193|0x000000071ca00000, 0x000000071cc00000, 0x000000071cc00000|100%|HC|  |TAMS 0x000000071ca00000| PB 0x000000071ca00000| Complete |  0
| 194|0x000000071cc00000, 0x000000071ce00000, 0x000000071ce00000|100%|HC|  |TAMS 0x000000071cc00000| PB 0x000000071cc00000| Complete |  0
| 195|0x000000071ce00000, 0x000000071d000000, 0x000000071d000000|100%|HC|  |TAMS 0x000000071ce00000| PB 0x000000071ce00000| Complete |  0
| 196|0x000000071d000000, 0x000000071d200000, 0x000000071d200000|100%|HC|  |TAMS 0x000000071d000000| PB 0x000000071d000000| Complete |  0
| 197|0x000000071d200000, 0x000000071d400000, 0x000000071d400000|100%|HC|  |TAMS 0x000000071d200000| PB 0x000000071d200000| Complete |  0
| 198|0x000000071d400000, 0x000000071d600000, 0x000000071d600000|100%|HC|  |TAMS 0x000000071d400000| PB 0x000000071d400000| Complete |  0
| 199|0x000000071d600000, 0x000000071d800000, 0x000000071d800000|100%|HC|  |TAMS 0x000000071d600000| PB 0x000000071d600000| Complete |  0
| 200|0x000000071d800000, 0x000000071da00000, 0x000000071da00000|100%|HC|  |TAMS 0x000000071d800000| PB 0x000000071d800000| Complete |  0
| 201|0x000000071da00000, 0x000000071dc00000, 0x000000071dc00000|100%|HC|  |TAMS 0x000000071da00000| PB 0x000000071da00000| Complete |  0
| 202|0x000000071dc00000, 0x000000071de00000, 0x000000071de00000|100%|HC|  |TAMS 0x000000071dc00000| PB 0x000000071dc00000| Complete |  0
| 203|0x000000071de00000, 0x000000071e000000, 0x000000071e000000|100%|HC|  |TAMS 0x000000071de00000| PB 0x000000071de00000| Complete |  0
| 204|0x000000071e000000, 0x000000071e200000, 0x000000071e200000|100%|HC|  |TAMS 0x000000071e000000| PB 0x000000071e000000| Complete |  0
| 205|0x000000071e200000, 0x000000071e400000, 0x000000071e400000|100%|HC|  |TAMS 0x000000071e200000| PB 0x000000071e200000| Complete |  0
| 206|0x000000071e400000, 0x000000071e600000, 0x000000071e600000|100%|HC|  |TAMS 0x000000071e400000| PB 0x000000071e400000| Complete |  0
| 207|0x000000071e600000, 0x000000071e800000, 0x000000071e800000|100%|HC|  |TAMS 0x000000071e600000| PB 0x000000071e600000| Complete |  0
| 208|0x000000071e800000, 0x000000071ea00000, 0x000000071ea00000|100%|HC|  |TAMS 0x000000071e800000| PB 0x000000071e800000| Complete |  0
| 209|0x000000071ea00000, 0x000000071ec00000, 0x000000071ec00000|100%|HC|  |TAMS 0x000000071ea00000| PB 0x000000071ea00000| Complete |  0
| 210|0x000000071ec00000, 0x000000071ee00000, 0x000000071ee00000|100%|HC|  |TAMS 0x000000071ec00000| PB 0x000000071ec00000| Complete |  0
| 211|0x000000071ee00000, 0x000000071f000000, 0x000000071f000000|100%|HC|  |TAMS 0x000000071ee00000| PB 0x000000071ee00000| Complete |  0
| 212|0x000000071f000000, 0x000000071f200000, 0x000000071f200000|100%|HC|  |TAMS 0x000000071f000000| PB 0x000000071f000000| Complete |  0
| 213|0x000000071f200000, 0x000000071f400000, 0x000000071f400000|100%|HC|  |TAMS 0x000000071f200000| PB 0x000000071f200000| Complete |  0
| 214|0x000000071f400000, 0x000000071f600000, 0x000000071f600000|100%|HC|  |TAMS 0x000000071f400000| PB 0x000000071f400000| Complete |  0
| 215|0x000000071f600000, 0x000000071f800000, 0x000000071f800000|100%|HC|  |TAMS 0x000000071f600000| PB 0x000000071f600000| Complete |  0
| 216|0x000000071f800000, 0x000000071fa00000, 0x000000071fa00000|100%|HC|  |TAMS 0x000000071f800000| PB 0x000000071f800000| Complete |  0
| 217|0x000000071fa00000, 0x000000071fc00000, 0x000000071fc00000|100%|HC|  |TAMS 0x000000071fa00000| PB 0x000000071fa00000| Complete |  0
| 218|0x000000071fc00000, 0x000000071fe00000, 0x000000071fe00000|100%|HC|  |TAMS 0x000000071fc00000| PB 0x000000071fc00000| Complete |  0
| 219|0x000000071fe00000, 0x0000000720000000, 0x0000000720000000|100%|HC|  |TAMS 0x000000071fe00000| PB 0x000000071fe00000| Complete |  0
| 220|0x0000000720000000, 0x0000000720000000, 0x0000000720200000|  0%| F|  |TAMS 0x0000000720000000| PB 0x0000000720000000| Untracked |  0
| 221|0x0000000720200000, 0x0000000720200000, 0x0000000720400000|  0%| F|  |TAMS 0x0000000720200000| PB 0x0000000720200000| Untracked |  0
| 222|0x0000000720400000, 0x0000000720400000, 0x0000000720600000|  0%| F|  |TAMS 0x0000000720400000| PB 0x0000000720400000| Untracked |  0
| 223|0x0000000720600000, 0x0000000720600000, 0x0000000720800000|  0%| F|  |TAMS 0x0000000720600000| PB 0x0000000720600000| Untracked |  0
| 224|0x0000000720800000, 0x0000000720800000, 0x0000000720a00000|  0%| F|  |TAMS 0x0000000720800000| PB 0x0000000720800000| Untracked |  0
| 225|0x0000000720a00000, 0x0000000720a00000, 0x0000000720c00000|  0%| F|  |TAMS 0x0000000720a00000| PB 0x0000000720a00000| Untracked |  0
| 226|0x0000000720c00000, 0x0000000720c00000, 0x0000000720e00000|  0%| F|  |TAMS 0x0000000720c00000| PB 0x0000000720c00000| Untracked |  0
| 227|0x0000000720e00000, 0x0000000720e00000, 0x0000000721000000|  0%| F|  |TAMS 0x0000000720e00000| PB 0x0000000720e00000| Untracked |  0
| 228|0x0000000721000000, 0x0000000721000000, 0x0000000721200000|  0%| F|  |TAMS 0x0000000721000000| PB 0x0000000721000000| Untracked |  0
| 229|0x0000000721200000, 0x0000000721200000, 0x0000000721400000|  0%| F|  |TAMS 0x0000000721200000| PB 0x0000000721200000| Untracked |  0
| 230|0x0000000721400000, 0x0000000721400000, 0x0000000721600000|  0%| F|  |TAMS 0x0000000721400000| PB 0x0000000721400000| Untracked |  0
| 231|0x0000000721600000, 0x0000000721600000, 0x0000000721800000|  0%| F|  |TAMS 0x0000000721600000| PB 0x0000000721600000| Untracked |  0
| 232|0x0000000721800000, 0x0000000721800000, 0x0000000721a00000|  0%| F|  |TAMS 0x0000000721800000| PB 0x0000000721800000| Untracked |  0
| 233|0x0000000721a00000, 0x0000000721a00000, 0x0000000721c00000|  0%| F|  |TAMS 0x0000000721a00000| PB 0x0000000721a00000| Untracked |  0
| 234|0x0000000721c00000, 0x0000000721c00000, 0x0000000721e00000|  0%| F|  |TAMS 0x0000000721c00000| PB 0x0000000721c00000| Untracked |  0
| 235|0x0000000721e00000, 0x0000000721e00000, 0x0000000722000000|  0%| F|  |TAMS 0x0000000721e00000| PB 0x0000000721e00000| Untracked |  0
| 236|0x0000000722000000, 0x0000000722000000, 0x0000000722200000|  0%| F|  |TAMS 0x0000000722000000| PB 0x0000000722000000| Untracked |  0
| 237|0x0000000722200000, 0x0000000722200000, 0x0000000722400000|  0%| F|  |TAMS 0x0000000722200000| PB 0x0000000722200000| Untracked |  0
| 238|0x0000000722400000, 0x0000000722400000, 0x0000000722600000|  0%| F|  |TAMS 0x0000000722400000| PB 0x0000000722400000| Untracked |  0
| 239|0x0000000722600000, 0x0000000722600000, 0x0000000722800000|  0%| F|  |TAMS 0x0000000722600000| PB 0x0000000722600000| Untracked |  0
| 240|0x0000000722800000, 0x0000000722800000, 0x0000000722a00000|  0%| F|  |TAMS 0x0000000722800000| PB 0x0000000722800000| Untracked |  0
| 241|0x0000000722a00000, 0x0000000722a00000, 0x0000000722c00000|  0%| F|  |TAMS 0x0000000722a00000| PB 0x0000000722a00000| Untracked |  0
| 242|0x0000000722c00000, 0x0000000722c00000, 0x0000000722e00000|  0%| F|  |TAMS 0x0000000722c00000| PB 0x0000000722c00000| Untracked |  0
| 243|0x0000000722e00000, 0x0000000722e00000, 0x0000000723000000|  0%| F|  |TAMS 0x0000000722e00000| PB 0x0000000722e00000| Untracked |  0
| 244|0x0000000723000000, 0x0000000723000000, 0x0000000723200000|  0%| F|  |TAMS 0x0000000723000000| PB 0x0000000723000000| Untracked |  0
| 245|0x0000000723200000, 0x0000000723200000, 0x0000000723400000|  0%| F|  |TAMS 0x0000000723200000| PB 0x0000000723200000| Untracked |  0
| 246|0x0000000723400000, 0x0000000723400000, 0x0000000723600000|  0%| F|  |TAMS 0x0000000723400000| PB 0x0000000723400000| Untracked |  0
| 247|0x0000000723600000, 0x0000000723600000, 0x0000000723800000|  0%| F|  |TAMS 0x0000000723600000| PB 0x0000000723600000| Untracked |  0
| 248|0x0000000723800000, 0x0000000723800000, 0x0000000723a00000|  0%| F|  |TAMS 0x0000000723800000| PB 0x0000000723800000| Untracked |  0
| 249|0x0000000723a00000, 0x0000000723a00000, 0x0000000723c00000|  0%| F|  |TAMS 0x0000000723a00000| PB 0x0000000723a00000| Untracked |  0
| 250|0x0000000723c00000, 0x0000000723c00000, 0x0000000723e00000|  0%| F|  |TAMS 0x0000000723c00000| PB 0x0000000723c00000| Untracked |  0
| 251|0x0000000723e00000, 0x0000000723e00000, 0x0000000724000000|  0%| F|  |TAMS 0x0000000723e00000| PB 0x0000000723e00000| Untracked |  0
| 252|0x0000000724000000, 0x0000000724000000, 0x0000000724200000|  0%| F|  |TAMS 0x0000000724000000| PB 0x0000000724000000| Untracked |  0
| 253|0x0000000724200000, 0x0000000724200000, 0x0000000724400000|  0%| F|  |TAMS 0x0000000724200000| PB 0x0000000724200000| Untracked |  0
| 254|0x0000000724400000, 0x0000000724400000, 0x0000000724600000|  0%| F|  |TAMS 0x0000000724400000| PB 0x0000000724400000| Untracked |  0
| 255|0x0000000724600000, 0x0000000724600000, 0x0000000724800000|  0%| F|  |TAMS 0x0000000724600000| PB 0x0000000724600000| Untracked |  0
| 256|0x0000000724800000, 0x0000000724800000, 0x0000000724a00000|  0%| F|  |TAMS 0x0000000724800000| PB 0x0000000724800000| Untracked |  0
| 257|0x0000000724a00000, 0x0000000724a00000, 0x0000000724c00000|  0%| F|  |TAMS 0x0000000724a00000| PB 0x0000000724a00000| Untracked |  0
| 258|0x0000000724c00000, 0x0000000724c00000, 0x0000000724e00000|  0%| F|  |TAMS 0x0000000724c00000| PB 0x0000000724c00000| Untracked |  0
| 259|0x0000000724e00000, 0x0000000724e00000, 0x0000000725000000|  0%| F|  |TAMS 0x0000000724e00000| PB 0x0000000724e00000| Untracked |  0
| 260|0x0000000725000000, 0x0000000725000000, 0x0000000725200000|  0%| F|  |TAMS 0x0000000725000000| PB 0x0000000725000000| Untracked |  0
| 261|0x0000000725200000, 0x0000000725200000, 0x0000000725400000|  0%| F|  |TAMS 0x0000000725200000| PB 0x0000000725200000| Untracked |  0
| 262|0x0000000725400000, 0x0000000725400000, 0x0000000725600000|  0%| F|  |TAMS 0x0000000725400000| PB 0x0000000725400000| Untracked |  0
| 263|0x0000000725600000, 0x0000000725600000, 0x0000000725800000|  0%| F|  |TAMS 0x0000000725600000| PB 0x0000000725600000| Untracked |  0
| 264|0x0000000725800000, 0x0000000725800000, 0x0000000725a00000|  0%| F|  |TAMS 0x0000000725800000| PB 0x0000000725800000| Untracked |  0
| 265|0x0000000725a00000, 0x0000000725a00000, 0x0000000725c00000|  0%| F|  |TAMS 0x0000000725a00000| PB 0x0000000725a00000| Untracked |  0
| 266|0x0000000725c00000, 0x0000000725c00000, 0x0000000725e00000|  0%| F|  |TAMS 0x0000000725c00000| PB 0x0000000725c00000| Untracked |  0
| 267|0x0000000725e00000, 0x0000000725e00000, 0x0000000726000000|  0%| F|  |TAMS 0x0000000725e00000| PB 0x0000000725e00000| Untracked |  0
| 268|0x0000000726000000, 0x0000000726000000, 0x0000000726200000|  0%| F|  |TAMS 0x0000000726000000| PB 0x0000000726000000| Untracked |  0
| 269|0x0000000726200000, 0x0000000726200000, 0x0000000726400000|  0%| F|  |TAMS 0x0000000726200000| PB 0x0000000726200000| Untracked |  0
| 270|0x0000000726400000, 0x0000000726400000, 0x0000000726600000|  0%| F|  |TAMS 0x0000000726400000| PB 0x0000000726400000| Untracked |  0
| 271|0x0000000726600000, 0x0000000726600000, 0x0000000726800000|  0%| F|  |TAMS 0x0000000726600000| PB 0x0000000726600000| Untracked |  0
| 272|0x0000000726800000, 0x0000000726800000, 0x0000000726a00000|  0%| F|  |TAMS 0x0000000726800000| PB 0x0000000726800000| Untracked |  0
| 273|0x0000000726a00000, 0x0000000726a00000, 0x0000000726c00000|  0%| F|  |TAMS 0x0000000726a00000| PB 0x0000000726a00000| Untracked |  0
| 274|0x0000000726c00000, 0x0000000726c00000, 0x0000000726e00000|  0%| F|  |TAMS 0x0000000726c00000| PB 0x0000000726c00000| Untracked |  0
| 275|0x0000000726e00000, 0x0000000726e00000, 0x0000000727000000|  0%| F|  |TAMS 0x0000000726e00000| PB 0x0000000726e00000| Untracked |  0
| 276|0x0000000727000000, 0x0000000727000000, 0x0000000727200000|  0%| F|  |TAMS 0x0000000727000000| PB 0x0000000727000000| Untracked |  0
| 277|0x0000000727200000, 0x0000000727200000, 0x0000000727400000|  0%| F|  |TAMS 0x0000000727200000| PB 0x0000000727200000| Untracked |  0
| 278|0x0000000727400000, 0x0000000727400000, 0x0000000727600000|  0%| F|  |TAMS 0x0000000727400000| PB 0x0000000727400000| Untracked |  0
| 279|0x0000000727600000, 0x0000000727600000, 0x0000000727800000|  0%| F|  |TAMS 0x0000000727600000| PB 0x0000000727600000| Untracked |  0
| 280|0x0000000727800000, 0x0000000727800000, 0x0000000727a00000|  0%| F|  |TAMS 0x0000000727800000| PB 0x0000000727800000| Untracked |  0
| 281|0x0000000727a00000, 0x0000000727a00000, 0x0000000727c00000|  0%| F|  |TAMS 0x0000000727a00000| PB 0x0000000727a00000| Untracked |  0
| 282|0x0000000727c00000, 0x0000000727c00000, 0x0000000727e00000|  0%| F|  |TAMS 0x0000000727c00000| PB 0x0000000727c00000| Untracked |  0
| 283|0x0000000727e00000, 0x0000000727e00000, 0x0000000728000000|  0%| F|  |TAMS 0x0000000727e00000| PB 0x0000000727e00000| Untracked |  0
| 284|0x0000000728000000, 0x0000000728000000, 0x0000000728200000|  0%| F|  |TAMS 0x0000000728000000| PB 0x0000000728000000| Untracked |  0
| 285|0x0000000728200000, 0x0000000728200000, 0x0000000728400000|  0%| F|  |TAMS 0x0000000728200000| PB 0x0000000728200000| Untracked |  0
| 286|0x0000000728400000, 0x0000000728400000, 0x0000000728600000|  0%| F|  |TAMS 0x0000000728400000| PB 0x0000000728400000| Untracked |  0
| 287|0x0000000728600000, 0x0000000728600000, 0x0000000728800000|  0%| F|  |TAMS 0x0000000728600000| PB 0x0000000728600000| Untracked |  0
| 288|0x0000000728800000, 0x0000000728800000, 0x0000000728a00000|  0%| F|  |TAMS 0x0000000728800000| PB 0x0000000728800000| Untracked |  0
| 289|0x0000000728a00000, 0x0000000728a00000, 0x0000000728c00000|  0%| F|  |TAMS 0x0000000728a00000| PB 0x0000000728a00000| Untracked |  0
| 290|0x0000000728c00000, 0x0000000728c00000, 0x0000000728e00000|  0%| F|  |TAMS 0x0000000728c00000| PB 0x0000000728c00000| Untracked |  0
| 291|0x0000000728e00000, 0x0000000728e00000, 0x0000000729000000|  0%| F|  |TAMS 0x0000000728e00000| PB 0x0000000728e00000| Untracked |  0
| 292|0x0000000729000000, 0x0000000729000000, 0x0000000729200000|  0%| F|  |TAMS 0x0000000729000000| PB 0x0000000729000000| Untracked |  0
| 293|0x0000000729200000, 0x0000000729200000, 0x0000000729400000|  0%| F|  |TAMS 0x0000000729200000| PB 0x0000000729200000| Untracked |  0
| 294|0x0000000729400000, 0x0000000729400000, 0x0000000729600000|  0%| F|  |TAMS 0x0000000729400000| PB 0x0000000729400000| Untracked |  0
| 295|0x0000000729600000, 0x0000000729600000, 0x0000000729800000|  0%| F|  |TAMS 0x0000000729600000| PB 0x0000000729600000| Untracked |  0
| 296|0x0000000729800000, 0x0000000729800000, 0x0000000729a00000|  0%| F|  |TAMS 0x0000000729800000| PB 0x0000000729800000| Untracked |  0
| 297|0x0000000729a00000, 0x0000000729a00000, 0x0000000729c00000|  0%| F|  |TAMS 0x0000000729a00000| PB 0x0000000729a00000| Untracked |  0
| 298|0x0000000729c00000, 0x0000000729c00000, 0x0000000729e00000|  0%| F|  |TAMS 0x0000000729c00000| PB 0x0000000729c00000| Untracked |  0
| 299|0x0000000729e00000, 0x0000000729e00000, 0x000000072a000000|  0%| F|  |TAMS 0x0000000729e00000| PB 0x0000000729e00000| Untracked |  0
| 300|0x000000072a000000, 0x000000072a000000, 0x000000072a200000|  0%| F|  |TAMS 0x000000072a000000| PB 0x000000072a000000| Untracked |  0
| 301|0x000000072a200000, 0x000000072a200000, 0x000000072a400000|  0%| F|  |TAMS 0x000000072a200000| PB 0x000000072a200000| Untracked |  0
| 302|0x000000072a400000, 0x000000072a400000, 0x000000072a600000|  0%| F|  |TAMS 0x000000072a400000| PB 0x000000072a400000| Untracked |  0
| 303|0x000000072a600000, 0x000000072a800000, 0x000000072a800000|100%|HS|  |TAMS 0x000000072a600000| PB 0x000000072a600000| Complete |  0
| 304|0x000000072a800000, 0x000000072aa00000, 0x000000072aa00000|100%|HC|  |TAMS 0x000000072a800000| PB 0x000000072a800000| Complete |  0
| 305|0x000000072aa00000, 0x000000072ac00000, 0x000000072ac00000|100%|HC|  |TAMS 0x000000072aa00000| PB 0x000000072aa00000| Complete |  0
| 306|0x000000072ac00000, 0x000000072ae00000, 0x000000072ae00000|100%|HC|  |TAMS 0x000000072ac00000| PB 0x000000072ac00000| Complete |  0
| 307|0x000000072ae00000, 0x000000072b000000, 0x000000072b000000|100%|HC|  |TAMS 0x000000072ae00000| PB 0x000000072ae00000| Complete |  0
| 308|0x000000072b000000, 0x000000072b200000, 0x000000072b200000|100%|HC|  |TAMS 0x000000072b000000| PB 0x000000072b000000| Complete |  0
| 309|0x000000072b200000, 0x000000072b400000, 0x000000072b400000|100%|HC|  |TAMS 0x000000072b200000| PB 0x000000072b200000| Complete |  0
| 310|0x000000072b400000, 0x000000072b600000, 0x000000072b600000|100%|HC|  |TAMS 0x000000072b400000| PB 0x000000072b400000| Complete |  0
| 311|0x000000072b600000, 0x000000072b800000, 0x000000072b800000|100%|HC|  |TAMS 0x000000072b600000| PB 0x000000072b600000| Complete |  0
| 312|0x000000072b800000, 0x000000072ba00000, 0x000000072ba00000|100%|HC|  |TAMS 0x000000072b800000| PB 0x000000072b800000| Complete |  0
| 313|0x000000072ba00000, 0x000000072bc00000, 0x000000072bc00000|100%|HC|  |TAMS 0x000000072ba00000| PB 0x000000072ba00000| Complete |  0
| 314|0x000000072bc00000, 0x000000072be00000, 0x000000072be00000|100%|HC|  |TAMS 0x000000072bc00000| PB 0x000000072bc00000| Complete |  0
| 315|0x000000072be00000, 0x000000072c000000, 0x000000072c000000|100%|HC|  |TAMS 0x000000072be00000| PB 0x000000072be00000| Complete |  0
| 316|0x000000072c000000, 0x000000072c200000, 0x000000072c200000|100%|HC|  |TAMS 0x000000072c000000| PB 0x000000072c000000| Complete |  0
| 317|0x000000072c200000, 0x000000072c400000, 0x000000072c400000|100%|HC|  |TAMS 0x000000072c200000| PB 0x000000072c200000| Complete |  0
| 318|0x000000072c400000, 0x000000072c600000, 0x000000072c600000|100%|HC|  |TAMS 0x000000072c400000| PB 0x000000072c400000| Complete |  0
| 319|0x000000072c600000, 0x000000072c800000, 0x000000072c800000|100%|HC|  |TAMS 0x000000072c600000| PB 0x000000072c600000| Complete |  0
| 320|0x000000072c800000, 0x000000072ca00000, 0x000000072ca00000|100%|HC|  |TAMS 0x000000072c800000| PB 0x000000072c800000| Complete |  0
| 321|0x000000072ca00000, 0x000000072cc00000, 0x000000072cc00000|100%|HC|  |TAMS 0x000000072ca00000| PB 0x000000072ca00000| Complete |  0
| 322|0x000000072cc00000, 0x000000072ce00000, 0x000000072ce00000|100%|HC|  |TAMS 0x000000072cc00000| PB 0x000000072cc00000| Complete |  0
| 323|0x000000072ce00000, 0x000000072d000000, 0x000000072d000000|100%|HC|  |TAMS 0x000000072ce00000| PB 0x000000072ce00000| Complete |  0
| 324|0x000000072d000000, 0x000000072d200000, 0x000000072d200000|100%|HC|  |TAMS 0x000000072d000000| PB 0x000000072d000000| Complete |  0
| 325|0x000000072d200000, 0x000000072d400000, 0x000000072d400000|100%|HC|  |TAMS 0x000000072d200000| PB 0x000000072d200000| Complete |  0
| 326|0x000000072d400000, 0x000000072d600000, 0x000000072d600000|100%|HC|  |TAMS 0x000000072d400000| PB 0x000000072d400000| Complete |  0
| 327|0x000000072d600000, 0x000000072d800000, 0x000000072d800000|100%|HC|  |TAMS 0x000000072d600000| PB 0x000000072d600000| Complete |  0
| 328|0x000000072d800000, 0x000000072da00000, 0x000000072da00000|100%|HC|  |TAMS 0x000000072d800000| PB 0x000000072d800000| Complete |  0
| 329|0x000000072da00000, 0x000000072dc00000, 0x000000072dc00000|100%|HC|  |TAMS 0x000000072da00000| PB 0x000000072da00000| Complete |  0
| 330|0x000000072dc00000, 0x000000072de00000, 0x000000072de00000|100%|HC|  |TAMS 0x000000072dc00000| PB 0x000000072dc00000| Complete |  0
| 331|0x000000072de00000, 0x000000072e000000, 0x000000072e000000|100%|HC|  |TAMS 0x000000072de00000| PB 0x000000072de00000| Complete |  0
| 332|0x000000072e000000, 0x000000072e200000, 0x000000072e200000|100%|HC|  |TAMS 0x000000072e000000| PB 0x000000072e000000| Complete |  0
| 333|0x000000072e200000, 0x000000072e400000, 0x000000072e400000|100%|HC|  |TAMS 0x000000072e200000| PB 0x000000072e200000| Complete |  0
| 334|0x000000072e400000, 0x000000072e600000, 0x000000072e600000|100%|HC|  |TAMS 0x000000072e400000| PB 0x000000072e400000| Complete |  0
| 335|0x000000072e600000, 0x000000072e800000, 0x000000072e800000|100%|HC|  |TAMS 0x000000072e600000| PB 0x000000072e600000| Complete |  0
| 336|0x000000072e800000, 0x000000072ea00000, 0x000000072ea00000|100%|HC|  |TAMS 0x000000072e800000| PB 0x000000072e800000| Complete |  0
| 337|0x000000072ea00000, 0x000000072ec00000, 0x000000072ec00000|100%|HC|  |TAMS 0x000000072ea00000| PB 0x000000072ea00000| Complete |  0
| 338|0x000000072ec00000, 0x000000072ee00000, 0x000000072ee00000|100%|HC|  |TAMS 0x000000072ec00000| PB 0x000000072ec00000| Complete |  0
| 339|0x000000072ee00000, 0x000000072f000000, 0x000000072f000000|100%|HC|  |TAMS 0x000000072ee00000| PB 0x000000072ee00000| Complete |  0
| 340|0x000000072f000000, 0x000000072f200000, 0x000000072f200000|100%|HC|  |TAMS 0x000000072f000000| PB 0x000000072f000000| Complete |  0
| 341|0x000000072f200000, 0x000000072f400000, 0x000000072f400000|100%|HC|  |TAMS 0x000000072f200000| PB 0x000000072f200000| Complete |  0
| 342|0x000000072f400000, 0x000000072f600000, 0x000000072f600000|100%|HC|  |TAMS 0x000000072f400000| PB 0x000000072f400000| Complete |  0
| 343|0x000000072f600000, 0x000000072f800000, 0x000000072f800000|100%|HC|  |TAMS 0x000000072f600000| PB 0x000000072f600000| Complete |  0
| 344|0x000000072f800000, 0x000000072fa00000, 0x000000072fa00000|100%|HC|  |TAMS 0x000000072f800000| PB 0x000000072f800000| Complete |  0
| 345|0x000000072fa00000, 0x000000072fc00000, 0x000000072fc00000|100%|HC|  |TAMS 0x000000072fa00000| PB 0x000000072fa00000| Complete |  0
| 346|0x000000072fc00000, 0x000000072fe00000, 0x000000072fe00000|100%|HC|  |TAMS 0x000000072fc00000| PB 0x000000072fc00000| Complete |  0
| 347|0x000000072fe00000, 0x0000000730000000, 0x0000000730000000|100%|HC|  |TAMS 0x000000072fe00000| PB 0x000000072fe00000| Complete |  0
| 348|0x0000000730000000, 0x0000000730200000, 0x0000000730200000|100%|HC|  |TAMS 0x0000000730000000| PB 0x0000000730000000| Complete |  0
| 349|0x0000000730200000, 0x0000000730400000, 0x0000000730400000|100%|HC|  |TAMS 0x0000000730200000| PB 0x0000000730200000| Complete |  0
| 350|0x0000000730400000, 0x0000000730600000, 0x0000000730600000|100%|HC|  |TAMS 0x0000000730400000| PB 0x0000000730400000| Complete |  0
| 351|0x0000000730600000, 0x0000000730800000, 0x0000000730800000|100%|HC|  |TAMS 0x0000000730600000| PB 0x0000000730600000| Complete |  0
| 352|0x0000000730800000, 0x0000000730a00000, 0x0000000730a00000|100%|HC|  |TAMS 0x0000000730800000| PB 0x0000000730800000| Complete |  0
| 353|0x0000000730a00000, 0x0000000730c00000, 0x0000000730c00000|100%|HC|  |TAMS 0x0000000730a00000| PB 0x0000000730a00000| Complete |  0
| 354|0x0000000730c00000, 0x0000000730e00000, 0x0000000730e00000|100%|HC|  |TAMS 0x0000000730c00000| PB 0x0000000730c00000| Complete |  0
| 355|0x0000000730e00000, 0x0000000731000000, 0x0000000731000000|100%|HC|  |TAMS 0x0000000730e00000| PB 0x0000000730e00000| Complete |  0
| 356|0x0000000731000000, 0x0000000731200000, 0x0000000731200000|100%|HC|  |TAMS 0x0000000731000000| PB 0x0000000731000000| Complete |  0
| 357|0x0000000731200000, 0x0000000731400000, 0x0000000731400000|100%|HC|  |TAMS 0x0000000731200000| PB 0x0000000731200000| Complete |  0
| 358|0x0000000731400000, 0x0000000731600000, 0x0000000731600000|100%|HC|  |TAMS 0x0000000731400000| PB 0x0000000731400000| Complete |  0
| 359|0x0000000731600000, 0x0000000731800000, 0x0000000731800000|100%|HC|  |TAMS 0x0000000731600000| PB 0x0000000731600000| Complete |  0
| 360|0x0000000731800000, 0x0000000731a00000, 0x0000000731a00000|100%|HC|  |TAMS 0x0000000731800000| PB 0x0000000731800000| Complete |  0
| 361|0x0000000731a00000, 0x0000000731c00000, 0x0000000731c00000|100%|HC|  |TAMS 0x0000000731a00000| PB 0x0000000731a00000| Complete |  0
| 362|0x0000000731c00000, 0x0000000731e00000, 0x0000000731e00000|100%|HC|  |TAMS 0x0000000731c00000| PB 0x0000000731c00000| Complete |  0
| 363|0x0000000731e00000, 0x0000000732000000, 0x0000000732000000|100%|HC|  |TAMS 0x0000000731e00000| PB 0x0000000731e00000| Complete |  0
| 364|0x0000000732000000, 0x0000000732200000, 0x0000000732200000|100%|HC|  |TAMS 0x0000000732000000| PB 0x0000000732000000| Complete |  0
| 365|0x0000000732200000, 0x0000000732400000, 0x0000000732400000|100%|HC|  |TAMS 0x0000000732200000| PB 0x0000000732200000| Complete |  0
| 366|0x0000000732400000, 0x0000000732600000, 0x0000000732600000|100%|HC|  |TAMS 0x0000000732400000| PB 0x0000000732400000| Complete |  0
| 367|0x0000000732600000, 0x0000000732800000, 0x0000000732800000|100%|HC|  |TAMS 0x0000000732600000| PB 0x0000000732600000| Complete |  0
| 368|0x0000000732800000, 0x0000000732a00000, 0x0000000732a00000|100%|HC|  |TAMS 0x0000000732800000| PB 0x0000000732800000| Complete |  0
| 369|0x0000000732a00000, 0x0000000732c00000, 0x0000000732c00000|100%|HC|  |TAMS 0x0000000732a00000| PB 0x0000000732a00000| Complete |  0
| 370|0x0000000732c00000, 0x0000000732e00000, 0x0000000732e00000|100%|HC|  |TAMS 0x0000000732c00000| PB 0x0000000732c00000| Complete |  0
| 371|0x0000000732e00000, 0x0000000733000000, 0x0000000733000000|100%|HC|  |TAMS 0x0000000732e00000| PB 0x0000000732e00000| Complete |  0
| 372|0x0000000733000000, 0x0000000733200000, 0x0000000733200000|100%|HC|  |TAMS 0x0000000733000000| PB 0x0000000733000000| Complete |  0
| 373|0x0000000733200000, 0x0000000733400000, 0x0000000733400000|100%|HC|  |TAMS 0x0000000733200000| PB 0x0000000733200000| Complete |  0
| 374|0x0000000733400000, 0x0000000733600000, 0x0000000733600000|100%|HC|  |TAMS 0x0000000733400000| PB 0x0000000733400000| Complete |  0
| 375|0x0000000733600000, 0x0000000733800000, 0x0000000733800000|100%|HC|  |TAMS 0x0000000733600000| PB 0x0000000733600000| Complete |  0
| 376|0x0000000733800000, 0x0000000733a00000, 0x0000000733a00000|100%|HC|  |TAMS 0x0000000733800000| PB 0x0000000733800000| Complete |  0
| 377|0x0000000733a00000, 0x0000000733c00000, 0x0000000733c00000|100%|HC|  |TAMS 0x0000000733a00000| PB 0x0000000733a00000| Complete |  0
| 378|0x0000000733c00000, 0x0000000733e00000, 0x0000000733e00000|100%|HC|  |TAMS 0x0000000733c00000| PB 0x0000000733c00000| Complete |  0
| 379|0x0000000733e00000, 0x0000000734000000, 0x0000000734000000|100%|HC|  |TAMS 0x0000000733e00000| PB 0x0000000733e00000| Complete |  0
| 380|0x0000000734000000, 0x0000000734200000, 0x0000000734200000|100%|HC|  |TAMS 0x0000000734000000| PB 0x0000000734000000| Complete |  0
| 381|0x0000000734200000, 0x0000000734400000, 0x0000000734400000|100%|HC|  |TAMS 0x0000000734200000| PB 0x0000000734200000| Complete |  0
| 382|0x0000000734400000, 0x0000000734600000, 0x0000000734600000|100%|HC|  |TAMS 0x0000000734400000| PB 0x0000000734400000| Complete |  0
| 383|0x0000000734600000, 0x0000000734800000, 0x0000000734800000|100%|HC|  |TAMS 0x0000000734600000| PB 0x0000000734600000| Complete |  0
| 384|0x0000000734800000, 0x0000000734a00000, 0x0000000734a00000|100%|HC|  |TAMS 0x0000000734800000| PB 0x0000000734800000| Complete |  0
| 385|0x0000000734a00000, 0x0000000734c00000, 0x0000000734c00000|100%|HC|  |TAMS 0x0000000734a00000| PB 0x0000000734a00000| Complete |  0
| 386|0x0000000734c00000, 0x0000000734e00000, 0x0000000734e00000|100%|HC|  |TAMS 0x0000000734c00000| PB 0x0000000734c00000| Complete |  0
| 387|0x0000000734e00000, 0x0000000735000000, 0x0000000735000000|100%|HC|  |TAMS 0x0000000734e00000| PB 0x0000000734e00000| Complete |  0
| 388|0x0000000735000000, 0x0000000735200000, 0x0000000735200000|100%|HC|  |TAMS 0x0000000735000000| PB 0x0000000735000000| Complete |  0
| 389|0x0000000735200000, 0x0000000735400000, 0x0000000735400000|100%|HC|  |TAMS 0x0000000735200000| PB 0x0000000735200000| Complete |  0
| 390|0x0000000735400000, 0x0000000735600000, 0x0000000735600000|100%|HC|  |TAMS 0x0000000735400000| PB 0x0000000735400000| Complete |  0
| 391|0x0000000735600000, 0x0000000735800000, 0x0000000735800000|100%|HC|  |TAMS 0x0000000735600000| PB 0x0000000735600000| Complete |  0
| 392|0x0000000735800000, 0x0000000735a00000, 0x0000000735a00000|100%|HC|  |TAMS 0x0000000735800000| PB 0x0000000735800000| Complete |  0
| 393|0x0000000735a00000, 0x0000000735c00000, 0x0000000735c00000|100%|HC|  |TAMS 0x0000000735a00000| PB 0x0000000735a00000| Complete |  0
| 394|0x0000000735c00000, 0x0000000735e00000, 0x0000000735e00000|100%|HC|  |TAMS 0x0000000735c00000| PB 0x0000000735c00000| Complete |  0
| 395|0x0000000735e00000, 0x0000000736000000, 0x0000000736000000|100%|HC|  |TAMS 0x0000000735e00000| PB 0x0000000735e00000| Complete |  0
| 396|0x0000000736000000, 0x0000000736200000, 0x0000000736200000|100%|HC|  |TAMS 0x0000000736000000| PB 0x0000000736000000| Complete |  0
| 397|0x0000000736200000, 0x0000000736400000, 0x0000000736400000|100%|HC|  |TAMS 0x0000000736200000| PB 0x0000000736200000| Complete |  0
| 398|0x0000000736400000, 0x0000000736600000, 0x0000000736600000|100%|HC|  |TAMS 0x0000000736400000| PB 0x0000000736400000| Complete |  0
| 399|0x0000000736600000, 0x0000000736800000, 0x0000000736800000|100%|HC|  |TAMS 0x0000000736600000| PB 0x0000000736600000| Complete |  0
| 400|0x0000000736800000, 0x0000000736a00000, 0x0000000736a00000|100%|HC|  |TAMS 0x0000000736800000| PB 0x0000000736800000| Complete |  0
| 401|0x0000000736a00000, 0x0000000736c00000, 0x0000000736c00000|100%|HC|  |TAMS 0x0000000736a00000| PB 0x0000000736a00000| Complete |  0
| 402|0x0000000736c00000, 0x0000000736e00000, 0x0000000736e00000|100%|HC|  |TAMS 0x0000000736c00000| PB 0x0000000736c00000| Complete |  0
| 403|0x0000000736e00000, 0x0000000737000000, 0x0000000737000000|100%|HC|  |TAMS 0x0000000736e00000| PB 0x0000000736e00000| Complete |  0
| 404|0x0000000737000000, 0x0000000737200000, 0x0000000737200000|100%|HS|  |TAMS 0x0000000737000000| PB 0x0000000737000000| Complete |  0
| 405|0x0000000737200000, 0x0000000737400000, 0x0000000737400000|100%|HC|  |TAMS 0x0000000737200000| PB 0x0000000737200000| Complete |  0
| 406|0x0000000737400000, 0x0000000737600000, 0x0000000737600000|100%|HC|  |TAMS 0x0000000737400000| PB 0x0000000737400000| Complete |  0
| 407|0x0000000737600000, 0x0000000737800000, 0x0000000737800000|100%|HC|  |TAMS 0x0000000737600000| PB 0x0000000737600000| Complete |  0
| 408|0x0000000737800000, 0x0000000737a00000, 0x0000000737a00000|100%|HC|  |TAMS 0x0000000737800000| PB 0x0000000737800000| Complete |  0
| 409|0x0000000737a00000, 0x0000000737c00000, 0x0000000737c00000|100%|HC|  |TAMS 0x0000000737a00000| PB 0x0000000737a00000| Complete |  0
| 410|0x0000000737c00000, 0x0000000737e00000, 0x0000000737e00000|100%|HC|  |TAMS 0x0000000737c00000| PB 0x0000000737c00000| Complete |  0
| 411|0x0000000737e00000, 0x0000000738000000, 0x0000000738000000|100%|HC|  |TAMS 0x0000000737e00000| PB 0x0000000737e00000| Complete |  0
| 412|0x0000000738000000, 0x0000000738200000, 0x0000000738200000|100%|HC|  |TAMS 0x0000000738000000| PB 0x0000000738000000| Complete |  0
| 413|0x0000000738200000, 0x0000000738400000, 0x0000000738400000|100%|HC|  |TAMS 0x0000000738200000| PB 0x0000000738200000| Complete |  0
| 414|0x0000000738400000, 0x0000000738600000, 0x0000000738600000|100%|HC|  |TAMS 0x0000000738400000| PB 0x0000000738400000| Complete |  0
| 415|0x0000000738600000, 0x0000000738800000, 0x0000000738800000|100%|HC|  |TAMS 0x0000000738600000| PB 0x0000000738600000| Complete |  0
| 416|0x0000000738800000, 0x0000000738a00000, 0x0000000738a00000|100%|HC|  |TAMS 0x0000000738800000| PB 0x0000000738800000| Complete |  0
| 417|0x0000000738a00000, 0x0000000738c00000, 0x0000000738c00000|100%|HC|  |TAMS 0x0000000738a00000| PB 0x0000000738a00000| Complete |  0
| 418|0x0000000738c00000, 0x0000000738e00000, 0x0000000738e00000|100%|HC|  |TAMS 0x0000000738c00000| PB 0x0000000738c00000| Complete |  0
| 419|0x0000000738e00000, 0x0000000739000000, 0x0000000739000000|100%|HC|  |TAMS 0x0000000738e00000| PB 0x0000000738e00000| Complete |  0
| 420|0x0000000739000000, 0x0000000739200000, 0x0000000739200000|100%|HC|  |TAMS 0x0000000739000000| PB 0x0000000739000000| Complete |  0
| 421|0x0000000739200000, 0x0000000739400000, 0x0000000739400000|100%|HC|  |TAMS 0x0000000739200000| PB 0x0000000739200000| Complete |  0
| 422|0x0000000739400000, 0x0000000739600000, 0x0000000739600000|100%|HC|  |TAMS 0x0000000739400000| PB 0x0000000739400000| Complete |  0
| 423|0x0000000739600000, 0x0000000739800000, 0x0000000739800000|100%|HC|  |TAMS 0x0000000739600000| PB 0x0000000739600000| Complete |  0
| 424|0x0000000739800000, 0x0000000739a00000, 0x0000000739a00000|100%|HC|  |TAMS 0x0000000739800000| PB 0x0000000739800000| Complete |  0
| 425|0x0000000739a00000, 0x0000000739c00000, 0x0000000739c00000|100%|HC|  |TAMS 0x0000000739a00000| PB 0x0000000739a00000| Complete |  0
| 426|0x0000000739c00000, 0x0000000739e00000, 0x0000000739e00000|100%|HC|  |TAMS 0x0000000739c00000| PB 0x0000000739c00000| Complete |  0
| 427|0x0000000739e00000, 0x000000073a000000, 0x000000073a000000|100%|HC|  |TAMS 0x0000000739e00000| PB 0x0000000739e00000| Complete |  0
| 428|0x000000073a000000, 0x000000073a200000, 0x000000073a200000|100%|HC|  |TAMS 0x000000073a000000| PB 0x000000073a000000| Complete |  0
| 429|0x000000073a200000, 0x000000073a400000, 0x000000073a400000|100%|HC|  |TAMS 0x000000073a200000| PB 0x000000073a200000| Complete |  0
| 430|0x000000073a400000, 0x000000073a600000, 0x000000073a600000|100%|HC|  |TAMS 0x000000073a400000| PB 0x000000073a400000| Complete |  0
| 431|0x000000073a600000, 0x000000073a800000, 0x000000073a800000|100%|HC|  |TAMS 0x000000073a600000| PB 0x000000073a600000| Complete |  0
| 432|0x000000073a800000, 0x000000073aa00000, 0x000000073aa00000|100%|HC|  |TAMS 0x000000073a800000| PB 0x000000073a800000| Complete |  0
| 433|0x000000073aa00000, 0x000000073ac00000, 0x000000073ac00000|100%|HC|  |TAMS 0x000000073aa00000| PB 0x000000073aa00000| Complete |  0
| 434|0x000000073ac00000, 0x000000073ae00000, 0x000000073ae00000|100%|HC|  |TAMS 0x000000073ac00000| PB 0x000000073ac00000| Complete |  0
| 435|0x000000073ae00000, 0x000000073b000000, 0x000000073b000000|100%|HC|  |TAMS 0x000000073ae00000| PB 0x000000073ae00000| Complete |  0
| 436|0x000000073b000000, 0x000000073b200000, 0x000000073b200000|100%|HC|  |TAMS 0x000000073b000000| PB 0x000000073b000000| Complete |  0
| 437|0x000000073b200000, 0x000000073b400000, 0x000000073b400000|100%|HC|  |TAMS 0x000000073b200000| PB 0x000000073b200000| Complete |  0
| 438|0x000000073b400000, 0x000000073b600000, 0x000000073b600000|100%|HC|  |TAMS 0x000000073b400000| PB 0x000000073b400000| Complete |  0
| 439|0x000000073b600000, 0x000000073b800000, 0x000000073b800000|100%|HC|  |TAMS 0x000000073b600000| PB 0x000000073b600000| Complete |  0
| 440|0x000000073b800000, 0x000000073ba00000, 0x000000073ba00000|100%|HC|  |TAMS 0x000000073b800000| PB 0x000000073b800000| Complete |  0
| 441|0x000000073ba00000, 0x000000073bc00000, 0x000000073bc00000|100%|HC|  |TAMS 0x000000073ba00000| PB 0x000000073ba00000| Complete |  0
| 442|0x000000073bc00000, 0x000000073be00000, 0x000000073be00000|100%|HC|  |TAMS 0x000000073bc00000| PB 0x000000073bc00000| Complete |  0
| 443|0x000000073be00000, 0x000000073c000000, 0x000000073c000000|100%|HC|  |TAMS 0x000000073be00000| PB 0x000000073be00000| Complete |  0
| 444|0x000000073c000000, 0x000000073c200000, 0x000000073c200000|100%|HC|  |TAMS 0x000000073c000000| PB 0x000000073c000000| Complete |  0
| 445|0x000000073c200000, 0x000000073c400000, 0x000000073c400000|100%|HC|  |TAMS 0x000000073c200000| PB 0x000000073c200000| Complete |  0
| 446|0x000000073c400000, 0x000000073c600000, 0x000000073c600000|100%|HC|  |TAMS 0x000000073c400000| PB 0x000000073c400000| Complete |  0
| 447|0x000000073c600000, 0x000000073c800000, 0x000000073c800000|100%|HC|  |TAMS 0x000000073c600000| PB 0x000000073c600000| Complete |  0
| 448|0x000000073c800000, 0x000000073ca00000, 0x000000073ca00000|100%|HC|  |TAMS 0x000000073c800000| PB 0x000000073c800000| Complete |  0
| 449|0x000000073ca00000, 0x000000073cc00000, 0x000000073cc00000|100%|HC|  |TAMS 0x000000073ca00000| PB 0x000000073ca00000| Complete |  0
| 450|0x000000073cc00000, 0x000000073ce00000, 0x000000073ce00000|100%|HC|  |TAMS 0x000000073cc00000| PB 0x000000073cc00000| Complete |  0
| 451|0x000000073ce00000, 0x000000073d000000, 0x000000073d000000|100%|HC|  |TAMS 0x000000073ce00000| PB 0x000000073ce00000| Complete |  0
| 452|0x000000073d000000, 0x000000073d200000, 0x000000073d200000|100%|HC|  |TAMS 0x000000073d000000| PB 0x000000073d000000| Complete |  0
| 453|0x000000073d200000, 0x000000073d400000, 0x000000073d400000|100%|HC|  |TAMS 0x000000073d200000| PB 0x000000073d200000| Complete |  0
| 454|0x000000073d400000, 0x000000073d600000, 0x000000073d600000|100%|HC|  |TAMS 0x000000073d400000| PB 0x000000073d400000| Complete |  0
| 455|0x000000073d600000, 0x000000073d800000, 0x000000073d800000|100%|HC|  |TAMS 0x000000073d600000| PB 0x000000073d600000| Complete |  0
| 456|0x000000073d800000, 0x000000073da00000, 0x000000073da00000|100%|HC|  |TAMS 0x000000073d800000| PB 0x000000073d800000| Complete |  0
| 457|0x000000073da00000, 0x000000073dc00000, 0x000000073dc00000|100%|HC|  |TAMS 0x000000073da00000| PB 0x000000073da00000| Complete |  0
| 458|0x000000073dc00000, 0x000000073de00000, 0x000000073de00000|100%|HC|  |TAMS 0x000000073dc00000| PB 0x000000073dc00000| Complete |  0
| 459|0x000000073de00000, 0x000000073e000000, 0x000000073e000000|100%|HC|  |TAMS 0x000000073de00000| PB 0x000000073de00000| Complete |  0
| 460|0x000000073e000000, 0x000000073e200000, 0x000000073e200000|100%|HC|  |TAMS 0x000000073e000000| PB 0x000000073e000000| Complete |  0
| 461|0x000000073e200000, 0x000000073e400000, 0x000000073e400000|100%|HC|  |TAMS 0x000000073e200000| PB 0x000000073e200000| Complete |  0
| 462|0x000000073e400000, 0x000000073e600000, 0x000000073e600000|100%|HC|  |TAMS 0x000000073e400000| PB 0x000000073e400000| Complete |  0
| 463|0x000000073e600000, 0x000000073e800000, 0x000000073e800000|100%|HC|  |TAMS 0x000000073e600000| PB 0x000000073e600000| Complete |  0
| 464|0x000000073e800000, 0x000000073ea00000, 0x000000073ea00000|100%|HC|  |TAMS 0x000000073e800000| PB 0x000000073e800000| Complete |  0
| 465|0x000000073ea00000, 0x000000073ec00000, 0x000000073ec00000|100%|HC|  |TAMS 0x000000073ea00000| PB 0x000000073ea00000| Complete |  0
| 466|0x000000073ec00000, 0x000000073ee00000, 0x000000073ee00000|100%|HC|  |TAMS 0x000000073ec00000| PB 0x000000073ec00000| Complete |  0
| 467|0x000000073ee00000, 0x000000073f000000, 0x000000073f000000|100%|HC|  |TAMS 0x000000073ee00000| PB 0x000000073ee00000| Complete |  0
| 468|0x000000073f000000, 0x000000073f200000, 0x000000073f200000|100%|HC|  |TAMS 0x000000073f000000| PB 0x000000073f000000| Complete |  0
| 469|0x000000073f200000, 0x000000073f400000, 0x000000073f400000|100%|HC|  |TAMS 0x000000073f200000| PB 0x000000073f200000| Complete |  0
| 470|0x000000073f400000, 0x000000073f600000, 0x000000073f600000|100%|HC|  |TAMS 0x000000073f400000| PB 0x000000073f400000| Complete |  0
| 471|0x000000073f600000, 0x000000073f800000, 0x000000073f800000|100%|HC|  |TAMS 0x000000073f600000| PB 0x000000073f600000| Complete |  0
| 472|0x000000073f800000, 0x000000073fa00000, 0x000000073fa00000|100%|HC|  |TAMS 0x000000073f800000| PB 0x000000073f800000| Complete |  0
| 473|0x000000073fa00000, 0x000000073fc00000, 0x000000073fc00000|100%|HC|  |TAMS 0x000000073fa00000| PB 0x000000073fa00000| Complete |  0
| 474|0x000000073fc00000, 0x000000073fe00000, 0x000000073fe00000|100%|HC|  |TAMS 0x000000073fc00000| PB 0x000000073fc00000| Complete |  0
| 475|0x000000073fe00000, 0x0000000740000000, 0x0000000740000000|100%|HC|  |TAMS 0x000000073fe00000| PB 0x000000073fe00000| Complete |  0
| 476|0x0000000740000000, 0x0000000740200000, 0x0000000740200000|100%|HC|  |TAMS 0x0000000740000000| PB 0x0000000740000000| Complete |  0
| 477|0x0000000740200000, 0x0000000740400000, 0x0000000740400000|100%|HC|  |TAMS 0x0000000740200000| PB 0x0000000740200000| Complete |  0
| 478|0x0000000740400000, 0x0000000740600000, 0x0000000740600000|100%|HC|  |TAMS 0x0000000740400000| PB 0x0000000740400000| Complete |  0
| 479|0x0000000740600000, 0x0000000740800000, 0x0000000740800000|100%|HC|  |TAMS 0x0000000740600000| PB 0x0000000740600000| Complete |  0
| 480|0x0000000740800000, 0x0000000740a00000, 0x0000000740a00000|100%|HC|  |TAMS 0x0000000740800000| PB 0x0000000740800000| Complete |  0
| 481|0x0000000740a00000, 0x0000000740c00000, 0x0000000740c00000|100%|HC|  |TAMS 0x0000000740a00000| PB 0x0000000740a00000| Complete |  0
| 482|0x0000000740c00000, 0x0000000740e00000, 0x0000000740e00000|100%|HC|  |TAMS 0x0000000740c00000| PB 0x0000000740c00000| Complete |  0
| 483|0x0000000740e00000, 0x0000000741000000, 0x0000000741000000|100%|HC|  |TAMS 0x0000000740e00000| PB 0x0000000740e00000| Complete |  0
| 484|0x0000000741000000, 0x0000000741200000, 0x0000000741200000|100%|HC|  |TAMS 0x0000000741000000| PB 0x0000000741000000| Complete |  0
| 485|0x0000000741200000, 0x0000000741400000, 0x0000000741400000|100%|HC|  |TAMS 0x0000000741200000| PB 0x0000000741200000| Complete |  0
| 486|0x0000000741400000, 0x0000000741600000, 0x0000000741600000|100%|HC|  |TAMS 0x0000000741400000| PB 0x0000000741400000| Complete |  0
| 487|0x0000000741600000, 0x0000000741800000, 0x0000000741800000|100%|HC|  |TAMS 0x0000000741600000| PB 0x0000000741600000| Complete |  0
| 488|0x0000000741800000, 0x0000000741a00000, 0x0000000741a00000|100%|HC|  |TAMS 0x0000000741800000| PB 0x0000000741800000| Complete |  0
| 489|0x0000000741a00000, 0x0000000741c00000, 0x0000000741c00000|100%|HC|  |TAMS 0x0000000741a00000| PB 0x0000000741a00000| Complete |  0
| 490|0x0000000741c00000, 0x0000000741e00000, 0x0000000741e00000|100%|HC|  |TAMS 0x0000000741c00000| PB 0x0000000741c00000| Complete |  0
| 491|0x0000000741e00000, 0x0000000742000000, 0x0000000742000000|100%|HC|  |TAMS 0x0000000741e00000| PB 0x0000000741e00000| Complete |  0
| 492|0x0000000742000000, 0x0000000742200000, 0x0000000742200000|100%|HC|  |TAMS 0x0000000742000000| PB 0x0000000742000000| Complete |  0
| 493|0x0000000742200000, 0x0000000742400000, 0x0000000742400000|100%|HC|  |TAMS 0x0000000742200000| PB 0x0000000742200000| Complete |  0
| 494|0x0000000742400000, 0x0000000742600000, 0x0000000742600000|100%|HC|  |TAMS 0x0000000742400000| PB 0x0000000742400000| Complete |  0
| 495|0x0000000742600000, 0x0000000742800000, 0x0000000742800000|100%|HC|  |TAMS 0x0000000742600000| PB 0x0000000742600000| Complete |  0
| 496|0x0000000742800000, 0x0000000742a00000, 0x0000000742a00000|100%|HC|  |TAMS 0x0000000742800000| PB 0x0000000742800000| Complete |  0
| 497|0x0000000742a00000, 0x0000000742c00000, 0x0000000742c00000|100%|HC|  |TAMS 0x0000000742a00000| PB 0x0000000742a00000| Complete |  0
| 498|0x0000000742c00000, 0x0000000742e00000, 0x0000000742e00000|100%|HC|  |TAMS 0x0000000742c00000| PB 0x0000000742c00000| Complete |  0
| 499|0x0000000742e00000, 0x0000000743000000, 0x0000000743000000|100%|HC|  |TAMS 0x0000000742e00000| PB 0x0000000742e00000| Complete |  0
| 500|0x0000000743000000, 0x0000000743200000, 0x0000000743200000|100%|HC|  |TAMS 0x0000000743000000| PB 0x0000000743000000| Complete |  0
| 501|0x0000000743200000, 0x0000000743400000, 0x0000000743400000|100%|HC|  |TAMS 0x0000000743200000| PB 0x0000000743200000| Complete |  0
| 502|0x0000000743400000, 0x0000000743600000, 0x0000000743600000|100%|HC|  |TAMS 0x0000000743400000| PB 0x0000000743400000| Complete |  0
| 503|0x0000000743600000, 0x0000000743800000, 0x0000000743800000|100%|HC|  |TAMS 0x0000000743600000| PB 0x0000000743600000| Complete |  0
| 504|0x0000000743800000, 0x0000000743a00000, 0x0000000743a00000|100%|HC|  |TAMS 0x0000000743800000| PB 0x0000000743800000| Complete |  0
| 505|0x0000000743a00000, 0x0000000743c00000, 0x0000000743c00000|100%|HC|  |TAMS 0x0000000743a00000| PB 0x0000000743a00000| Complete |  0
| 506|0x0000000743c00000, 0x0000000743e00000, 0x0000000743e00000|100%|HC|  |TAMS 0x0000000743c00000| PB 0x0000000743c00000| Complete |  0
| 507|0x0000000743e00000, 0x0000000744000000, 0x0000000744000000|100%|HC|  |TAMS 0x0000000743e00000| PB 0x0000000743e00000| Complete |  0
| 508|0x0000000744000000, 0x0000000744200000, 0x0000000744200000|100%|HC|  |TAMS 0x0000000744000000| PB 0x0000000744000000| Complete |  0
| 509|0x0000000744200000, 0x0000000744400000, 0x0000000744400000|100%|HC|  |TAMS 0x0000000744200000| PB 0x0000000744200000| Complete |  0
| 510|0x0000000744400000, 0x0000000744600000, 0x0000000744600000|100%|HC|  |TAMS 0x0000000744400000| PB 0x0000000744400000| Complete |  0
| 511|0x0000000744600000, 0x0000000744800000, 0x0000000744800000|100%|HC|  |TAMS 0x0000000744600000| PB 0x0000000744600000| Complete |  0
| 512|0x0000000744800000, 0x0000000744a00000, 0x0000000744a00000|100%|HC|  |TAMS 0x0000000744800000| PB 0x0000000744800000| Complete |  0
| 513|0x0000000744a00000, 0x0000000744c00000, 0x0000000744c00000|100%|HC|  |TAMS 0x0000000744a00000| PB 0x0000000744a00000| Complete |  0
| 514|0x0000000744c00000, 0x0000000744e00000, 0x0000000744e00000|100%|HC|  |TAMS 0x0000000744c00000| PB 0x0000000744c00000| Complete |  0
| 515|0x0000000744e00000, 0x0000000745000000, 0x0000000745000000|100%|HC|  |TAMS 0x0000000744e00000| PB 0x0000000744e00000| Complete |  0
| 516|0x0000000745000000, 0x0000000745200000, 0x0000000745200000|100%|HC|  |TAMS 0x0000000745000000| PB 0x0000000745000000| Complete |  0
| 517|0x0000000745200000, 0x0000000745400000, 0x0000000745400000|100%|HC|  |TAMS 0x0000000745200000| PB 0x0000000745200000| Complete |  0
| 518|0x0000000745400000, 0x0000000745600000, 0x0000000745600000|100%|HC|  |TAMS 0x0000000745400000| PB 0x0000000745400000| Complete |  0
| 519|0x0000000745600000, 0x0000000745800000, 0x0000000745800000|100%|HC|  |TAMS 0x0000000745600000| PB 0x0000000745600000| Complete |  0
| 520|0x0000000745800000, 0x0000000745a00000, 0x0000000745a00000|100%|HC|  |TAMS 0x0000000745800000| PB 0x0000000745800000| Complete |  0
| 521|0x0000000745a00000, 0x0000000745c00000, 0x0000000745c00000|100%|HC|  |TAMS 0x0000000745a00000| PB 0x0000000745a00000| Complete |  0
| 522|0x0000000745c00000, 0x0000000745e00000, 0x0000000745e00000|100%|HC|  |TAMS 0x0000000745c00000| PB 0x0000000745c00000| Complete |  0
| 523|0x0000000745e00000, 0x0000000746000000, 0x0000000746000000|100%|HC|  |TAMS 0x0000000745e00000| PB 0x0000000745e00000| Complete |  0
| 524|0x0000000746000000, 0x0000000746200000, 0x0000000746200000|100%|HC|  |TAMS 0x0000000746000000| PB 0x0000000746000000| Complete |  0
| 525|0x0000000746200000, 0x0000000746400000, 0x0000000746400000|100%|HC|  |TAMS 0x0000000746200000| PB 0x0000000746200000| Complete |  0
| 526|0x0000000746400000, 0x0000000746600000, 0x0000000746600000|100%|HC|  |TAMS 0x0000000746400000| PB 0x0000000746400000| Complete |  0
| 527|0x0000000746600000, 0x0000000746800000, 0x0000000746800000|100%|HC|  |TAMS 0x0000000746600000| PB 0x0000000746600000| Complete |  0
| 528|0x0000000746800000, 0x0000000746a00000, 0x0000000746a00000|100%|HC|  |TAMS 0x0000000746800000| PB 0x0000000746800000| Complete |  0
| 529|0x0000000746a00000, 0x0000000746c00000, 0x0000000746c00000|100%|HC|  |TAMS 0x0000000746a00000| PB 0x0000000746a00000| Complete |  0
| 530|0x0000000746c00000, 0x0000000746e00000, 0x0000000746e00000|100%|HC|  |TAMS 0x0000000746c00000| PB 0x0000000746c00000| Complete |  0
| 531|0x0000000746e00000, 0x0000000747000000, 0x0000000747000000|100%|HC|  |TAMS 0x0000000746e00000| PB 0x0000000746e00000| Complete |  0
| 532|0x0000000747000000, 0x0000000747200000, 0x0000000747200000|100%|HC|  |TAMS 0x0000000747000000| PB 0x0000000747000000| Complete |  0
| 533|0x0000000747200000, 0x0000000747400000, 0x0000000747400000|100%|HC|  |TAMS 0x0000000747200000| PB 0x0000000747200000| Complete |  0
| 534|0x0000000747400000, 0x0000000747600000, 0x0000000747600000|100%|HC|  |TAMS 0x0000000747400000| PB 0x0000000747400000| Complete |  0
| 535|0x0000000747600000, 0x0000000747800000, 0x0000000747800000|100%|HC|  |TAMS 0x0000000747600000| PB 0x0000000747600000| Complete |  0
| 536|0x0000000747800000, 0x0000000747a00000, 0x0000000747a00000|100%|HC|  |TAMS 0x0000000747800000| PB 0x0000000747800000| Complete |  0
| 537|0x0000000747a00000, 0x0000000747c00000, 0x0000000747c00000|100%|HC|  |TAMS 0x0000000747a00000| PB 0x0000000747a00000| Complete |  0
| 538|0x0000000747c00000, 0x0000000747e00000, 0x0000000747e00000|100%|HC|  |TAMS 0x0000000747c00000| PB 0x0000000747c00000| Complete |  0
| 539|0x0000000747e00000, 0x0000000748000000, 0x0000000748000000|100%|HC|  |TAMS 0x0000000747e00000| PB 0x0000000747e00000| Complete |  0
| 540|0x0000000748000000, 0x0000000748200000, 0x0000000748200000|100%|HC|  |TAMS 0x0000000748000000| PB 0x0000000748000000| Complete |  0
| 541|0x0000000748200000, 0x0000000748400000, 0x0000000748400000|100%|HC|  |TAMS 0x0000000748200000| PB 0x0000000748200000| Complete |  0
| 542|0x0000000748400000, 0x0000000748600000, 0x0000000748600000|100%|HC|  |TAMS 0x0000000748400000| PB 0x0000000748400000| Complete |  0
| 543|0x0000000748600000, 0x0000000748800000, 0x0000000748800000|100%|HC|  |TAMS 0x0000000748600000| PB 0x0000000748600000| Complete |  0
| 544|0x0000000748800000, 0x0000000748a00000, 0x0000000748a00000|100%|HC|  |TAMS 0x0000000748800000| PB 0x0000000748800000| Complete |  0
| 545|0x0000000748a00000, 0x0000000748c00000, 0x0000000748c00000|100%|HC|  |TAMS 0x0000000748a00000| PB 0x0000000748a00000| Complete |  0
| 546|0x0000000748c00000, 0x0000000748e00000, 0x0000000748e00000|100%|HC|  |TAMS 0x0000000748c00000| PB 0x0000000748c00000| Complete |  0
| 547|0x0000000748e00000, 0x0000000749000000, 0x0000000749000000|100%|HC|  |TAMS 0x0000000748e00000| PB 0x0000000748e00000| Complete |  0
| 548|0x0000000749000000, 0x0000000749200000, 0x0000000749200000|100%|HC|  |TAMS 0x0000000749000000| PB 0x0000000749000000| Complete |  0
| 549|0x0000000749200000, 0x0000000749200000, 0x0000000749400000|  0%| F|  |TAMS 0x0000000749200000| PB 0x0000000749200000| Untracked |  0
| 550|0x0000000749400000, 0x0000000749400000, 0x0000000749600000|  0%| F|  |TAMS 0x0000000749400000| PB 0x0000000749400000| Untracked |  0
| 551|0x0000000749600000, 0x0000000749600000, 0x0000000749800000|  0%| F|  |TAMS 0x0000000749600000| PB 0x0000000749600000| Untracked |  0
| 552|0x0000000749800000, 0x0000000749800000, 0x0000000749a00000|  0%| F|  |TAMS 0x0000000749800000| PB 0x0000000749800000| Untracked |  0
| 553|0x0000000749a00000, 0x0000000749a00000, 0x0000000749c00000|  0%| F|  |TAMS 0x0000000749a00000| PB 0x0000000749a00000| Untracked |  0
| 554|0x0000000749c00000, 0x0000000749c00000, 0x0000000749e00000|  0%| F|  |TAMS 0x0000000749c00000| PB 0x0000000749c00000| Untracked |  0
| 555|0x0000000749e00000, 0x0000000749e00000, 0x000000074a000000|  0%| F|  |TAMS 0x0000000749e00000| PB 0x0000000749e00000| Untracked |  0
| 556|0x000000074a000000, 0x000000074a000000, 0x000000074a200000|  0%| F|  |TAMS 0x000000074a000000| PB 0x000000074a000000| Untracked |  0
| 557|0x000000074a200000, 0x000000074a200000, 0x000000074a400000|  0%| F|  |TAMS 0x000000074a200000| PB 0x000000074a200000| Untracked |  0
| 558|0x000000074a400000, 0x000000074a400000, 0x000000074a600000|  0%| F|  |TAMS 0x000000074a400000| PB 0x000000074a400000| Untracked |  0
| 559|0x000000074a600000, 0x000000074a600000, 0x000000074a800000|  0%| F|  |TAMS 0x000000074a600000| PB 0x000000074a600000| Untracked |  0
| 560|0x000000074a800000, 0x000000074a800000, 0x000000074aa00000|  0%| F|  |TAMS 0x000000074a800000| PB 0x000000074a800000| Untracked |  0
| 561|0x000000074aa00000, 0x000000074aa00000, 0x000000074ac00000|  0%| F|  |TAMS 0x000000074aa00000| PB 0x000000074aa00000| Untracked |  0
| 562|0x000000074ac00000, 0x000000074ac00000, 0x000000074ae00000|  0%| F|  |TAMS 0x000000074ac00000| PB 0x000000074ac00000| Untracked |  0
| 563|0x000000074ae00000, 0x000000074ae00000, 0x000000074b000000|  0%| F|  |TAMS 0x000000074ae00000| PB 0x000000074ae00000| Untracked |  0
| 564|0x000000074b000000, 0x000000074b000000, 0x000000074b200000|  0%| F|  |TAMS 0x000000074b000000| PB 0x000000074b000000| Untracked |  0
| 565|0x000000074b200000, 0x000000074b200000, 0x000000074b400000|  0%| F|  |TAMS 0x000000074b200000| PB 0x000000074b200000| Untracked |  0
| 566|0x000000074b400000, 0x000000074b400000, 0x000000074b600000|  0%| F|  |TAMS 0x000000074b400000| PB 0x000000074b400000| Untracked |  0
| 567|0x000000074b600000, 0x000000074b600000, 0x000000074b800000|  0%| F|  |TAMS 0x000000074b600000| PB 0x000000074b600000| Untracked |  0
| 568|0x000000074b800000, 0x000000074b800000, 0x000000074ba00000|  0%| F|  |TAMS 0x000000074b800000| PB 0x000000074b800000| Untracked |  0
| 569|0x000000074ba00000, 0x000000074ba00000, 0x000000074bc00000|  0%| F|  |TAMS 0x000000074ba00000| PB 0x000000074ba00000| Untracked |  0
| 570|0x000000074bc00000, 0x000000074bc00000, 0x000000074be00000|  0%| F|  |TAMS 0x000000074bc00000| PB 0x000000074bc00000| Untracked |  0
| 571|0x000000074be00000, 0x000000074be00000, 0x000000074c000000|  0%| F|  |TAMS 0x000000074be00000| PB 0x000000074be00000| Untracked |  0
| 572|0x000000074c000000, 0x000000074c000000, 0x000000074c200000|  0%| F|  |TAMS 0x000000074c000000| PB 0x000000074c000000| Untracked |  0
| 573|0x000000074c200000, 0x000000074c200000, 0x000000074c400000|  0%| F|  |TAMS 0x000000074c200000| PB 0x000000074c200000| Untracked |  0
| 574|0x000000074c400000, 0x000000074c400000, 0x000000074c600000|  0%| F|  |TAMS 0x000000074c400000| PB 0x000000074c400000| Untracked |  0
| 575|0x000000074c600000, 0x000000074c600000, 0x000000074c800000|  0%| F|  |TAMS 0x000000074c600000| PB 0x000000074c600000| Untracked |  0
| 576|0x000000074c800000, 0x000000074c800000, 0x000000074ca00000|  0%| F|  |TAMS 0x000000074c800000| PB 0x000000074c800000| Untracked |  0
| 577|0x000000074ca00000, 0x000000074ca00000, 0x000000074cc00000|  0%| F|  |TAMS 0x000000074ca00000| PB 0x000000074ca00000| Untracked |  0
| 578|0x000000074cc00000, 0x000000074cc00000, 0x000000074ce00000|  0%| F|  |TAMS 0x000000074cc00000| PB 0x000000074cc00000| Untracked |  0
| 579|0x000000074ce00000, 0x000000074ce00000, 0x000000074d000000|  0%| F|  |TAMS 0x000000074ce00000| PB 0x000000074ce00000| Untracked |  0
| 580|0x000000074d000000, 0x000000074d000000, 0x000000074d200000|  0%| F|  |TAMS 0x000000074d000000| PB 0x000000074d000000| Untracked |  0
| 581|0x000000074d200000, 0x000000074d200000, 0x000000074d400000|  0%| F|  |TAMS 0x000000074d200000| PB 0x000000074d200000| Untracked |  0
| 582|0x000000074d400000, 0x000000074d400000, 0x000000074d600000|  0%| F|  |TAMS 0x000000074d400000| PB 0x000000074d400000| Untracked |  0
| 583|0x000000074d600000, 0x000000074d600000, 0x000000074d800000|  0%| F|  |TAMS 0x000000074d600000| PB 0x000000074d600000| Untracked |  0
| 584|0x000000074d800000, 0x000000074d800000, 0x000000074da00000|  0%| F|  |TAMS 0x000000074d800000| PB 0x000000074d800000| Untracked |  0
| 585|0x000000074da00000, 0x000000074da00000, 0x000000074dc00000|  0%| F|  |TAMS 0x000000074da00000| PB 0x000000074da00000| Untracked |  0
| 586|0x000000074dc00000, 0x000000074dc00000, 0x000000074de00000|  0%| F|  |TAMS 0x000000074dc00000| PB 0x000000074dc00000| Untracked |  0
| 587|0x000000074de00000, 0x000000074de00000, 0x000000074e000000|  0%| F|  |TAMS 0x000000074de00000| PB 0x000000074de00000| Untracked |  0
| 588|0x000000074e000000, 0x000000074e000000, 0x000000074e200000|  0%| F|  |TAMS 0x000000074e000000| PB 0x000000074e000000| Untracked |  0
| 589|0x000000074e200000, 0x000000074e200000, 0x000000074e400000|  0%| F|  |TAMS 0x000000074e200000| PB 0x000000074e200000| Untracked |  0
| 590|0x000000074e400000, 0x000000074e400000, 0x000000074e600000|  0%| F|  |TAMS 0x000000074e400000| PB 0x000000074e400000| Untracked |  0
| 591|0x000000074e600000, 0x000000074e600000, 0x000000074e800000|  0%| F|  |TAMS 0x000000074e600000| PB 0x000000074e600000| Untracked |  0
| 592|0x000000074e800000, 0x000000074e800000, 0x000000074ea00000|  0%| F|  |TAMS 0x000000074e800000| PB 0x000000074e800000| Untracked |  0
| 593|0x000000074ea00000, 0x000000074ea00000, 0x000000074ec00000|  0%| F|  |TAMS 0x000000074ea00000| PB 0x000000074ea00000| Untracked |  0
| 594|0x000000074ec00000, 0x000000074ec00000, 0x000000074ee00000|  0%| F|  |TAMS 0x000000074ec00000| PB 0x000000074ec00000| Untracked |  0
| 595|0x000000074ee00000, 0x000000074ee00000, 0x000000074f000000|  0%| F|  |TAMS 0x000000074ee00000| PB 0x000000074ee00000| Untracked |  0
| 596|0x000000074f000000, 0x000000074f000000, 0x000000074f200000|  0%| F|  |TAMS 0x000000074f000000| PB 0x000000074f000000| Untracked |  0
| 597|0x000000074f200000, 0x000000074f200000, 0x000000074f400000|  0%| F|  |TAMS 0x000000074f200000| PB 0x000000074f200000| Untracked |  0
| 598|0x000000074f400000, 0x000000074f400000, 0x000000074f600000|  0%| F|  |TAMS 0x000000074f400000| PB 0x000000074f400000| Untracked |  0
| 599|0x000000074f600000, 0x000000074f600000, 0x000000074f800000|  0%| F|  |TAMS 0x000000074f600000| PB 0x000000074f600000| Untracked |  0
| 600|0x000000074f800000, 0x000000074f800000, 0x000000074fa00000|  0%| F|  |TAMS 0x000000074f800000| PB 0x000000074f800000| Untracked |  0
| 601|0x000000074fa00000, 0x000000074fa00000, 0x000000074fc00000|  0%| F|  |TAMS 0x000000074fa00000| PB 0x000000074fa00000| Untracked |  0
| 602|0x000000074fc00000, 0x000000074fc00000, 0x000000074fe00000|  0%| F|  |TAMS 0x000000074fc00000| PB 0x000000074fc00000| Untracked |  0
| 603|0x000000074fe00000, 0x000000074fe00000, 0x0000000750000000|  0%| F|  |TAMS 0x000000074fe00000| PB 0x000000074fe00000| Untracked |  0
| 604|0x0000000750000000, 0x0000000750000000, 0x0000000750200000|  0%| F|  |TAMS 0x0000000750000000| PB 0x0000000750000000| Untracked |  0
| 605|0x0000000750200000, 0x0000000750200000, 0x0000000750400000|  0%| F|  |TAMS 0x0000000750200000| PB 0x0000000750200000| Untracked |  0
| 606|0x0000000750400000, 0x0000000750400000, 0x0000000750600000|  0%| F|  |TAMS 0x0000000750400000| PB 0x0000000750400000| Untracked |  0
| 607|0x0000000750600000, 0x0000000750600000, 0x0000000750800000|  0%| F|  |TAMS 0x0000000750600000| PB 0x0000000750600000| Untracked |  0
| 608|0x0000000750800000, 0x0000000750800000, 0x0000000750a00000|  0%| F|  |TAMS 0x0000000750800000| PB 0x0000000750800000| Untracked |  0
| 609|0x0000000750a00000, 0x0000000750a00000, 0x0000000750c00000|  0%| F|  |TAMS 0x0000000750a00000| PB 0x0000000750a00000| Untracked |  0
| 610|0x0000000750c00000, 0x0000000750c00000, 0x0000000750e00000|  0%| F|  |TAMS 0x0000000750c00000| PB 0x0000000750c00000| Untracked |  0
| 611|0x0000000750e00000, 0x0000000750e00000, 0x0000000751000000|  0%| F|  |TAMS 0x0000000750e00000| PB 0x0000000750e00000| Untracked |  0
| 612|0x0000000751000000, 0x0000000751000000, 0x0000000751200000|  0%| F|  |TAMS 0x0000000751000000| PB 0x0000000751000000| Untracked |  0
| 613|0x0000000751200000, 0x0000000751200000, 0x0000000751400000|  0%| F|  |TAMS 0x0000000751200000| PB 0x0000000751200000| Untracked |  0
| 614|0x0000000751400000, 0x0000000751400000, 0x0000000751600000|  0%| F|  |TAMS 0x0000000751400000| PB 0x0000000751400000| Untracked |  0
| 615|0x0000000751600000, 0x0000000751600000, 0x0000000751800000|  0%| F|  |TAMS 0x0000000751600000| PB 0x0000000751600000| Untracked |  0
| 616|0x0000000751800000, 0x0000000751800000, 0x0000000751a00000|  0%| F|  |TAMS 0x0000000751800000| PB 0x0000000751800000| Untracked |  0
| 617|0x0000000751a00000, 0x0000000751a00000, 0x0000000751c00000|  0%| F|  |TAMS 0x0000000751a00000| PB 0x0000000751a00000| Untracked |  0
| 618|0x0000000751c00000, 0x0000000751c00000, 0x0000000751e00000|  0%| F|  |TAMS 0x0000000751c00000| PB 0x0000000751c00000| Untracked |  0
| 619|0x0000000751e00000, 0x0000000751e00000, 0x0000000752000000|  0%| F|  |TAMS 0x0000000751e00000| PB 0x0000000751e00000| Untracked |  0
| 620|0x0000000752000000, 0x0000000752000000, 0x0000000752200000|  0%| F|  |TAMS 0x0000000752000000| PB 0x0000000752000000| Untracked |  0
| 621|0x0000000752200000, 0x0000000752200000, 0x0000000752400000|  0%| F|  |TAMS 0x0000000752200000| PB 0x0000000752200000| Untracked |  0
| 622|0x0000000752400000, 0x0000000752400000, 0x0000000752600000|  0%| F|  |TAMS 0x0000000752400000| PB 0x0000000752400000| Untracked |  0
| 623|0x0000000752600000, 0x0000000752600000, 0x0000000752800000|  0%| F|  |TAMS 0x0000000752600000| PB 0x0000000752600000| Untracked |  0
| 624|0x0000000752800000, 0x0000000752800000, 0x0000000752a00000|  0%| F|  |TAMS 0x0000000752800000| PB 0x0000000752800000| Untracked |  0
| 625|0x0000000752a00000, 0x0000000752a00000, 0x0000000752c00000|  0%| F|  |TAMS 0x0000000752a00000| PB 0x0000000752a00000| Untracked |  0
| 626|0x0000000752c00000, 0x0000000752c00000, 0x0000000752e00000|  0%| F|  |TAMS 0x0000000752c00000| PB 0x0000000752c00000| Untracked |  0
| 627|0x0000000752e00000, 0x0000000752e00000, 0x0000000753000000|  0%| F|  |TAMS 0x0000000752e00000| PB 0x0000000752e00000| Untracked |  0
| 628|0x0000000753000000, 0x0000000753000000, 0x0000000753200000|  0%| F|  |TAMS 0x0000000753000000| PB 0x0000000753000000| Untracked |  0
| 629|0x0000000753200000, 0x0000000753200000, 0x0000000753400000|  0%| F|  |TAMS 0x0000000753200000| PB 0x0000000753200000| Untracked |  0
| 630|0x0000000753400000, 0x0000000753400000, 0x0000000753600000|  0%| F|  |TAMS 0x0000000753400000| PB 0x0000000753400000| Untracked |  0
| 631|0x0000000753600000, 0x0000000753600000, 0x0000000753800000|  0%| F|  |TAMS 0x0000000753600000| PB 0x0000000753600000| Untracked |  0
| 632|0x0000000753800000, 0x0000000753800000, 0x0000000753a00000|  0%| F|  |TAMS 0x0000000753800000| PB 0x0000000753800000| Untracked |  0
| 633|0x0000000753a00000, 0x0000000753a00000, 0x0000000753c00000|  0%| F|  |TAMS 0x0000000753a00000| PB 0x0000000753a00000| Untracked |  0
| 634|0x0000000753c00000, 0x0000000753c00000, 0x0000000753e00000|  0%| F|  |TAMS 0x0000000753c00000| PB 0x0000000753c00000| Untracked |  0
| 635|0x0000000753e00000, 0x0000000753e00000, 0x0000000754000000|  0%| F|  |TAMS 0x0000000753e00000| PB 0x0000000753e00000| Untracked |  0
| 636|0x0000000754000000, 0x0000000754000000, 0x0000000754200000|  0%| F|  |TAMS 0x0000000754000000| PB 0x0000000754000000| Untracked |  0
| 637|0x0000000754200000, 0x0000000754200000, 0x0000000754400000|  0%| F|  |TAMS 0x0000000754200000| PB 0x0000000754200000| Untracked |  0
| 638|0x0000000754400000, 0x0000000754400000, 0x0000000754600000|  0%| F|  |TAMS 0x0000000754400000| PB 0x0000000754400000| Untracked |  0
| 639|0x0000000754600000, 0x0000000754600000, 0x0000000754800000|  0%| F|  |TAMS 0x0000000754600000| PB 0x0000000754600000| Untracked |  0
| 640|0x0000000754800000, 0x0000000754800000, 0x0000000754a00000|  0%| F|  |TAMS 0x0000000754800000| PB 0x0000000754800000| Untracked |  0
| 641|0x0000000754a00000, 0x0000000754a00000, 0x0000000754c00000|  0%| F|  |TAMS 0x0000000754a00000| PB 0x0000000754a00000| Untracked |  0
| 642|0x0000000754c00000, 0x0000000754c00000, 0x0000000754e00000|  0%| F|  |TAMS 0x0000000754c00000| PB 0x0000000754c00000| Untracked |  0
| 643|0x0000000754e00000, 0x0000000754e00000, 0x0000000755000000|  0%| F|  |TAMS 0x0000000754e00000| PB 0x0000000754e00000| Untracked |  0
| 644|0x0000000755000000, 0x0000000755000000, 0x0000000755200000|  0%| F|  |TAMS 0x0000000755000000| PB 0x0000000755000000| Untracked |  0
| 645|0x0000000755200000, 0x0000000755200000, 0x0000000755400000|  0%| F|  |TAMS 0x0000000755200000| PB 0x0000000755200000| Untracked |  0
| 646|0x0000000755400000, 0x0000000755400000, 0x0000000755600000|  0%| F|  |TAMS 0x0000000755400000| PB 0x0000000755400000| Untracked |  0
| 647|0x0000000755600000, 0x0000000755600000, 0x0000000755800000|  0%| F|  |TAMS 0x0000000755600000| PB 0x0000000755600000| Untracked |  0
| 648|0x0000000755800000, 0x0000000755800000, 0x0000000755a00000|  0%| F|  |TAMS 0x0000000755800000| PB 0x0000000755800000| Untracked |  0
| 649|0x0000000755a00000, 0x0000000755a00000, 0x0000000755c00000|  0%| F|  |TAMS 0x0000000755a00000| PB 0x0000000755a00000| Untracked |  0
| 650|0x0000000755c00000, 0x0000000755c00000, 0x0000000755e00000|  0%| F|  |TAMS 0x0000000755c00000| PB 0x0000000755c00000| Untracked |  0
| 651|0x0000000755e00000, 0x0000000755e00000, 0x0000000756000000|  0%| F|  |TAMS 0x0000000755e00000| PB 0x0000000755e00000| Untracked |  0
| 652|0x0000000756000000, 0x0000000756000000, 0x0000000756200000|  0%| F|  |TAMS 0x0000000756000000| PB 0x0000000756000000| Untracked |  0
| 653|0x0000000756200000, 0x0000000756200000, 0x0000000756400000|  0%| F|  |TAMS 0x0000000756200000| PB 0x0000000756200000| Untracked |  0
| 654|0x0000000756400000, 0x0000000756400000, 0x0000000756600000|  0%| F|  |TAMS 0x0000000756400000| PB 0x0000000756400000| Untracked |  0
| 655|0x0000000756600000, 0x0000000756600000, 0x0000000756800000|  0%| F|  |TAMS 0x0000000756600000| PB 0x0000000756600000| Untracked |  0
| 656|0x0000000756800000, 0x0000000756800000, 0x0000000756a00000|  0%| F|  |TAMS 0x0000000756800000| PB 0x0000000756800000| Untracked |  0
| 657|0x0000000756a00000, 0x0000000756a00000, 0x0000000756c00000|  0%| F|  |TAMS 0x0000000756a00000| PB 0x0000000756a00000| Untracked |  0
| 658|0x0000000756c00000, 0x0000000756c00000, 0x0000000756e00000|  0%| F|  |TAMS 0x0000000756c00000| PB 0x0000000756c00000| Untracked |  0
| 659|0x0000000756e00000, 0x0000000756e00000, 0x0000000757000000|  0%| F|  |TAMS 0x0000000756e00000| PB 0x0000000756e00000| Untracked |  0
| 660|0x0000000757000000, 0x0000000757000000, 0x0000000757200000|  0%| F|  |TAMS 0x0000000757000000| PB 0x0000000757000000| Untracked |  0
| 661|0x0000000757200000, 0x0000000757200000, 0x0000000757400000|  0%| F|  |TAMS 0x0000000757200000| PB 0x0000000757200000| Untracked |  0
| 662|0x0000000757400000, 0x0000000757400000, 0x0000000757600000|  0%| F|  |TAMS 0x0000000757400000| PB 0x0000000757400000| Untracked |  0
| 663|0x0000000757600000, 0x0000000757600000, 0x0000000757800000|  0%| F|  |TAMS 0x0000000757600000| PB 0x0000000757600000| Untracked |  0
| 664|0x0000000757800000, 0x0000000757800000, 0x0000000757a00000|  0%| F|  |TAMS 0x0000000757800000| PB 0x0000000757800000| Untracked |  0
| 665|0x0000000757a00000, 0x0000000757a00000, 0x0000000757c00000|  0%| F|  |TAMS 0x0000000757a00000| PB 0x0000000757a00000| Untracked |  0
| 666|0x0000000757c00000, 0x0000000757c00000, 0x0000000757e00000|  0%| F|  |TAMS 0x0000000757c00000| PB 0x0000000757c00000| Untracked |  0
| 667|0x0000000757e00000, 0x0000000757e00000, 0x0000000758000000|  0%| F|  |TAMS 0x0000000757e00000| PB 0x0000000757e00000| Untracked |  0
| 668|0x0000000758000000, 0x0000000758000000, 0x0000000758200000|  0%| F|  |TAMS 0x0000000758000000| PB 0x0000000758000000| Untracked |  0
| 669|0x0000000758200000, 0x0000000758200000, 0x0000000758400000|  0%| F|  |TAMS 0x0000000758200000| PB 0x0000000758200000| Untracked |  0
| 670|0x0000000758400000, 0x0000000758400000, 0x0000000758600000|  0%| F|  |TAMS 0x0000000758400000| PB 0x0000000758400000| Untracked |  0
| 671|0x0000000758600000, 0x0000000758600000, 0x0000000758800000|  0%| F|  |TAMS 0x0000000758600000| PB 0x0000000758600000| Untracked |  0
| 672|0x0000000758800000, 0x0000000758800000, 0x0000000758a00000|  0%| F|  |TAMS 0x0000000758800000| PB 0x0000000758800000| Untracked |  0
| 673|0x0000000758a00000, 0x0000000758a00000, 0x0000000758c00000|  0%| F|  |TAMS 0x0000000758a00000| PB 0x0000000758a00000| Untracked |  0
| 674|0x0000000758c00000, 0x0000000758c00000, 0x0000000758e00000|  0%| F|  |TAMS 0x0000000758c00000| PB 0x0000000758c00000| Untracked |  0
| 675|0x0000000758e00000, 0x0000000758e00000, 0x0000000759000000|  0%| F|  |TAMS 0x0000000758e00000| PB 0x0000000758e00000| Untracked |  0
| 676|0x0000000759000000, 0x0000000759000000, 0x0000000759200000|  0%| F|  |TAMS 0x0000000759000000| PB 0x0000000759000000| Untracked |  0
| 677|0x0000000759200000, 0x0000000759200000, 0x0000000759400000|  0%| F|  |TAMS 0x0000000759200000| PB 0x0000000759200000| Untracked |  0
| 678|0x0000000759400000, 0x0000000759400000, 0x0000000759600000|  0%| F|  |TAMS 0x0000000759400000| PB 0x0000000759400000| Untracked |  0
| 679|0x0000000759600000, 0x0000000759600000, 0x0000000759800000|  0%| F|  |TAMS 0x0000000759600000| PB 0x0000000759600000| Untracked |  0
| 680|0x0000000759800000, 0x0000000759800000, 0x0000000759a00000|  0%| F|  |TAMS 0x0000000759800000| PB 0x0000000759800000| Untracked |  0
| 681|0x0000000759a00000, 0x0000000759a00000, 0x0000000759c00000|  0%| F|  |TAMS 0x0000000759a00000| PB 0x0000000759a00000| Untracked |  0
| 682|0x0000000759c00000, 0x0000000759c00000, 0x0000000759e00000|  0%| F|  |TAMS 0x0000000759c00000| PB 0x0000000759c00000| Untracked |  0
| 683|0x0000000759e00000, 0x0000000759e00000, 0x000000075a000000|  0%| F|  |TAMS 0x0000000759e00000| PB 0x0000000759e00000| Untracked |  0
| 684|0x000000075a000000, 0x000000075a000000, 0x000000075a200000|  0%| F|  |TAMS 0x000000075a000000| PB 0x000000075a000000| Untracked |  0
| 685|0x000000075a200000, 0x000000075a200000, 0x000000075a400000|  0%| F|  |TAMS 0x000000075a200000| PB 0x000000075a200000| Untracked |  0
| 686|0x000000075a400000, 0x000000075a400000, 0x000000075a600000|  0%| F|  |TAMS 0x000000075a400000| PB 0x000000075a400000| Untracked |  0
| 687|0x000000075a600000, 0x000000075a600000, 0x000000075a800000|  0%| F|  |TAMS 0x000000075a600000| PB 0x000000075a600000| Untracked |  0
| 688|0x000000075a800000, 0x000000075a800000, 0x000000075aa00000|  0%| F|  |TAMS 0x000000075a800000| PB 0x000000075a800000| Untracked |  0
| 689|0x000000075aa00000, 0x000000075aa00000, 0x000000075ac00000|  0%| F|  |TAMS 0x000000075aa00000| PB 0x000000075aa00000| Untracked |  0
| 690|0x000000075ac00000, 0x000000075ac00000, 0x000000075ae00000|  0%| F|  |TAMS 0x000000075ac00000| PB 0x000000075ac00000| Untracked |  0
| 691|0x000000075ae00000, 0x000000075ae00000, 0x000000075b000000|  0%| F|  |TAMS 0x000000075ae00000| PB 0x000000075ae00000| Untracked |  0
| 692|0x000000075b000000, 0x000000075b000000, 0x000000075b200000|  0%| F|  |TAMS 0x000000075b000000| PB 0x000000075b000000| Untracked |  0
| 693|0x000000075b200000, 0x000000075b200000, 0x000000075b400000|  0%| F|  |TAMS 0x000000075b200000| PB 0x000000075b200000| Untracked |  0
| 694|0x000000075b400000, 0x000000075b400000, 0x000000075b600000|  0%| F|  |TAMS 0x000000075b400000| PB 0x000000075b400000| Untracked |  0
| 695|0x000000075b600000, 0x000000075b600000, 0x000000075b800000|  0%| F|  |TAMS 0x000000075b600000| PB 0x000000075b600000| Untracked |  0
| 696|0x000000075b800000, 0x000000075b800000, 0x000000075ba00000|  0%| F|  |TAMS 0x000000075b800000| PB 0x000000075b800000| Untracked |  0
| 697|0x000000075ba00000, 0x000000075ba00000, 0x000000075bc00000|  0%| F|  |TAMS 0x000000075ba00000| PB 0x000000075ba00000| Untracked |  0
| 698|0x000000075bc00000, 0x000000075bc00000, 0x000000075be00000|  0%| F|  |TAMS 0x000000075bc00000| PB 0x000000075bc00000| Untracked |  0
| 699|0x000000075be00000, 0x000000075be00000, 0x000000075c000000|  0%| F|  |TAMS 0x000000075be00000| PB 0x000000075be00000| Untracked |  0
| 700|0x000000075c000000, 0x000000075c000000, 0x000000075c200000|  0%| F|  |TAMS 0x000000075c000000| PB 0x000000075c000000| Untracked |  0
| 701|0x000000075c200000, 0x000000075c200000, 0x000000075c400000|  0%| F|  |TAMS 0x000000075c200000| PB 0x000000075c200000| Untracked |  0
| 702|0x000000075c400000, 0x000000075c400000, 0x000000075c600000|  0%| F|  |TAMS 0x000000075c400000| PB 0x000000075c400000| Untracked |  0
| 703|0x000000075c600000, 0x000000075c600000, 0x000000075c800000|  0%| F|  |TAMS 0x000000075c600000| PB 0x000000075c600000| Untracked |  0
| 704|0x000000075c800000, 0x000000075c800000, 0x000000075ca00000|  0%| F|  |TAMS 0x000000075c800000| PB 0x000000075c800000| Untracked |  0
| 705|0x000000075ca00000, 0x000000075ca00000, 0x000000075cc00000|  0%| F|  |TAMS 0x000000075ca00000| PB 0x000000075ca00000| Untracked |  0
| 706|0x000000075cc00000, 0x000000075cc00000, 0x000000075ce00000|  0%| F|  |TAMS 0x000000075cc00000| PB 0x000000075cc00000| Untracked |  0
| 707|0x000000075ce00000, 0x000000075ce00000, 0x000000075d000000|  0%| F|  |TAMS 0x000000075ce00000| PB 0x000000075ce00000| Untracked |  0
| 708|0x000000075d000000, 0x000000075d000000, 0x000000075d200000|  0%| F|  |TAMS 0x000000075d000000| PB 0x000000075d000000| Untracked |  0
| 709|0x000000075d200000, 0x000000075d200000, 0x000000075d400000|  0%| F|  |TAMS 0x000000075d200000| PB 0x000000075d200000| Untracked |  0
| 710|0x000000075d400000, 0x000000075d400000, 0x000000075d600000|  0%| F|  |TAMS 0x000000075d400000| PB 0x000000075d400000| Untracked |  0
| 711|0x000000075d600000, 0x000000075d600000, 0x000000075d800000|  0%| F|  |TAMS 0x000000075d600000| PB 0x000000075d600000| Untracked |  0
| 712|0x000000075d800000, 0x000000075d800000, 0x000000075da00000|  0%| F|  |TAMS 0x000000075d800000| PB 0x000000075d800000| Untracked |  0
| 713|0x000000075da00000, 0x000000075da00000, 0x000000075dc00000|  0%| F|  |TAMS 0x000000075da00000| PB 0x000000075da00000| Untracked |  0
| 714|0x000000075dc00000, 0x000000075dc00000, 0x000000075de00000|  0%| F|  |TAMS 0x000000075dc00000| PB 0x000000075dc00000| Untracked |  0
| 715|0x000000075de00000, 0x000000075de00000, 0x000000075e000000|  0%| F|  |TAMS 0x000000075de00000| PB 0x000000075de00000| Untracked |  0
| 716|0x000000075e000000, 0x000000075e000000, 0x000000075e200000|  0%| F|  |TAMS 0x000000075e000000| PB 0x000000075e000000| Untracked |  0
| 717|0x000000075e200000, 0x000000075e200000, 0x000000075e400000|  0%| F|  |TAMS 0x000000075e200000| PB 0x000000075e200000| Untracked |  0
| 718|0x000000075e400000, 0x000000075e400000, 0x000000075e600000|  0%| F|  |TAMS 0x000000075e400000| PB 0x000000075e400000| Untracked |  0
| 719|0x000000075e600000, 0x000000075e600000, 0x000000075e800000|  0%| F|  |TAMS 0x000000075e600000| PB 0x000000075e600000| Untracked |  0
| 720|0x000000075e800000, 0x000000075e800000, 0x000000075ea00000|  0%| F|  |TAMS 0x000000075e800000| PB 0x000000075e800000| Untracked |  0
| 721|0x000000075ea00000, 0x000000075ea00000, 0x000000075ec00000|  0%| F|  |TAMS 0x000000075ea00000| PB 0x000000075ea00000| Untracked |  0
| 722|0x000000075ec00000, 0x000000075ec00000, 0x000000075ee00000|  0%| F|  |TAMS 0x000000075ec00000| PB 0x000000075ec00000| Untracked |  0
| 723|0x000000075ee00000, 0x000000075ee00000, 0x000000075f000000|  0%| F|  |TAMS 0x000000075ee00000| PB 0x000000075ee00000| Untracked |  0
| 724|0x000000075f000000, 0x000000075f000000, 0x000000075f200000|  0%| F|  |TAMS 0x000000075f000000| PB 0x000000075f000000| Untracked |  0
| 725|0x000000075f200000, 0x000000075f200000, 0x000000075f400000|  0%| F|  |TAMS 0x000000075f200000| PB 0x000000075f200000| Untracked |  0
| 726|0x000000075f400000, 0x000000075f400000, 0x000000075f600000|  0%| F|  |TAMS 0x000000075f400000| PB 0x000000075f400000| Untracked |  0
| 727|0x000000075f600000, 0x000000075f600000, 0x000000075f800000|  0%| F|  |TAMS 0x000000075f600000| PB 0x000000075f600000| Untracked |  0
| 728|0x000000075f800000, 0x000000075f800000, 0x000000075fa00000|  0%| F|  |TAMS 0x000000075f800000| PB 0x000000075f800000| Untracked |  0
| 729|0x000000075fa00000, 0x000000075fa00000, 0x000000075fc00000|  0%| F|  |TAMS 0x000000075fa00000| PB 0x000000075fa00000| Untracked |  0
| 730|0x000000075fc00000, 0x000000075fc00000, 0x000000075fe00000|  0%| F|  |TAMS 0x000000075fc00000| PB 0x000000075fc00000| Untracked |  0
| 731|0x000000075fe00000, 0x000000075fe00000, 0x0000000760000000|  0%| F|  |TAMS 0x000000075fe00000| PB 0x000000075fe00000| Untracked |  0
| 732|0x0000000760000000, 0x0000000760000000, 0x0000000760200000|  0%| F|  |TAMS 0x0000000760000000| PB 0x0000000760000000| Untracked |  0
| 733|0x0000000760200000, 0x0000000760200000, 0x0000000760400000|  0%| F|  |TAMS 0x0000000760200000| PB 0x0000000760200000| Untracked |  0
| 734|0x0000000760400000, 0x0000000760400000, 0x0000000760600000|  0%| F|  |TAMS 0x0000000760400000| PB 0x0000000760400000| Untracked |  0
| 735|0x0000000760600000, 0x0000000760600000, 0x0000000760800000|  0%| F|  |TAMS 0x0000000760600000| PB 0x0000000760600000| Untracked |  0
| 736|0x0000000760800000, 0x0000000760800000, 0x0000000760a00000|  0%| F|  |TAMS 0x0000000760800000| PB 0x0000000760800000| Untracked |  0
| 737|0x0000000760a00000, 0x0000000760a00000, 0x0000000760c00000|  0%| F|  |TAMS 0x0000000760a00000| PB 0x0000000760a00000| Untracked |  0
| 738|0x0000000760c00000, 0x0000000760c00000, 0x0000000760e00000|  0%| F|  |TAMS 0x0000000760c00000| PB 0x0000000760c00000| Untracked |  0
| 739|0x0000000760e00000, 0x0000000760e00000, 0x0000000761000000|  0%| F|  |TAMS 0x0000000760e00000| PB 0x0000000760e00000| Untracked |  0
| 740|0x0000000761000000, 0x0000000761000000, 0x0000000761200000|  0%| F|  |TAMS 0x0000000761000000| PB 0x0000000761000000| Untracked |  0
| 741|0x0000000761200000, 0x0000000761200000, 0x0000000761400000|  0%| F|  |TAMS 0x0000000761200000| PB 0x0000000761200000| Untracked |  0
| 742|0x0000000761400000, 0x0000000761400000, 0x0000000761600000|  0%| F|  |TAMS 0x0000000761400000| PB 0x0000000761400000| Untracked |  0
| 743|0x0000000761600000, 0x0000000761600000, 0x0000000761800000|  0%| F|  |TAMS 0x0000000761600000| PB 0x0000000761600000| Untracked |  0
| 744|0x0000000761800000, 0x0000000761800000, 0x0000000761a00000|  0%| F|  |TAMS 0x0000000761800000| PB 0x0000000761800000| Untracked |  0
| 745|0x0000000761a00000, 0x0000000761a00000, 0x0000000761c00000|  0%| F|  |TAMS 0x0000000761a00000| PB 0x0000000761a00000| Untracked |  0
| 746|0x0000000761c00000, 0x0000000761c00000, 0x0000000761e00000|  0%| F|  |TAMS 0x0000000761c00000| PB 0x0000000761c00000| Untracked |  0
| 747|0x0000000761e00000, 0x0000000761e00000, 0x0000000762000000|  0%| F|  |TAMS 0x0000000761e00000| PB 0x0000000761e00000| Untracked |  0
| 748|0x0000000762000000, 0x0000000762000000, 0x0000000762200000|  0%| F|  |TAMS 0x0000000762000000| PB 0x0000000762000000| Untracked |  0
| 749|0x0000000762200000, 0x0000000762200000, 0x0000000762400000|  0%| F|  |TAMS 0x0000000762200000| PB 0x0000000762200000| Untracked |  0
| 750|0x0000000762400000, 0x0000000762400000, 0x0000000762600000|  0%| F|  |TAMS 0x0000000762400000| PB 0x0000000762400000| Untracked |  0
| 751|0x0000000762600000, 0x0000000762600000, 0x0000000762800000|  0%| F|  |TAMS 0x0000000762600000| PB 0x0000000762600000| Untracked |  0
| 752|0x0000000762800000, 0x0000000762800000, 0x0000000762a00000|  0%| F|  |TAMS 0x0000000762800000| PB 0x0000000762800000| Untracked |  0
| 753|0x0000000762a00000, 0x0000000762a04080, 0x0000000762c00000|  0%| S|CS|TAMS 0x0000000762a00000| PB 0x0000000762a00000| Complete |  0
| 754|0x0000000762c00000, 0x0000000762c00000, 0x0000000762e00000|  0%| F|  |TAMS 0x0000000762c00000| PB 0x0000000762c00000| Untracked |  0
| 755|0x0000000762e00000, 0x0000000762e00000, 0x0000000763000000|  0%| F|  |TAMS 0x0000000762e00000| PB 0x0000000762e00000| Untracked |  0
| 756|0x0000000763000000, 0x0000000763000000, 0x0000000763200000|  0%| F|  |TAMS 0x0000000763000000| PB 0x0000000763000000| Untracked |  0
| 757|0x0000000763200000, 0x0000000763200000, 0x0000000763400000|  0%| F|  |TAMS 0x0000000763200000| PB 0x0000000763200000| Untracked |  0
| 758|0x0000000763400000, 0x0000000763400000, 0x0000000763600000|  0%| F|  |TAMS 0x0000000763400000| PB 0x0000000763400000| Untracked |  0
| 759|0x0000000763600000, 0x0000000763600000, 0x0000000763800000|  0%| F|  |TAMS 0x0000000763600000| PB 0x0000000763600000| Untracked |  0
| 760|0x0000000763800000, 0x0000000763800000, 0x0000000763a00000|  0%| F|  |TAMS 0x0000000763800000| PB 0x0000000763800000| Untracked |  0
| 761|0x0000000763a00000, 0x0000000763a00000, 0x0000000763c00000|  0%| F|  |TAMS 0x0000000763a00000| PB 0x0000000763a00000| Untracked |  0
| 762|0x0000000763c00000, 0x0000000763c00000, 0x0000000763e00000|  0%| F|  |TAMS 0x0000000763c00000| PB 0x0000000763c00000| Untracked |  0
| 763|0x0000000763e00000, 0x0000000763e00000, 0x0000000764000000|  0%| F|  |TAMS 0x0000000763e00000| PB 0x0000000763e00000| Untracked |  0
| 764|0x0000000764000000, 0x0000000764000000, 0x0000000764200000|  0%| F|  |TAMS 0x0000000764000000| PB 0x0000000764000000| Untracked |  0
| 765|0x0000000764200000, 0x0000000764200000, 0x0000000764400000|  0%| F|  |TAMS 0x0000000764200000| PB 0x0000000764200000| Untracked |  0
| 766|0x0000000764400000, 0x0000000764400000, 0x0000000764600000|  0%| F|  |TAMS 0x0000000764400000| PB 0x0000000764400000| Untracked |  0
| 767|0x0000000764600000, 0x0000000764600000, 0x0000000764800000|  0%| F|  |TAMS 0x0000000764600000| PB 0x0000000764600000| Untracked |  0
| 768|0x0000000764800000, 0x0000000764800000, 0x0000000764a00000|  0%| F|  |TAMS 0x0000000764800000| PB 0x0000000764800000| Untracked |  0
| 769|0x0000000764a00000, 0x0000000764a00000, 0x0000000764c00000|  0%| F|  |TAMS 0x0000000764a00000| PB 0x0000000764a00000| Untracked |  0
| 770|0x0000000764c00000, 0x0000000764c00000, 0x0000000764e00000|  0%| F|  |TAMS 0x0000000764c00000| PB 0x0000000764c00000| Untracked |  0
| 771|0x0000000764e00000, 0x0000000764e00000, 0x0000000765000000|  0%| F|  |TAMS 0x0000000764e00000| PB 0x0000000764e00000| Untracked |  0
| 772|0x0000000765000000, 0x0000000765000000, 0x0000000765200000|  0%| F|  |TAMS 0x0000000765000000| PB 0x0000000765000000| Untracked |  0
| 773|0x0000000765200000, 0x0000000765200000, 0x0000000765400000|  0%| F|  |TAMS 0x0000000765200000| PB 0x0000000765200000| Untracked |  0
| 774|0x0000000765400000, 0x0000000765400000, 0x0000000765600000|  0%| F|  |TAMS 0x0000000765400000| PB 0x0000000765400000| Untracked |  0
| 775|0x0000000765600000, 0x0000000765600000, 0x0000000765800000|  0%| F|  |TAMS 0x0000000765600000| PB 0x0000000765600000| Untracked |  0
| 776|0x0000000765800000, 0x0000000765800000, 0x0000000765a00000|  0%| F|  |TAMS 0x0000000765800000| PB 0x0000000765800000| Untracked |  0
| 777|0x0000000765a00000, 0x0000000765a00000, 0x0000000765c00000|  0%| F|  |TAMS 0x0000000765a00000| PB 0x0000000765a00000| Untracked |  0
| 778|0x0000000765c00000, 0x0000000765c00000, 0x0000000765e00000|  0%| F|  |TAMS 0x0000000765c00000| PB 0x0000000765c00000| Untracked |  0
| 779|0x0000000765e00000, 0x0000000765e00000, 0x0000000766000000|  0%| F|  |TAMS 0x0000000765e00000| PB 0x0000000765e00000| Untracked |  0
| 780|0x0000000766000000, 0x0000000766000000, 0x0000000766200000|  0%| F|  |TAMS 0x0000000766000000| PB 0x0000000766000000| Untracked |  0
| 781|0x0000000766200000, 0x0000000766200000, 0x0000000766400000|  0%| F|  |TAMS 0x0000000766200000| PB 0x0000000766200000| Untracked |  0
| 782|0x0000000766400000, 0x0000000766400000, 0x0000000766600000|  0%| F|  |TAMS 0x0000000766400000| PB 0x0000000766400000| Untracked |  0
| 783|0x0000000766600000, 0x0000000766600000, 0x0000000766800000|  0%| F|  |TAMS 0x0000000766600000| PB 0x0000000766600000| Untracked |  0
| 784|0x0000000766800000, 0x0000000766800000, 0x0000000766a00000|  0%| F|  |TAMS 0x0000000766800000| PB 0x0000000766800000| Untracked |  0
| 785|0x0000000766a00000, 0x0000000766a00000, 0x0000000766c00000|  0%| F|  |TAMS 0x0000000766a00000| PB 0x0000000766a00000| Untracked |  0
| 786|0x0000000766c00000, 0x0000000766c00000, 0x0000000766e00000|  0%| F|  |TAMS 0x0000000766c00000| PB 0x0000000766c00000| Untracked |  0
| 787|0x0000000766e00000, 0x0000000766e00000, 0x0000000767000000|  0%| F|  |TAMS 0x0000000766e00000| PB 0x0000000766e00000| Untracked |  0
| 788|0x0000000767000000, 0x0000000767000000, 0x0000000767200000|  0%| F|  |TAMS 0x0000000767000000| PB 0x0000000767000000| Untracked |  0
| 789|0x0000000767200000, 0x0000000767200000, 0x0000000767400000|  0%| F|  |TAMS 0x0000000767200000| PB 0x0000000767200000| Untracked |  0
| 790|0x0000000767400000, 0x0000000767400000, 0x0000000767600000|  0%| F|  |TAMS 0x0000000767400000| PB 0x0000000767400000| Untracked |  0
| 791|0x0000000767600000, 0x0000000767600000, 0x0000000767800000|  0%| F|  |TAMS 0x0000000767600000| PB 0x0000000767600000| Untracked |  0
| 792|0x0000000767800000, 0x0000000767800000, 0x0000000767a00000|  0%| F|  |TAMS 0x0000000767800000| PB 0x0000000767800000| Untracked |  0
| 793|0x0000000767a00000, 0x0000000767a00000, 0x0000000767c00000|  0%| F|  |TAMS 0x0000000767a00000| PB 0x0000000767a00000| Untracked |  0
| 794|0x0000000767c00000, 0x0000000767c00000, 0x0000000767e00000|  0%| F|  |TAMS 0x0000000767c00000| PB 0x0000000767c00000| Untracked |  0
| 795|0x0000000767e00000, 0x0000000767e00000, 0x0000000768000000|  0%| F|  |TAMS 0x0000000767e00000| PB 0x0000000767e00000| Untracked |  0
| 796|0x0000000768000000, 0x0000000768000000, 0x0000000768200000|  0%| F|  |TAMS 0x0000000768000000| PB 0x0000000768000000| Untracked |  0
| 797|0x0000000768200000, 0x0000000768200000, 0x0000000768400000|  0%| F|  |TAMS 0x0000000768200000| PB 0x0000000768200000| Untracked |  0
| 798|0x0000000768400000, 0x0000000768400000, 0x0000000768600000|  0%| F|  |TAMS 0x0000000768400000| PB 0x0000000768400000| Untracked |  0
| 799|0x0000000768600000, 0x0000000768600000, 0x0000000768800000|  0%| F|  |TAMS 0x0000000768600000| PB 0x0000000768600000| Untracked |  0
| 800|0x0000000768800000, 0x0000000768800000, 0x0000000768a00000|  0%| F|  |TAMS 0x0000000768800000| PB 0x0000000768800000| Untracked |  0
| 801|0x0000000768a00000, 0x0000000768a00000, 0x0000000768c00000|  0%| F|  |TAMS 0x0000000768a00000| PB 0x0000000768a00000| Untracked |  0
| 802|0x0000000768c00000, 0x0000000768c00000, 0x0000000768e00000|  0%| F|  |TAMS 0x0000000768c00000| PB 0x0000000768c00000| Untracked |  0
| 803|0x0000000768e00000, 0x0000000768e00000, 0x0000000769000000|  0%| F|  |TAMS 0x0000000768e00000| PB 0x0000000768e00000| Untracked |  0
| 804|0x0000000769000000, 0x0000000769000000, 0x0000000769200000|  0%| F|  |TAMS 0x0000000769000000| PB 0x0000000769000000| Untracked |  0
| 805|0x0000000769200000, 0x0000000769200000, 0x0000000769400000|  0%| F|  |TAMS 0x0000000769200000| PB 0x0000000769200000| Untracked |  0
| 806|0x0000000769400000, 0x0000000769400000, 0x0000000769600000|  0%| F|  |TAMS 0x0000000769400000| PB 0x0000000769400000| Untracked |  0
| 807|0x0000000769600000, 0x0000000769600000, 0x0000000769800000|  0%| F|  |TAMS 0x0000000769600000| PB 0x0000000769600000| Untracked |  0
| 808|0x0000000769800000, 0x0000000769800000, 0x0000000769a00000|  0%| F|  |TAMS 0x0000000769800000| PB 0x0000000769800000| Untracked |  0
| 809|0x0000000769a00000, 0x0000000769a00000, 0x0000000769c00000|  0%| F|  |TAMS 0x0000000769a00000| PB 0x0000000769a00000| Untracked |  0
| 810|0x0000000769c00000, 0x0000000769c00000, 0x0000000769e00000|  0%| F|  |TAMS 0x0000000769c00000| PB 0x0000000769c00000| Untracked |  0
| 811|0x0000000769e00000, 0x0000000769e00000, 0x000000076a000000|  0%| F|  |TAMS 0x0000000769e00000| PB 0x0000000769e00000| Untracked |  0
| 812|0x000000076a000000, 0x000000076a000000, 0x000000076a200000|  0%| F|  |TAMS 0x000000076a000000| PB 0x000000076a000000| Untracked |  0
| 813|0x000000076a200000, 0x000000076a200000, 0x000000076a400000|  0%| F|  |TAMS 0x000000076a200000| PB 0x000000076a200000| Untracked |  0
| 814|0x000000076a400000, 0x000000076a400000, 0x000000076a600000|  0%| F|  |TAMS 0x000000076a400000| PB 0x000000076a400000| Untracked |  0
| 815|0x000000076a600000, 0x000000076a600000, 0x000000076a800000|  0%| F|  |TAMS 0x000000076a600000| PB 0x000000076a600000| Untracked |  0
| 816|0x000000076a800000, 0x000000076a800000, 0x000000076aa00000|  0%| F|  |TAMS 0x000000076a800000| PB 0x000000076a800000| Untracked |  0
| 817|0x000000076aa00000, 0x000000076aa00000, 0x000000076ac00000|  0%| F|  |TAMS 0x000000076aa00000| PB 0x000000076aa00000| Untracked |  0
| 818|0x000000076ac00000, 0x000000076ac00000, 0x000000076ae00000|  0%| F|  |TAMS 0x000000076ac00000| PB 0x000000076ac00000| Untracked |  0
| 819|0x000000076ae00000, 0x000000076ae00000, 0x000000076b000000|  0%| F|  |TAMS 0x000000076ae00000| PB 0x000000076ae00000| Untracked |  0
| 820|0x000000076b000000, 0x000000076b000000, 0x000000076b200000|  0%| F|  |TAMS 0x000000076b000000| PB 0x000000076b000000| Untracked |  0
| 821|0x000000076b200000, 0x000000076b200000, 0x000000076b400000|  0%| F|  |TAMS 0x000000076b200000| PB 0x000000076b200000| Untracked |  0
| 822|0x000000076b400000, 0x000000076b400000, 0x000000076b600000|  0%| F|  |TAMS 0x000000076b400000| PB 0x000000076b400000| Untracked |  0
| 823|0x000000076b600000, 0x000000076b600000, 0x000000076b800000|  0%| F|  |TAMS 0x000000076b600000| PB 0x000000076b600000| Untracked |  0
| 824|0x000000076b800000, 0x000000076b800000, 0x000000076ba00000|  0%| F|  |TAMS 0x000000076b800000| PB 0x000000076b800000| Untracked |  0
| 825|0x000000076ba00000, 0x000000076ba00000, 0x000000076bc00000|  0%| F|  |TAMS 0x000000076ba00000| PB 0x000000076ba00000| Untracked |  0
| 826|0x000000076bc00000, 0x000000076bc00000, 0x000000076be00000|  0%| F|  |TAMS 0x000000076bc00000| PB 0x000000076bc00000| Untracked |  0
| 827|0x000000076be00000, 0x000000076be00000, 0x000000076c000000|  0%| F|  |TAMS 0x000000076be00000| PB 0x000000076be00000| Untracked |  0
| 828|0x000000076c000000, 0x000000076c000000, 0x000000076c200000|  0%| F|  |TAMS 0x000000076c000000| PB 0x000000076c000000| Untracked |  0
| 829|0x000000076c200000, 0x000000076c200000, 0x000000076c400000|  0%| F|  |TAMS 0x000000076c200000| PB 0x000000076c200000| Untracked |  0
| 830|0x000000076c400000, 0x000000076c400000, 0x000000076c600000|  0%| F|  |TAMS 0x000000076c400000| PB 0x000000076c400000| Untracked |  0
| 831|0x000000076c600000, 0x000000076c600000, 0x000000076c800000|  0%| F|  |TAMS 0x000000076c600000| PB 0x000000076c600000| Untracked |  0
| 832|0x000000076c800000, 0x000000076c800000, 0x000000076ca00000|  0%| F|  |TAMS 0x000000076c800000| PB 0x000000076c800000| Untracked |  0
| 833|0x000000076ca00000, 0x000000076ca00000, 0x000000076cc00000|  0%| F|  |TAMS 0x000000076ca00000| PB 0x000000076ca00000| Untracked |  0
| 834|0x000000076cc00000, 0x000000076cc00000, 0x000000076ce00000|  0%| F|  |TAMS 0x000000076cc00000| PB 0x000000076cc00000| Untracked |  0
| 835|0x000000076ce00000, 0x000000076ce00000, 0x000000076d000000|  0%| F|  |TAMS 0x000000076ce00000| PB 0x000000076ce00000| Untracked |  0
| 836|0x000000076d000000, 0x000000076d000000, 0x000000076d200000|  0%| F|  |TAMS 0x000000076d000000| PB 0x000000076d000000| Untracked |  0
| 837|0x000000076d200000, 0x000000076d200000, 0x000000076d400000|  0%| F|  |TAMS 0x000000076d200000| PB 0x000000076d200000| Untracked |  0
| 838|0x000000076d400000, 0x000000076d400000, 0x000000076d600000|  0%| F|  |TAMS 0x000000076d400000| PB 0x000000076d400000| Untracked |  0
| 839|0x000000076d600000, 0x000000076d600000, 0x000000076d800000|  0%| F|  |TAMS 0x000000076d600000| PB 0x000000076d600000| Untracked |  0
| 840|0x000000076d800000, 0x000000076d800000, 0x000000076da00000|  0%| F|  |TAMS 0x000000076d800000| PB 0x000000076d800000| Untracked |  0
| 841|0x000000076da00000, 0x000000076da00000, 0x000000076dc00000|  0%| F|  |TAMS 0x000000076da00000| PB 0x000000076da00000| Untracked |  0
| 842|0x000000076dc00000, 0x000000076dc00000, 0x000000076de00000|  0%| F|  |TAMS 0x000000076dc00000| PB 0x000000076dc00000| Untracked |  0
| 843|0x000000076de00000, 0x000000076de00000, 0x000000076e000000|  0%| F|  |TAMS 0x000000076de00000| PB 0x000000076de00000| Untracked |  0
| 844|0x000000076e000000, 0x000000076e000000, 0x000000076e200000|  0%| F|  |TAMS 0x000000076e000000| PB 0x000000076e000000| Untracked |  0
| 845|0x000000076e200000, 0x000000076e200000, 0x000000076e400000|  0%| F|  |TAMS 0x000000076e200000| PB 0x000000076e200000| Untracked |  0
| 846|0x000000076e400000, 0x000000076e400000, 0x000000076e600000|  0%| F|  |TAMS 0x000000076e400000| PB 0x000000076e400000| Untracked |  0
| 847|0x000000076e600000, 0x000000076e600000, 0x000000076e800000|  0%| F|  |TAMS 0x000000076e600000| PB 0x000000076e600000| Untracked |  0
| 848|0x000000076e800000, 0x000000076e800000, 0x000000076ea00000|  0%| F|  |TAMS 0x000000076e800000| PB 0x000000076e800000| Untracked |  0
| 849|0x000000076ea00000, 0x000000076ea00000, 0x000000076ec00000|  0%| F|  |TAMS 0x000000076ea00000| PB 0x000000076ea00000| Untracked |  0
| 850|0x000000076ec00000, 0x000000076ec00000, 0x000000076ee00000|  0%| F|  |TAMS 0x000000076ec00000| PB 0x000000076ec00000| Untracked |  0
| 851|0x000000076ee00000, 0x000000076ee00000, 0x000000076f000000|  0%| F|  |TAMS 0x000000076ee00000| PB 0x000000076ee00000| Untracked |  0
| 852|0x000000076f000000, 0x000000076f000000, 0x000000076f200000|  0%| F|  |TAMS 0x000000076f000000| PB 0x000000076f000000| Untracked |  0
| 853|0x000000076f200000, 0x000000076f200000, 0x000000076f400000|  0%| F|  |TAMS 0x000000076f200000| PB 0x000000076f200000| Untracked |  0
| 854|0x000000076f400000, 0x000000076f400000, 0x000000076f600000|  0%| F|  |TAMS 0x000000076f400000| PB 0x000000076f400000| Untracked |  0
| 855|0x000000076f600000, 0x000000076f600000, 0x000000076f800000|  0%| F|  |TAMS 0x000000076f600000| PB 0x000000076f600000| Untracked |  0
| 856|0x000000076f800000, 0x000000076f800000, 0x000000076fa00000|  0%| F|  |TAMS 0x000000076f800000| PB 0x000000076f800000| Untracked |  0
|2011|0x00000007ffe00000, 0x00000007ffe00000, 0x0000000800000000|  0%| F|  |TAMS 0x00000007ffe00000| PB 0x00000007ffe00000| Untracked |  0

Card table byte_map: [0x00000124786d0000,0x0000012478eb0000] _byte_map_base: 0x0000012474eac000

Marking Bits: (CMBitMap*) 0x000001246cbfe500
 Bits: [0x0000012478eb0000, 0x000001247cd90000)

Polling page: 0x000001246e730000

Metaspace:

Usage:
  Non-class:     18.21 MB used.
      Class:      2.77 MB used.
       Both:     20.98 MB used.

Virtual space:
  Non-class space:       64.00 MB reserved,      18.38 MB ( 29%) committed,  1 nodes.
      Class space:        1.00 GB reserved,       2.94 MB ( <1%) committed,  1 nodes.
             Both:        1.06 GB reserved,      21.31 MB (  2%) committed. 

Chunk freelists:
   Non-Class:  13.34 MB
       Class:  13.11 MB
        Both:  26.45 MB

MaxMetaspaceSize: unlimited
CompressedClassSpaceSize: 1.00 GB
Initial GC threshold: 21.00 MB
Current GC threshold: 35.56 MB
CDS: on
 - commit_granule_bytes: 65536.
 - commit_granule_words: 8192.
 - virtual_space_node_default_size: 8388608.
 - enlarge_chunks_in_place: 1.
UseCompressedClassPointers 1, UseCompactObjectHeaders 0
Narrow klass pointer bits 32, Max shift 3
Narrow klass base: 0x000001240f000000, Narrow klass shift: 0
Encoding Range: [0x000001240f000000 - 0x000001250f000000), (4294967296 bytes)
Klass Range:    [0x000001240f000000 - 0x0000012450000000), (1090519040 bytes)
Klass ID Range:  [8 - 1090519033) (1090519025)


Internal statistics:

num_allocs_failed_limit: 3.
num_arena_births: 266.
num_arena_deaths: 0.
num_vsnodes_births: 2.
num_vsnodes_deaths: 0.
num_space_committed: 341.
num_space_uncommitted: 0.
num_chunks_returned_to_freelist: 3.
num_chunks_taken_from_freelist: 919.
num_chunk_merges: 0.
num_chunk_splits: 661.
num_chunks_enlarged: 529.
num_inconsistent_stats: 0.

CodeHeap 'non-profiled nmethods': size=120064Kb used=2318Kb max_used=2697Kb free=117745Kb
 bounds [0x0000012407ac0000, 0x0000012407d70000, 0x000001240f000000]
CodeHeap 'profiled nmethods': size=120000Kb used=8652Kb max_used=10459Kb free=111347Kb
 bounds [0x0000012400000000, 0x0000012400a60000, 0x0000012407530000]
CodeHeap 'non-nmethods': size=5696Kb used=1687Kb max_used=1838Kb free=4008Kb
 bounds [0x0000012407530000, 0x00000124077a0000, 0x0000012407ac0000]
CodeCache: size=245760Kb, used=12657Kb, max_used=14994Kb, free=233100Kb
 total_blobs=5814, nmethods=4960, adapters=759, full_count=0
Compilation: enabled, stopped_count=0, restarted_count=0

Compilation events (20 events):
Event: 364.872 Thread 0x000001247fa98c20 5947       4       java.nio.MappedByteBuffer::flip (5 bytes)
Event: 364.872 Thread 0x000001247fa98c20 nmethod 5947 0x0000012407c5fa08 code [0x0000012407c5fb00, 0x0000012407c5fb88]
Event: 364.872 Thread 0x000001247fa98c20 5948       4       sun.nio.ch.ChannelOutputStream::writeFully (36 bytes)
Event: 364.890 Thread 0x000001247fa98c20 nmethod 5948 0x0000012407d11c08 code [0x0000012407d11f20, 0x0000012407d14140]
Event: 364.890 Thread 0x000001247fa98c20 5952  s!   4       sun.nio.ch.ChannelOutputStream::write (145 bytes)
Event: 364.891 Thread 0x0000012466418540 5950       4       sun.nio.ch.Util::getTemporaryDirectBuffer (85 bytes)
Event: 364.893 Thread 0x000001247fa98c20 nmethod 5952 0x0000012407c72208 code [0x0000012407c72380, 0x0000012407c72bf0]
Event: 364.893 Thread 0x000001247fa98c20 5951       4       sun.nio.ch.Util$BufferCache::get (164 bytes)
Event: 364.894 Thread 0x000001247fa98c20 nmethod 5951 0x0000012407bb7788 code [0x0000012407bb78a0, 0x0000012407bb7b30]
Event: 364.894 Thread 0x0000012466418540 nmethod 5950 0x0000012407b43b08 code [0x0000012407b43cc0, 0x0000012407b441d0]
Event: 364.894 Thread 0x000001247fa98c20 5949       4       sun.nio.ch.FileChannelImpl::write (24 bytes)
Event: 364.910 Thread 0x000001247fa98c20 nmethod 5949 0x0000012407b5d688 code [0x0000012407b5d980, 0x0000012407b5f8c8]
Event: 365.582 Thread 0x000001247faaec80 5953       3       com.byteshrink.compression.ShannonFanoCompression$$Lambda/0x00000124102d6828::compare (12 bytes)
Event: 365.583 Thread 0x000001247faaec80 nmethod 5953 0x0000012400216788 code [0x00000124002168a0, 0x0000012400216bc8]
Event: 365.583 Thread 0x000001247faaec80 5955       3       java.util.stream.ReferencePipeline$4$1::accept (20 bytes)
Event: 365.583 Thread 0x000001247faaec80 nmethod 5955 0x00000124003a8408 code [0x00000124003a8540, 0x00000124003a88b8]
Event: 365.583 Thread 0x000001247faaec80 5954       3       com.byteshrink.compression.ShannonFanoCompression::lambda$0 (10 bytes)
Event: 365.583 Thread 0x000001247faaec80 nmethod 5954 0x0000012400057188 code [0x00000124000572a0, 0x0000012400057398]
Event: 365.583 Thread 0x000001247faaec80 5956       1       java.util.ArrayList$SubList$2::characteristics (4 bytes)
Event: 365.583 Thread 0x000001247faaec80 nmethod 5956 0x0000012407c34588 code [0x0000012407c34680, 0x0000012407c34748]

GC Heap History (20 events):
Event: 363.755 GC heap before
{Heap before GC invocations=38 (full 0):
 garbage-first heap   total reserved 4120576K, committed 1544192K, used 1541730K [0x0000000704800000, 0x0000000800000000)
  region size 2048K, 57 young (116736K), 1 survivors (2048K)
 Metaspace       used 21479K, committed 21824K, reserved 1114112K
  class space    used 2839K, committed 3008K, reserved 1048576K
}
Event: 363.757 GC heap after
{Heap after GC invocations=39 (full 0):
 garbage-first heap   total reserved 4120576K, committed 1546240K, used 773739K [0x0000000704800000, 0x0000000800000000)
  region size 2048K, 1 young (2048K), 1 survivors (2048K)
 Metaspace       used 21479K, committed 21824K, reserved 1114112K
  class space    used 2839K, committed 3008K, reserved 1048576K
}
Event: 363.989 GC heap before
{Heap before GC invocations=39 (full 0):
 garbage-first heap   total reserved 4120576K, committed 1546240K, used 1381995K [0x0000000704800000, 0x0000000800000000)
  region size 2048K, 298 young (610304K), 1 survivors (2048K)
 Metaspace       used 21479K, committed 21824K, reserved 1114112K
  class space    used 2839K, committed 3008K, reserved 1048576K
}
Event: 363.991 GC heap after
{Heap after GC invocations=40 (full 0):
 garbage-first heap   total reserved 4120576K, committed 1546240K, used 773727K [0x0000000704800000, 0x0000000800000000)
  region size 2048K, 1 young (2048K), 1 survivors (2048K)
 Metaspace       used 21479K, committed 21824K, reserved 1114112K
  class space    used 2839K, committed 3008K, reserved 1048576K
}
Event: 364.192 GC heap before
{Heap before GC invocations=41 (full 0):
 garbage-first heap   total reserved 4120576K, committed 1546240K, used 1293919K [0x0000000704800000, 0x0000000800000000)
  region size 2048K, 255 young (522240K), 1 survivors (2048K)
 Metaspace       used 21479K, committed 21824K, reserved 1114112K
  class space    used 2839K, committed 3008K, reserved 1048576K
}
Event: 364.194 GC heap after
{Heap after GC invocations=42 (full 0):
 garbage-first heap   total reserved 4120576K, committed 1546240K, used 773734K [0x0000000704800000, 0x0000000800000000)
  region size 2048K, 1 young (2048K), 1 survivors (2048K)
 Metaspace       used 21479K, committed 21824K, reserved 1114112K
  class space    used 2839K, committed 3008K, reserved 1048576K
}
Event: 364.415 GC heap before
{Heap before GC invocations=42 (full 0):
 garbage-first heap   total reserved 4120576K, committed 1546240K, used 1345126K [0x0000000704800000, 0x0000000800000000)
  region size 2048K, 280 young (573440K), 1 survivors (2048K)
 Metaspace       used 21479K, committed 21824K, reserved 1114112K
  class space    used 2839K, committed 3008K, reserved 1048576K
}
Event: 364.416 GC heap after
{Heap after GC invocations=43 (full 0):
 garbage-first heap   total reserved 4120576K, committed 1546240K, used 773744K [0x0000000704800000, 0x0000000800000000)
  region size 2048K, 1 young (2048K), 1 survivors (2048K)
 Metaspace       used 21479K, committed 21824K, reserved 1114112K
  class space    used 2839K, committed 3008K, reserved 1048576K
}
Event: 364.654 GC heap before
{Heap before GC invocations=44 (full 0):
 garbage-first heap   total reserved 4120576K, committed 1546240K, used 1373808K [0x0000000704800000, 0x0000000800000000)
  region size 2048K, 294 young (602112K), 1 survivors (2048K)
 Metaspace       used 21479K, committed 21824K, reserved 1114112K
  class space    used 2839K, committed 3008K, reserved 1048576K
}
Event: 364.655 GC heap after
{Heap after GC invocations=45 (full 0):
 garbage-first heap   total reserved 4120576K, committed 1546240K, used 773751K [0x0000000704800000, 0x0000000800000000)
  region size 2048K, 1 young (2048K), 1 survivors (2048K)
 Metaspace       used 21479K, committed 21824K, reserved 1114112K
  class space    used 2839K, committed 3008K, reserved 1048576K
}
Event: 364.914 GC heap before
{Heap before GC invocations=45 (full 0):
 garbage-first heap   total reserved 4120576K, committed 1546240K, used 1289847K [0x0000000704800000, 0x0000000800000000)
  region size 2048K, 254 young (520192K), 1 survivors (2048K)
 Metaspace       used 21480K, committed 21824K, reserved 1114112K
  class space    used 2839K, committed 3008K, reserved 1048576K
}
Event: 364.915 GC heap after
{Heap after GC invocations=46 (full 0):
 garbage-first heap   total reserved 4120576K, committed 1546240K, used 181875K [0x0000000704800000, 0x0000000800000000)
  region size 2048K, 1 young (2048K), 1 survivors (2048K)
 Metaspace       used 21480K, committed 21824K, reserved 1114112K
  class space    used 2839K, committed 3008K, reserved 1048576K
}
Event: 365.296 GC heap before
{Heap before GC invocations=46 (full 0):
 garbage-first heap   total reserved 4120576K, committed 1546240K, used 1314419K [0x0000000704800000, 0x0000000800000000)
  region size 2048K, 453 young (927744K), 1 survivors (2048K)
 Metaspace       used 21480K, committed 21824K, reserved 1114112K
  class space    used 2839K, committed 3008K, reserved 1048576K
}
Event: 365.297 GC heap after
{Heap after GC invocations=47 (full 0):
 garbage-first heap   total reserved 4120576K, committed 1546240K, used 388729K [0x0000000704800000, 0x0000000800000000)
  region size 2048K, 1 young (2048K), 1 survivors (2048K)
 Metaspace       used 21480K, committed 21824K, reserved 1114112K
  class space    used 2839K, committed 3008K, reserved 1048576K
}
Event: 365.665 GC heap before
{Heap before GC invocations=47 (full 0):
 garbage-first heap   total reserved 4120576K, committed 1546240K, used 1390201K [0x0000000704800000, 0x0000000800000000)
  region size 2048K, 350 young (716800K), 1 survivors (2048K)
 Metaspace       used 21481K, committed 21824K, reserved 1114112K
  class space    used 2839K, committed 3008K, reserved 1048576K
}
Event: 365.667 GC heap after
{Heap after GC invocations=48 (full 0):
 garbage-first heap   total reserved 4120576K, committed 1546240K, used 427644K [0x0000000704800000, 0x0000000800000000)
  region size 2048K, 1 young (2048K), 1 survivors (2048K)
 Metaspace       used 21481K, committed 21824K, reserved 1114112K
  class space    used 2839K, committed 3008K, reserved 1048576K
}
Event: 365.869 GC heap before
{Heap before GC invocations=48 (full 0):
 garbage-first heap   total reserved 4120576K, committed 1546240K, used 652924K [0x0000000704800000, 0x0000000800000000)
  region size 2048K, 1 young (2048K), 1 survivors (2048K)
 Metaspace       used 21481K, committed 21824K, reserved 1114112K
  class space    used 2839K, committed 3008K, reserved 1048576K
}
Event: 365.870 GC heap after
{Heap after GC invocations=49 (full 0):
 garbage-first heap   total reserved 4120576K, committed 1546240K, used 538236K [0x0000000704800000, 0x0000000800000000)
  region size 2048K, 1 young (2048K), 1 survivors (2048K)
 Metaspace       used 21481K, committed 21824K, reserved 1114112K
  class space    used 2839K, committed 3008K, reserved 1048576K
}
Event: 366.136 GC heap before
{Heap before GC invocations=49 (full 0):
 garbage-first heap   total reserved 4120576K, committed 1546240K, used 835196K [0x0000000704800000, 0x0000000800000000)
  region size 2048K, 1 young (2048K), 1 survivors (2048K)
 Metaspace       used 21481K, committed 21824K, reserved 1114112K
  class space    used 2839K, committed 3008K, reserved 1048576K
}
Event: 366.137 GC heap after
{Heap after GC invocations=50 (full 0):
 garbage-first heap   total reserved 4120576K, committed 1546240K, used 685692K [0x0000000704800000, 0x0000000800000000)
  region size 2048K, 1 young (2048K), 1 survivors (2048K)
 Metaspace       used 21481K, committed 21824K, reserved 1114112K
  class space    used 2839K, committed 3008K, reserved 1048576K
}

Dll operation events (20 events):
Event: 0.210 Loaded shared library E:\Downloads\openjfx-24.0.1_windows-x64_bin-sdk\javafx-sdk-24.0.1\bin\api-ms-win-crt-locale-l1-1-0.dll
Event: 0.211 Loaded shared library E:\Downloads\openjfx-24.0.1_windows-x64_bin-sdk\javafx-sdk-24.0.1\bin\api-ms-win-crt-math-l1-1-0.dll
Event: 0.212 Loaded shared library E:\Downloads\openjfx-24.0.1_windows-x64_bin-sdk\javafx-sdk-24.0.1\bin\api-ms-win-crt-multibyte-l1-1-0.dll
Event: 0.212 Loaded shared library E:\Downloads\openjfx-24.0.1_windows-x64_bin-sdk\javafx-sdk-24.0.1\bin\api-ms-win-crt-private-l1-1-0.dll
Event: 0.213 Loaded shared library E:\Downloads\openjfx-24.0.1_windows-x64_bin-sdk\javafx-sdk-24.0.1\bin\api-ms-win-crt-process-l1-1-0.dll
Event: 0.214 Loaded shared library E:\Downloads\openjfx-24.0.1_windows-x64_bin-sdk\javafx-sdk-24.0.1\bin\api-ms-win-crt-runtime-l1-1-0.dll
Event: 0.214 Loaded shared library E:\Downloads\openjfx-24.0.1_windows-x64_bin-sdk\javafx-sdk-24.0.1\bin\api-ms-win-crt-stdio-l1-1-0.dll
Event: 0.215 Loaded shared library E:\Downloads\openjfx-24.0.1_windows-x64_bin-sdk\javafx-sdk-24.0.1\bin\api-ms-win-crt-string-l1-1-0.dll
Event: 0.216 Loaded shared library E:\Downloads\openjfx-24.0.1_windows-x64_bin-sdk\javafx-sdk-24.0.1\bin\api-ms-win-crt-time-l1-1-0.dll
Event: 0.216 Loaded shared library E:\Downloads\openjfx-24.0.1_windows-x64_bin-sdk\javafx-sdk-24.0.1\bin\api-ms-win-crt-utility-l1-1-0.dll
Event: 0.217 Loaded shared library E:\Downloads\openjfx-24.0.1_windows-x64_bin-sdk\javafx-sdk-24.0.1\bin\ucrtbase.dll
Event: 0.218 Loaded shared library E:\Downloads\openjfx-24.0.1_windows-x64_bin-sdk\javafx-sdk-24.0.1\bin\vcruntime140.dll
Event: 0.218 Loaded shared library E:\Downloads\openjfx-24.0.1_windows-x64_bin-sdk\javafx-sdk-24.0.1\bin\vcruntime140_1.dll
Event: 0.219 Loaded shared library E:\Downloads\openjfx-24.0.1_windows-x64_bin-sdk\javafx-sdk-24.0.1\bin\msvcp140.dll
Event: 0.219 Loaded shared library E:\Downloads\openjfx-24.0.1_windows-x64_bin-sdk\javafx-sdk-24.0.1\bin\msvcp140_1.dll
Event: 0.220 Loaded shared library E:\Downloads\openjfx-24.0.1_windows-x64_bin-sdk\javafx-sdk-24.0.1\bin\msvcp140_2.dll
Event: 0.240 Loaded shared library E:\Downloads\openjfx-24.0.1_windows-x64_bin-sdk\javafx-sdk-24.0.1\bin\prism_d3d.dll
Event: 0.299 Loaded shared library E:\Downloads\openjfx-24.0.1_windows-x64_bin-sdk\javafx-sdk-24.0.1\bin\glass.dll
Event: 0.442 Loaded shared library C:\Users\Vibhu Badoni\.jdks\openjdk-24.0.1\bin\jimage.dll
Event: 0.679 Loaded shared library E:\Downloads\openjfx-24.0.1_windows-x64_bin-sdk\javafx-sdk-24.0.1\bin\javafx_font.dll

Deoptimization events (20 events):
Event: 241.012 Thread 0x000001245557a760 DEOPT PACKING pc=0x0000012407b412f0 sp=0x000000126b8fd0e0
Event: 241.012 Thread 0x000001245557a760 DEOPT UNPACKING pc=0x0000012407646002 sp=0x000000126b8fcfe0 mode 2
Event: 241.012 Thread 0x000001245557a760 Uncommon trap: trap_request=0xffffffde fr.pc=0x0000012407b412f0 relative=0x00000000000001d0
Event: 241.012 Thread 0x000001245557a760 Uncommon trap: reason=class_check action=maybe_recompile pc=0x0000012407b412f0 method=java.lang.reflect.Array.newInstance(Ljava/lang/Class;I)Ljava/lang/Object; @ 2 c2
Event: 241.012 Thread 0x000001245557a760 DEOPT PACKING pc=0x0000012407b412f0 sp=0x000000126b8fd0e0
Event: 241.012 Thread 0x000001245557a760 DEOPT UNPACKING pc=0x0000012407646002 sp=0x000000126b8fcfe0 mode 2
Event: 241.461 Thread 0x000001245557a760 Uncommon trap: trap_request=0xffffffcc fr.pc=0x0000012407d4494c relative=0x0000000000002fec
Event: 241.461 Thread 0x000001245557a760 Uncommon trap: reason=intrinsic_or_type_checked_inlining action=make_not_entrant pc=0x0000012407d4494c method=java.util.ArrayList.toArray([Ljava/lang/Object;)[Ljava/lang/Object; @ 36 c2
Event: 241.461 Thread 0x000001245557a760 DEOPT PACKING pc=0x0000012407d4494c sp=0x000000126b8fd7e0
Event: 241.461 Thread 0x000001245557a760 DEOPT UNPACKING pc=0x0000012407646002 sp=0x000000126b8fd688 mode 2
Event: 241.495 Thread 0x0000012454827710 DEOPT PACKING pc=0x000001240066499f sp=0x000000126b7fdd10
Event: 241.495 Thread 0x0000012454827710 DEOPT UNPACKING pc=0x0000012407585722 sp=0x000000126b7fd1a0 mode 0
Event: 241.578 Thread 0x0000012454827710 DEOPT PACKING pc=0x0000012400665b04 sp=0x000000126b7fdb30
Event: 241.578 Thread 0x0000012454827710 DEOPT UNPACKING pc=0x0000012407585722 sp=0x000000126b7fcfa0 mode 0
Event: 241.760 Thread 0x0000012454827710 DEOPT PACKING pc=0x000001240083f14a sp=0x000000126b7fddc0
Event: 241.760 Thread 0x0000012454827710 DEOPT UNPACKING pc=0x0000012407585722 sp=0x000000126b7fd218 mode 0
Event: 361.812 Thread 0x0000012454827710 Uncommon trap: trap_request=0xffffff4d fr.pc=0x0000012407c783d4 relative=0x00000000000000b4
Event: 361.812 Thread 0x0000012454827710 Uncommon trap: reason=unstable_if action=reinterpret pc=0x0000012407c783d4 method=com.sun.javafx.geom.RectBounds.contains(Lcom/sun/javafx/geom/RectBounds;)Z @ 4 c2
Event: 361.812 Thread 0x0000012454827710 DEOPT PACKING pc=0x0000012407c783d4 sp=0x000000126b7fe6c0
Event: 361.812 Thread 0x0000012454827710 DEOPT UNPACKING pc=0x0000012407646002 sp=0x000000126b7fe650 mode 2

Classes loaded (20 events):
Event: 10.928 Loading class java/util/stream/IntPipeline$StatelessOp done
Event: 10.928 Loading class java/util/stream/ReferencePipeline$4 done
Event: 10.928 Loading class java/util/function/IntBinaryOperator
Event: 10.928 Loading class java/util/function/IntBinaryOperator done
Event: 10.928 Loading class java/util/stream/ReduceOps$6
Event: 10.928 Loading class java/util/stream/ReduceOps$6 done
Event: 10.928 Loading class java/util/stream/ReduceOps$5ReducingSink
Event: 10.928 Loading class java/util/stream/Sink$OfInt
Event: 10.928 Loading class java/util/stream/Sink$OfInt done
Event: 10.928 Loading class java/util/stream/ReduceOps$5ReducingSink done
Event: 10.928 Loading class java/util/stream/ReferencePipeline$4$1
Event: 10.928 Loading class java/util/stream/ReferencePipeline$4$1 done
Event: 10.928 Loading class java/util/ArrayList$SubList$2
Event: 10.928 Loading class java/util/ArrayList$SubList$2 done
Event: 11.166 Loading class java/text/MessageFormat
Event: 11.167 Loading class java/text/MessageFormat done
Event: 11.167 Loading class java/text/MessageFormat$Field
Event: 11.167 Loading class java/text/MessageFormat$Field done
Event: 11.195 Loading class java/lang/FdLibm$Atan
Event: 11.196 Loading class java/lang/FdLibm$Atan done

Classes unloaded (0 events):
No events

Classes redefined (0 events):
No events

Internal exceptions (20 events):
Event: 2.277 Thread 0x000001245557a760 Exception <a 'java/lang/ClassNotFoundException'{0x0000000711545bd0}: com/sun/javafx/scene/control/skin/resources/controls_en_US> (0x0000000711545bd0) 
thrown [s\open\src\hotspot\share\prims\jni.cpp, line 536]
Event: 2.447 Thread 0x000001245557a760 Exception <a 'java/io/FileNotFoundException'{0x000000070ff7c058}> (0x000000070ff7c058) 
thrown [s\open\src\hotspot\share\prims\jni.cpp, line 518]
Event: 2.447 Thread 0x000001245557a760 Exception <a 'java/io/FileNotFoundException'{0x000000070ff7d698}> (0x000000070ff7d698) 
thrown [s\open\src\hotspot\share\prims\jni.cpp, line 518]
Event: 2.447 Thread 0x000001245557a760 Exception <a 'java/io/FileNotFoundException'{0x000000070ff7ecf0}> (0x000000070ff7ecf0) 
thrown [s\open\src\hotspot\share\prims\jni.cpp, line 518]
Event: 2.447 Thread 0x000001245557a760 Exception <a 'java/io/FileNotFoundException'{0x000000070ff80330}> (0x000000070ff80330) 
thrown [s\open\src\hotspot\share\prims\jni.cpp, line 518]
Event: 10.351 Thread 0x000001245460ba20 Exception <a 'java/lang/NoSuchMethodError'{0x000000070f961b00}: 'void java.lang.invoke.DirectMethodHandle$Holder.invokeStatic(java.lang.Object, java.lang.Object, double)'> (0x000000070f961b00) 
thrown [s\open\src\hotspot\share\interpreter\linkResolver.cpp, line 805]
Event: 10.353 Thread 0x000001245460ba20 Exception <a 'java/lang/NoSuchMethodError'{0x000000070f970990}: 'java.lang.Object java.lang.invoke.DirectMethodHandle$Holder.newInvokeSpecial(java.lang.Object, java.lang.Object, double)'> (0x000000070f970990) 
thrown [s\open\src\hotspot\share\interpreter\linkResolver.cpp, line 805]
Event: 10.782 Thread 0x000001245460ba20 Exception <a 'sun/nio/fs/WindowsException'{0x0000000718328020}> (0x0000000718328020) 
thrown [s\open\src\hotspot\share\prims\jni.cpp, line 518]
Event: 10.801 Thread 0x000001245460ba20 Implicit null exception at 0x0000012407c2b772 to 0x0000012407c2b998
Event: 11.145 Thread 0x000001245460ba20 Exception <a 'sun/nio/fs/WindowsException'{0x0000000717b91c80}> (0x0000000717b91c80) 
thrown [s\open\src\hotspot\share\prims\jni.cpp, line 518]
Event: 11.155 Thread 0x000001245460ba20 Exception <a 'java/lang/NoSuchMethodError'{0x0000000717bab648}: 'java.lang.Object java.lang.invoke.DirectMethodHandle$Holder.newInvokeSpecial(java.lang.Object, java.lang.Object, double, java.lang.Object, java.lang.Object)'> (0x0000000717bab648) 
thrown [s\open\src\hotspot\share\interpreter\linkResolver.cpp, line 805]
Event: 11.166 Thread 0x000001245557a760 Exception <a 'java/lang/NoSuchMethodError'{0x00000007244a50e0}: 'void java.lang.invoke.DirectMethodHandle$Holder.invokeSpecialIFC(java.lang.Object, java.lang.Object, java.lang.Object)'> (0x00000007244a50e0) 
thrown [s\open\src\hotspot\share\interpreter\linkResolver.cpp, line 805]
Event: 22.114 Thread 0x000001245557a760 Exception <a 'java/lang/NoSuchMethodError'{0x0000000716f3aca0}: 'java.lang.Object java.lang.invoke.DirectMethodHandle$Holder.newInvokeSpecial(java.lang.Object, java.lang.Object, java.lang.Object, double, double, double, double, int, int, int, int, int, int, int, int, int)'> (0x0000000716f3aca0) 
thrown [s\open\src\hotspot\share\interpreter\linkResolver.cpp, line 805]
Event: 233.118 Thread 0x000001245557a760 Exception <a 'java/io/FileNotFoundException'{0x0000000716be5940}> (0x0000000716be5940) 
thrown [s\open\src\hotspot\share\prims\jni.cpp, line 518]
Event: 233.122 Thread 0x000001245557a760 Implicit null exception at 0x0000012407cd0b38 to 0x0000012407cd8df4
Event: 233.135 Thread 0x000001245557a760 Implicit null exception at 0x0000012407c78de1 to 0x0000012407c79bb8
Event: 234.408 Thread 0x000001245557a760 Exception <a 'java/io/FileNotFoundException'{0x0000000724445608}> (0x0000000724445608) 
thrown [s\open\src\hotspot\share\prims\jni.cpp, line 518]
Event: 240.377 Thread 0x000001245b037fa0 Exception <a 'sun/nio/fs/WindowsException'{0x00000007287b4890}> (0x00000007287b4890) 
thrown [s\open\src\hotspot\share\prims\jni.cpp, line 518]
Event: 240.757 Thread 0x000001245b037fa0 Exception <a 'sun/nio/fs/WindowsException'{0x0000000727b46ac8}> (0x0000000727b46ac8) 
thrown [s\open\src\hotspot\share\prims\jni.cpp, line 518]
Event: 364.859 Thread 0x000001245b0353c0 Exception <a 'sun/nio/fs/WindowsException'{0x0000000715066d88}> (0x0000000715066d88) 
thrown [s\open\src\hotspot\share\prims\jni.cpp, line 518]

VM Operations (20 events):
Event: 364.192 Executing VM operation: G1CollectForAllocation (G1 Evacuation Pause)
Event: 364.194 Executing VM operation: G1CollectForAllocation (G1 Evacuation Pause) done
Event: 364.415 Executing VM operation: G1CollectForAllocation (G1 Evacuation Pause)
Event: 364.416 Executing VM operation: G1CollectForAllocation (G1 Evacuation Pause) done
Event: 364.421 Executing VM operation: G1PauseRemark
Event: 364.423 Executing VM operation: G1PauseRemark done
Event: 364.425 Executing VM operation: G1PauseCleanup
Event: 364.425 Executing VM operation: G1PauseCleanup done
Event: 364.654 Executing VM operation: G1CollectForAllocation (G1 Evacuation Pause)
Event: 364.655 Executing VM operation: G1CollectForAllocation (G1 Evacuation Pause) done
Event: 364.914 Executing VM operation: G1TryInitiateConcMark (G1 Humongous Allocation)
Event: 364.915 Executing VM operation: G1TryInitiateConcMark (G1 Humongous Allocation) done
Event: 365.296 Executing VM operation: G1CollectForAllocation (G1 Evacuation Pause)
Event: 365.297 Executing VM operation: G1CollectForAllocation (G1 Evacuation Pause) done
Event: 365.665 Executing VM operation: G1TryInitiateConcMark (G1 Humongous Allocation)
Event: 365.667 Executing VM operation: G1TryInitiateConcMark (G1 Humongous Allocation) done
Event: 365.869 Executing VM operation: G1TryInitiateConcMark (G1 Humongous Allocation)
Event: 365.870 Executing VM operation: G1TryInitiateConcMark (G1 Humongous Allocation) done
Event: 366.136 Executing VM operation: G1TryInitiateConcMark (G1 Humongous Allocation)
Event: 366.137 Executing VM operation: G1TryInitiateConcMark (G1 Humongous Allocation) done

Memory protections (0 events):
No events

Nmethod flushes (20 events):
Event: 362.487 Thread 0x000001247f939e70 flushing  nmethod 0x00000124005e4a88
Event: 362.487 Thread 0x000001247f939e70 flushing  nmethod 0x0000012400601788
Event: 362.487 Thread 0x000001247f939e70 flushing  nmethod 0x0000012400601b88
Event: 362.487 Thread 0x000001247f939e70 flushing  nmethod 0x0000012400606f08
Event: 362.487 Thread 0x000001247f939e70 flushing  nmethod 0x000001240066fa88
Event: 362.487 Thread 0x000001247f939e70 flushing  nmethod 0x0000012400672608
Event: 362.487 Thread 0x000001247f939e70 flushing  nmethod 0x0000012400676888
Event: 362.487 Thread 0x000001247f939e70 flushing  nmethod 0x000001240071c288
Event: 362.487 Thread 0x000001247f939e70 flushing  nmethod 0x000001240071cf88
Event: 362.487 Thread 0x000001247f939e70 flushing  nmethod 0x000001240071f488
Event: 362.487 Thread 0x000001247f939e70 flushing  nmethod 0x0000012400731f88
Event: 362.487 Thread 0x000001247f939e70 flushing  nmethod 0x0000012400733688
Event: 362.487 Thread 0x000001247f939e70 flushing  nmethod 0x0000012400733b08
Event: 362.487 Thread 0x000001247f939e70 flushing  nmethod 0x0000012400764908
Event: 362.487 Thread 0x000001247f939e70 flushing  nmethod 0x000001240076e088
Event: 362.487 Thread 0x000001247f939e70 flushing  nmethod 0x00000124007dbe88
Event: 362.487 Thread 0x000001247f939e70 flushing  nmethod 0x00000124007de588
Event: 362.487 Thread 0x000001247f939e70 flushing  nmethod 0x0000012400990908
Event: 362.487 Thread 0x000001247f939e70 flushing  nmethod 0x00000124009e4088
Event: 362.487 Thread 0x000001247f939e70 flushing  nmethod 0x0000012400a13208

Events (20 events):
Event: 13.234 Thread 0x000001245ba6cca0 Thread exited: 0x000001245ba6cca0
Event: 36.311 Thread 0x000001247faaec80 Thread added: 0x0000012466418540
Event: 36.552 Thread 0x0000012466418540 Thread exited: 0x0000012466418540
Event: 36.580 Thread 0x000001247faaec80 Thread added: 0x0000012466418540
Event: 36.581 Thread 0x000001247faaec80 Thread added: 0x0000012466417620
Event: 36.780 Thread 0x0000012466417620 Thread exited: 0x0000012466417620
Event: 37.352 Thread 0x0000012466418540 Thread exited: 0x0000012466418540
Event: 233.119 Thread 0x000001247faaec80 Thread added: 0x0000012466417620
Event: 233.127 Thread 0x000001247faaec80 Thread added: 0x0000012466419bf0
Event: 233.533 Thread 0x0000012466419bf0 Thread exited: 0x0000012466419bf0
Event: 234.150 Thread 0x0000012466417620 Thread exited: 0x0000012466417620
Event: 234.401 Thread 0x000001247faaec80 Thread added: 0x0000012466418cd0
Event: 234.402 Thread 0x000001247faaec80 Thread added: 0x0000012466419460
Event: 235.063 Thread 0x0000012466419460 Thread exited: 0x0000012466419460
Event: 235.305 Thread 0x0000012466418cd0 Thread exited: 0x0000012466418cd0
Event: 239.912 Thread 0x000001245557a760 Thread added: 0x000001245b037fa0
Event: 240.766 Thread 0x000001245b037fa0 Thread exited: 0x000001245b037fa0
Event: 361.804 Thread 0x000001245557a760 Thread added: 0x000001245b0353c0
Event: 364.890 Thread 0x000001247fa98c20 Thread added: 0x0000012466418540
Event: 365.583 Thread 0x0000012466418540 Thread exited: 0x0000012466418540


Dynamic libraries:
0x00007ff6c9e10000 - 0x00007ff6c9e1e000 	C:\Users\Vibhu Badoni\.jdks\openjdk-24.0.1\bin\java.exe
0x00007ff9f70c0000 - 0x00007ff9f7326000 	C:\WINDOWS\SYSTEM32\ntdll.dll
0x00007ff9f6a60000 - 0x00007ff9f6b29000 	C:\WINDOWS\System32\KERNEL32.DLL
0x00007ff9f4430000 - 0x00007ff9f47fc000 	C:\WINDOWS\System32\KERNELBASE.dll
0x00007ff9f42e0000 - 0x00007ff9f442b000 	C:\WINDOWS\System32\ucrtbase.dll
0x00007ff9eeb20000 - 0x00007ff9eeb36000 	C:\Users\Vibhu Badoni\.jdks\openjdk-24.0.1\bin\jli.dll
0x00007ff9eeb00000 - 0x00007ff9eeb1b000 	C:\Users\Vibhu Badoni\.jdks\openjdk-24.0.1\bin\VCRUNTIME140.dll
0x00007ff9f6b60000 - 0x00007ff9f6d2a000 	C:\WINDOWS\System32\USER32.dll
0x00007ff9ceb10000 - 0x00007ff9cedaa000 	C:\WINDOWS\WinSxS\amd64_microsoft.windows.common-controls_6595b64144ccf1df_6.0.26100.3912_none_3e07963ce335137e\COMCTL32.dll
0x00007ff9f6fd0000 - 0x00007ff9f7079000 	C:\WINDOWS\System32\msvcrt.dll
0x00007ff9f4940000 - 0x00007ff9f4967000 	C:\WINDOWS\System32\win32u.dll
0x00007ff9f6b30000 - 0x00007ff9f6b5b000 	C:\WINDOWS\System32\GDI32.dll
0x00007ff9f4800000 - 0x00007ff9f4932000 	C:\WINDOWS\System32\gdi32full.dll
0x00007ff9f4970000 - 0x00007ff9f4a13000 	C:\WINDOWS\System32\msvcp_win.dll
0x00007ff9f5c70000 - 0x00007ff9f5ca0000 	C:\WINDOWS\System32\IMM32.DLL
0x00007ff9f0ca0000 - 0x00007ff9f0cac000 	C:\Users\Vibhu Badoni\.jdks\openjdk-24.0.1\bin\vcruntime140_1.dll
0x00007ff9cdb20000 - 0x00007ff9cdbae000 	C:\Users\Vibhu Badoni\.jdks\openjdk-24.0.1\bin\msvcp140.dll
0x00007ff992610000 - 0x00007ff9933b2000 	C:\Users\Vibhu Badoni\.jdks\openjdk-24.0.1\bin\server\jvm.dll
0x00007ff9f5aa0000 - 0x00007ff9f5b52000 	C:\WINDOWS\System32\ADVAPI32.dll
0x00007ff9f5210000 - 0x00007ff9f52b6000 	C:\WINDOWS\System32\sechost.dll
0x00007ff9f65d0000 - 0x00007ff9f66e6000 	C:\WINDOWS\System32\RPCRT4.dll
0x00007ff9f6050000 - 0x00007ff9f60c4000 	C:\WINDOWS\System32\WS2_32.dll
0x00007ff9ee3a0000 - 0x00007ff9ee3d6000 	C:\WINDOWS\SYSTEM32\WINMM.dll
0x00007ff9f40c0000 - 0x00007ff9f411e000 	C:\WINDOWS\SYSTEM32\POWRPROF.dll
0x00007ff9e0e30000 - 0x00007ff9e0e3b000 	C:\WINDOWS\SYSTEM32\VERSION.dll
0x00007ff9f40a0000 - 0x00007ff9f40b4000 	C:\WINDOWS\SYSTEM32\UMPDC.dll
0x00007ff9f3010000 - 0x00007ff9f302a000 	C:\WINDOWS\SYSTEM32\kernel.appcore.dll
0x00007ff9ed4c0000 - 0x00007ff9ed4ca000 	C:\Users\Vibhu Badoni\.jdks\openjdk-24.0.1\bin\jimage.dll
0x00007ff9f1c10000 - 0x00007ff9f1e51000 	C:\WINDOWS\SYSTEM32\DBGHELP.DLL
0x00007ff9f4e80000 - 0x00007ff9f5204000 	C:\WINDOWS\System32\combase.dll
0x00007ff9f5e90000 - 0x00007ff9f5f70000 	C:\WINDOWS\System32\OLEAUT32.dll
0x00007ff9c3780000 - 0x00007ff9c37b9000 	C:\WINDOWS\SYSTEM32\dbgcore.DLL
0x00007ff9f4c60000 - 0x00007ff9f4cf9000 	C:\WINDOWS\System32\bcryptPrimitives.dll
0x00007ff9ed4a0000 - 0x00007ff9ed4af000 	C:\Users\Vibhu Badoni\.jdks\openjdk-24.0.1\bin\instrument.dll
0x00007ff9ec520000 - 0x00007ff9ec53e000 	C:\Users\Vibhu Badoni\.jdks\openjdk-24.0.1\bin\java.dll
0x00007ff9f6720000 - 0x00007ff9f68bf000 	C:\WINDOWS\System32\ole32.dll
0x00007ff9f5370000 - 0x00007ff9f5a9d000 	C:\WINDOWS\System32\SHELL32.dll
0x00007ff9f4d00000 - 0x00007ff9f4e74000 	C:\WINDOWS\System32\wintypes.dll
0x00007ff9f1e90000 - 0x00007ff9f26e6000 	C:\WINDOWS\SYSTEM32\windows.storage.dll
0x00007ff9f6900000 - 0x00007ff9f69ef000 	C:\WINDOWS\System32\SHCORE.dll
0x00007ff9f60d0000 - 0x00007ff9f6139000 	C:\WINDOWS\System32\shlwapi.dll
0x00007ff9f4160000 - 0x00007ff9f418f000 	C:\WINDOWS\SYSTEM32\profapi.dll
0x00007ff9cda40000 - 0x00007ff9cdb17000 	C:\Users\Vibhu Badoni\.jdks\openjdk-24.0.1\bin\jsvml.dll
0x00007ff9ec4d0000 - 0x00007ff9ec4e0000 	C:\Users\Vibhu Badoni\.jdks\openjdk-24.0.1\bin\net.dll
0x00007ff9f3580000 - 0x00007ff9f35ea000 	C:\WINDOWS\system32\mswsock.dll
0x00007ff9ec480000 - 0x00007ff9ec496000 	C:\Users\Vibhu Badoni\.jdks\openjdk-24.0.1\bin\nio.dll
0x00007ff9ec460000 - 0x00007ff9ec477000 	C:\Users\Vibhu Badoni\.jdks\openjdk-24.0.1\bin\zip.dll
0x00007ff9ec450000 - 0x00007ff9ec459000 	C:\Users\Vibhu Badoni\.jdks\openjdk-24.0.1\bin\extnet.dll
0x0000012454c10000 - 0x0000012454c14000 	E:\Downloads\openjfx-24.0.1_windows-x64_bin-sdk\javafx-sdk-24.0.1\bin\api-ms-win-core-console-l1-1-0.dll
0x0000012454c20000 - 0x0000012454c24000 	E:\Downloads\openjfx-24.0.1_windows-x64_bin-sdk\javafx-sdk-24.0.1\bin\api-ms-win-core-console-l1-2-0.dll
0x0000012454c30000 - 0x0000012454c34000 	E:\Downloads\openjfx-24.0.1_windows-x64_bin-sdk\javafx-sdk-24.0.1\bin\api-ms-win-core-datetime-l1-1-0.dll
0x0000012454c40000 - 0x0000012454c44000 	E:\Downloads\openjfx-24.0.1_windows-x64_bin-sdk\javafx-sdk-24.0.1\bin\api-ms-win-core-debug-l1-1-0.dll
0x0000012454c50000 - 0x0000012454c54000 	E:\Downloads\openjfx-24.0.1_windows-x64_bin-sdk\javafx-sdk-24.0.1\bin\api-ms-win-core-errorhandling-l1-1-0.dll
0x0000012454c60000 - 0x0000012454c65000 	E:\Downloads\openjfx-24.0.1_windows-x64_bin-sdk\javafx-sdk-24.0.1\bin\api-ms-win-core-file-l1-1-0.dll
0x0000012454c70000 - 0x0000012454c74000 	E:\Downloads\openjfx-24.0.1_windows-x64_bin-sdk\javafx-sdk-24.0.1\bin\api-ms-win-core-file-l1-2-0.dll
0x0000012454c80000 - 0x0000012454c84000 	E:\Downloads\openjfx-24.0.1_windows-x64_bin-sdk\javafx-sdk-24.0.1\bin\api-ms-win-core-file-l2-1-0.dll
0x0000012454c90000 - 0x0000012454c94000 	E:\Downloads\openjfx-24.0.1_windows-x64_bin-sdk\javafx-sdk-24.0.1\bin\api-ms-win-core-handle-l1-1-0.dll
0x0000012454ca0000 - 0x0000012454ca4000 	E:\Downloads\openjfx-24.0.1_windows-x64_bin-sdk\javafx-sdk-24.0.1\bin\api-ms-win-core-heap-l1-1-0.dll
0x0000012454cb0000 - 0x0000012454cb4000 	E:\Downloads\openjfx-24.0.1_windows-x64_bin-sdk\javafx-sdk-24.0.1\bin\api-ms-win-core-interlocked-l1-1-0.dll
0x0000012454cc0000 - 0x0000012454cc4000 	E:\Downloads\openjfx-24.0.1_windows-x64_bin-sdk\javafx-sdk-24.0.1\bin\api-ms-win-core-libraryloader-l1-1-0.dll
0x0000012454cd0000 - 0x0000012454cd4000 	E:\Downloads\openjfx-24.0.1_windows-x64_bin-sdk\javafx-sdk-24.0.1\bin\api-ms-win-core-localization-l1-2-0.dll
0x0000012454ce0000 - 0x0000012454ce4000 	E:\Downloads\openjfx-24.0.1_windows-x64_bin-sdk\javafx-sdk-24.0.1\bin\api-ms-win-core-memory-l1-1-0.dll
0x0000012454cf0000 - 0x0000012454cf4000 	E:\Downloads\openjfx-24.0.1_windows-x64_bin-sdk\javafx-sdk-24.0.1\bin\api-ms-win-core-namedpipe-l1-1-0.dll
0x0000012454d00000 - 0x0000012454d04000 	E:\Downloads\openjfx-24.0.1_windows-x64_bin-sdk\javafx-sdk-24.0.1\bin\api-ms-win-core-processenvironment-l1-1-0.dll
0x0000012454d10000 - 0x0000012454d14000 	E:\Downloads\openjfx-24.0.1_windows-x64_bin-sdk\javafx-sdk-24.0.1\bin\api-ms-win-core-processthreads-l1-1-0.dll
0x0000012454d20000 - 0x0000012454d24000 	E:\Downloads\openjfx-24.0.1_windows-x64_bin-sdk\javafx-sdk-24.0.1\bin\api-ms-win-core-processthreads-l1-1-1.dll
0x0000012454d30000 - 0x0000012454d34000 	E:\Downloads\openjfx-24.0.1_windows-x64_bin-sdk\javafx-sdk-24.0.1\bin\api-ms-win-core-profile-l1-1-0.dll
0x0000012454d40000 - 0x0000012454d44000 	E:\Downloads\openjfx-24.0.1_windows-x64_bin-sdk\javafx-sdk-24.0.1\bin\api-ms-win-core-rtlsupport-l1-1-0.dll
0x0000012454d50000 - 0x0000012454d54000 	E:\Downloads\openjfx-24.0.1_windows-x64_bin-sdk\javafx-sdk-24.0.1\bin\api-ms-win-core-string-l1-1-0.dll
0x0000012454d60000 - 0x0000012454d64000 	E:\Downloads\openjfx-24.0.1_windows-x64_bin-sdk\javafx-sdk-24.0.1\bin\api-ms-win-core-synch-l1-1-0.dll
0x0000012454d70000 - 0x0000012454d74000 	E:\Downloads\openjfx-24.0.1_windows-x64_bin-sdk\javafx-sdk-24.0.1\bin\api-ms-win-core-synch-l1-2-0.dll
0x0000012454d80000 - 0x0000012454d84000 	E:\Downloads\openjfx-24.0.1_windows-x64_bin-sdk\javafx-sdk-24.0.1\bin\api-ms-win-core-sysinfo-l1-1-0.dll
0x0000012454d90000 - 0x0000012454d94000 	E:\Downloads\openjfx-24.0.1_windows-x64_bin-sdk\javafx-sdk-24.0.1\bin\api-ms-win-core-timezone-l1-1-0.dll
0x0000012454da0000 - 0x0000012454da4000 	E:\Downloads\openjfx-24.0.1_windows-x64_bin-sdk\javafx-sdk-24.0.1\bin\api-ms-win-core-util-l1-1-0.dll
0x0000012454db0000 - 0x0000012454db4000 	E:\Downloads\openjfx-24.0.1_windows-x64_bin-sdk\javafx-sdk-24.0.1\bin\api-ms-win-crt-conio-l1-1-0.dll
0x0000012454dc0000 - 0x0000012454dc5000 	E:\Downloads\openjfx-24.0.1_windows-x64_bin-sdk\javafx-sdk-24.0.1\bin\api-ms-win-crt-convert-l1-1-0.dll
0x0000012454dd0000 - 0x0000012454dd4000 	E:\Downloads\openjfx-24.0.1_windows-x64_bin-sdk\javafx-sdk-24.0.1\bin\api-ms-win-crt-environment-l1-1-0.dll
0x0000012454de0000 - 0x0000012454de4000 	E:\Downloads\openjfx-24.0.1_windows-x64_bin-sdk\javafx-sdk-24.0.1\bin\api-ms-win-crt-filesystem-l1-1-0.dll
0x0000012454df0000 - 0x0000012454df4000 	E:\Downloads\openjfx-24.0.1_windows-x64_bin-sdk\javafx-sdk-24.0.1\bin\api-ms-win-crt-heap-l1-1-0.dll
0x0000012454e00000 - 0x0000012454e04000 	E:\Downloads\openjfx-24.0.1_windows-x64_bin-sdk\javafx-sdk-24.0.1\bin\api-ms-win-crt-locale-l1-1-0.dll
0x0000012454e10000 - 0x0000012454e16000 	E:\Downloads\openjfx-24.0.1_windows-x64_bin-sdk\javafx-sdk-24.0.1\bin\api-ms-win-crt-math-l1-1-0.dll
0x0000012454e20000 - 0x0000012454e26000 	E:\Downloads\openjfx-24.0.1_windows-x64_bin-sdk\javafx-sdk-24.0.1\bin\api-ms-win-crt-multibyte-l1-1-0.dll
0x0000012454e30000 - 0x0000012454e41000 	E:\Downloads\openjfx-24.0.1_windows-x64_bin-sdk\javafx-sdk-24.0.1\bin\api-ms-win-crt-private-l1-1-0.dll
0x0000012454e50000 - 0x0000012454e54000 	E:\Downloads\openjfx-24.0.1_windows-x64_bin-sdk\javafx-sdk-24.0.1\bin\api-ms-win-crt-process-l1-1-0.dll
0x0000012454e60000 - 0x0000012454e65000 	E:\Downloads\openjfx-24.0.1_windows-x64_bin-sdk\javafx-sdk-24.0.1\bin\api-ms-win-crt-runtime-l1-1-0.dll
0x0000012454e70000 - 0x0000012454e75000 	E:\Downloads\openjfx-24.0.1_windows-x64_bin-sdk\javafx-sdk-24.0.1\bin\api-ms-win-crt-stdio-l1-1-0.dll
0x0000012454e80000 - 0x0000012454e85000 	E:\Downloads\openjfx-24.0.1_windows-x64_bin-sdk\javafx-sdk-24.0.1\bin\api-ms-win-crt-string-l1-1-0.dll
0x0000012454e90000 - 0x0000012454e94000 	E:\Downloads\openjfx-24.0.1_windows-x64_bin-sdk\javafx-sdk-24.0.1\bin\api-ms-win-crt-time-l1-1-0.dll
0x0000012454ea0000 - 0x0000012454ea4000 	E:\Downloads\openjfx-24.0.1_windows-x64_bin-sdk\javafx-sdk-24.0.1\bin\api-ms-win-crt-utility-l1-1-0.dll
0x00007ff9c4f50000 - 0x00007ff9c5061000 	E:\Downloads\openjfx-24.0.1_windows-x64_bin-sdk\javafx-sdk-24.0.1\bin\ucrtbase.dll
0x00007ff9ec290000 - 0x00007ff9ec2ab000 	E:\Downloads\openjfx-24.0.1_windows-x64_bin-sdk\javafx-sdk-24.0.1\bin\vcruntime140.dll
0x00007ff9ec370000 - 0x00007ff9ec37c000 	E:\Downloads\openjfx-24.0.1_windows-x64_bin-sdk\javafx-sdk-24.0.1\bin\vcruntime140_1.dll
0x00007ff9a26a0000 - 0x00007ff9a272e000 	E:\Downloads\openjfx-24.0.1_windows-x64_bin-sdk\javafx-sdk-24.0.1\bin\msvcp140.dll
0x00007ff9ec330000 - 0x00007ff9ec339000 	E:\Downloads\openjfx-24.0.1_windows-x64_bin-sdk\javafx-sdk-24.0.1\bin\msvcp140_1.dll
0x00007ff9c5e70000 - 0x00007ff9c5eb1000 	E:\Downloads\openjfx-24.0.1_windows-x64_bin-sdk\javafx-sdk-24.0.1\bin\msvcp140_2.dll
0x00007ff9d0f60000 - 0x00007ff9d0f90000 	E:\Downloads\openjfx-24.0.1_windows-x64_bin-sdk\javafx-sdk-24.0.1\bin\prism_d3d.dll
0x00007ff99f540000 - 0x00007ff99f6f5000 	C:\WINDOWS\system32\d3d9.dll
0x00007ff9f12a0000 - 0x00007ff9f12d6000 	C:\WINDOWS\SYSTEM32\dwmapi.dll
0x00007ff9f10f0000 - 0x00007ff9f1137000 	C:\WINDOWS\SYSTEM32\dxcore.dll
0x00007ff9f0f30000 - 0x00007ff9f0fdf000 	C:\WINDOWS\system32\uxtheme.dll
0x00007ff98b960000 - 0x00007ff98bbff000 	C:\WINDOWS\System32\DriverStore\FileRepository\iigd_dch.inf_amd64_9db6816fe4d1e6f9\igdumdim64.dll
0x00007ff94bdb0000 - 0x00007ff94d753000 	C:\WINDOWS\System32\DriverStore\FileRepository\iigd_dch.inf_amd64_9db6816fe4d1e6f9\igd9trinity64.dll
0x00007ff9f1140000 - 0x00007ff9f1273000 	C:\WINDOWS\system32\dxgi.dll
0x00007ff9f1080000 - 0x00007ff9f10e0000 	C:\WINDOWS\SYSTEM32\directxdatabasehelper.dll
0x00007ff9f3d70000 - 0x00007ff9f3dc7000 	C:\WINDOWS\SYSTEM32\cfgmgr32.dll
0x00007ff9e69d0000 - 0x00007ff9e6f63000 	C:\WINDOWS\System32\DriverStore\FileRepository\iigd_dch.inf_amd64_9db6816fe4d1e6f9\igdgmm64.dll
0x00007ff9e1880000 - 0x00007ff9e69c9000 	C:\WINDOWS\System32\DriverStore\FileRepository\iigd_dch.inf_amd64_9db6816fe4d1e6f9\igc64.dll
0x00007ff9a8800000 - 0x00007ff9a884d000 	C:\WINDOWS\SYSTEM32\ControlLib.dll
0x00007ff9b3f00000 - 0x00007ff9b3fac000 	C:\WINDOWS\System32\DriverStore\FileRepository\iigd_dch.inf_amd64_9db6816fe4d1e6f9\IntelControlLib.dll
0x00007ff944d50000 - 0x00007ff946475000 	C:\WINDOWS\System32\DriverStore\FileRepository\iigd_dch.inf_amd64_9db6816fe4d1e6f9\igd9dxva64.dll
0x00007ff9f6140000 - 0x00007ff9f65c6000 	C:\WINDOWS\System32\SETUPAPI.dll
0x00007ff9d2c00000 - 0x00007ff9d4c72000 	C:\WINDOWS\System32\DriverStore\FileRepository\iigd_dch.inf_amd64_9db6816fe4d1e6f9\media_bin_64.dll
0x00007ff9a61b0000 - 0x00007ff9a61f8000 	E:\Downloads\openjfx-24.0.1_windows-x64_bin-sdk\javafx-sdk-24.0.1\bin\glass.dll
0x00007ff9f6d30000 - 0x00007ff9f6e24000 	C:\WINDOWS\System32\COMDLG32.dll
0x00007ff9f52c0000 - 0x00007ff9f5368000 	C:\WINDOWS\System32\clbcatq.dll
0x00007ff9bd830000 - 0x00007ff9bd986000 	C:\Windows\System32\Windows.UI.dll
0x00007ff9bd760000 - 0x00007ff9bd822000 	C:\Windows\System32\Windows.Networking.Connectivity.dll
0x00007ff9e02e0000 - 0x00007ff9e051c000 	C:\Windows\System32\twinapi.appcore.dll
0x00007ff9f6e30000 - 0x00007ff9f6f8f000 	C:\WINDOWS\System32\MSCTF.dll
0x00007ff98ec60000 - 0x00007ff98ee07000 	C:\WINDOWS\System32\DriverStore\FileRepository\iigd_dch.inf_amd64_9db6816fe4d1e6f9\igdml64.dll
0x00007ff9d2980000 - 0x00007ff9d29a8000 	C:\WINDOWS\System32\DriverStore\FileRepository\iigd_dch.inf_amd64_9db6816fe4d1e6f9\igdinfo64.dll
0x00007ff9b6090000 - 0x00007ff9b61dc000 	C:\Windows\System32\Windows.UI.Immersive.dll
0x00007ff9e8c70000 - 0x00007ff9e8c89000 	C:\WINDOWS\System32\npmproxy.dll
0x00007ff9eca30000 - 0x00007ff9ecabe000 	C:\WINDOWS\SYSTEM32\wlanapi.dll
0x00007ff9ed0c0000 - 0x00007ff9ed0e2000 	C:\WINDOWS\SYSTEM32\MobileNetworking.dll
0x00007ff9f2a10000 - 0x00007ff9f2a43000 	C:\Windows\System32\IPHLPAPI.DLL
0x00007ff9f6710000 - 0x00007ff9f671a000 	C:\WINDOWS\System32\NSI.dll
0x00007ff9be540000 - 0x00007ff9be553000 	C:\Windows\System32\dusmapi.dll

JVMTI agents:
E:\IntelliJ IDEA Community Edition 2024.3.5\lib\idea_rt.jar path:C:\Users\Vibhu Badoni\.jdks\openjdk-24.0.1\bin\instrument.dll, loaded, initialized, instrumentlib options:50766

dbghelp: loaded successfully - version: 4.0.5 - missing functions: none
symbol engine: initialized successfully - sym options: 0x614 - pdb path: .;C:\Users\Vibhu Badoni\.jdks\openjdk-24.0.1\bin;C:\WINDOWS\SYSTEM32;C:\WINDOWS\WinSxS\amd64_microsoft.windows.common-controls_6595b64144ccf1df_6.0.26100.3912_none_3e07963ce335137e;C:\Users\Vibhu Badoni\.jdks\openjdk-24.0.1\bin\server;E:\Downloads\openjfx-24.0.1_windows-x64_bin-sdk\javafx-sdk-24.0.1\bin;C:\WINDOWS\System32\DriverStore\FileRepository\iigd_dch.inf_amd64_9db6816fe4d1e6f9;C:\Program Files\Common Files\Microsoft Shared\Ink;C:\WINDOWS\WinSxS\amd64_microsoft.windows.gdiplus_6595b64144ccf1df_1.1.26100.4061_none_6ef7a4863dc2ecac;C:\Program Files\Microsoft OneDrive\25.095.0518.0002

VM Arguments:
jvm_args: --module-path=E:\Downloads\openjfx-24.0.1_windows-x64_bin-sdk\javafx-sdk-24.0.1\lib --add-modules=javafx.controls,javafx.fxml -javaagent:E:\IntelliJ IDEA Community Edition 2024.3.5\lib\idea_rt.jar=50766 -Dfile.encoding=UTF-8 -Dsun.stdout.encoding=UTF-8 -Dsun.stderr.encoding=UTF-8 
java_command: com.byteshrink.ByteShrinkApp
java_class_path (initial): E:\Byteshrink\target\classes;C:\Users\Vibhu Badoni\.m2\repository\org\openjfx\javafx-controls\17.0.2\javafx-controls-17.0.2.jar;C:\Users\Vibhu Badoni\.m2\repository\org\openjfx\javafx-controls\17.0.2\javafx-controls-17.0.2-win.jar;C:\Users\Vibhu Badoni\.m2\repository\org\openjfx\javafx-graphics\17.0.2\javafx-graphics-17.0.2.jar;C:\Users\Vibhu Badoni\.m2\repository\org\openjfx\javafx-graphics\17.0.2\javafx-graphics-17.0.2-win.jar;C:\Users\Vibhu Badoni\.m2\repository\org\openjfx\javafx-base\17.0.2\javafx-base-17.0.2.jar;C:\Users\Vibhu Badoni\.m2\repository\org\openjfx\javafx-base\17.0.2\javafx-base-17.0.2-win.jar;C:\Users\Vibhu Badoni\.m2\repository\org\openjfx\javafx-fxml\17.0.2\javafx-fxml-17.0.2.jar;C:\Users\Vibhu Badoni\.m2\repository\org\openjfx\javafx-fxml\17.0.2\javafx-fxml-17.0.2-win.jar
Launcher Type: SUN_STANDARD

[Global flags]
     intx CICompilerCount                          = 4                                         {product} {ergonomic}
     uint ConcGCThreads                            = 3                                         {product} {ergonomic}
     uint G1ConcRefinementThreads                  = 10                                        {product} {ergonomic}
   size_t G1HeapRegionSize                         = 2097152                                   {product} {ergonomic}
   size_t InitialHeapSize                          = 264241152                                 {product} {ergonomic}
   size_t MarkStackSize                            = 4194304                                   {product} {ergonomic}
   size_t MarkStackSizeMax                         = 536870912                                 {product} {ergonomic}
   size_t MaxHeapSize                              = 4219469824                                {product} {ergonomic}
   size_t MaxNewSize                               = 2531262464                                {product} {ergonomic}
   size_t MinHeapDeltaBytes                        = 2097152                                   {product} {ergonomic}
   size_t MinHeapSize                              = 8388608                                   {product} {ergonomic}
    uintx NonNMethodCodeHeapSize                   = 5832704                                {pd product} {ergonomic}
    uintx NonProfiledCodeHeapSize                  = 122945536                              {pd product} {ergonomic}
    uintx ProfiledCodeHeapSize                     = 122880000                              {pd product} {ergonomic}
    uintx ReservedCodeCacheSize                    = 251658240                              {pd product} {ergonomic}
     bool SegmentedCodeCache                       = true                                      {product} {ergonomic}
   size_t SoftMaxHeapSize                          = 4219469824                             {manageable} {ergonomic}
     bool UseCompressedOops                        = true                           {product lp64_product} {ergonomic}
     bool UseG1GC                                  = true                                      {product} {ergonomic}
     bool UseLargePagesIndividualAllocation        = false                                  {pd product} {ergonomic}

Logging:
Log output configuration:
 #0: stdout all=warning uptime,level,tags foldmultilines=false
 #1: stderr all=off uptime,level,tags foldmultilines=false

Environment Variables:
PATH=C:\Program Files\Common Files\Oracle\Java\javapath;C:\Program Files (x86)\Common Files\Oracle\Java\java8path;C:\Program Files (x86)\Common Files\Oracle\Java\javapath;C:\WINDOWS\system32;C:\WINDOWS;C:\WINDOWS\System32\Wbem;C:\WINDOWS\System32\WindowsPowerShell\v1.0\;C:\WINDOWS\System32\OpenSSH\;C:\MinGW\bin;C:\Program Files\dotnet\;D:\yasb\;D:\Git\cmd;d:\cursor\resources\app\bin;C:\Users\Vibhu Badoni\scoop\shims;C:\Users\Vibhu Badoni\AppData\Local\Microsoft\WindowsApps;C:\Users\Vibhu Badoni\AppData\Local\Programs\Microsoft VS Code\bin;C:\Users\Vibhu Badoni\AppData\Local\Packages\PythonSoftwareFoundation.Python.3.12_qbz5n2kfra8p0\LocalCache\local-packages\Python312\Scripts;C:\Users\Vibhu Badoni\AppData\Local\GitHubDesktop\bin;E:\IntelliJ IDEA Community Edition 2024.3.5\bin;;D:\cursor\resources\app\bin;E:\apache-maven-3.9.10-bin\apache-maven-3.9.10\bin;
USERNAME=Vibhu Badoni
OS=Windows_NT
PROCESSOR_IDENTIFIER=Intel64 Family 6 Model 186 Stepping 3, GenuineIntel
TMP=C:\Users\VIBHUB~1\AppData\Local\Temp
TEMP=C:\Users\VIBHUB~1\AppData\Local\Temp




Periodic native trim disabled

---------------  S Y S T E M  ---------------

OS:
 Windows 11 , 64 bit Build 26100 (10.0.26100.3912)
OS uptime: 2 days 18:46 hours
Hyper-V role detected

CPU: total 12 (initial active 12) (6 cores per cpu, 2 threads per core) family 6 model 186 stepping 3 microcode 0x4121, cx8, cmov, fxsr, ht, mmx, 3dnowpref, sse, sse2, sse3, ssse3, sse4.1, sse4.2, popcnt, lzcnt, tsc, tscinvbit, avx, avx2, aes, erms, clmul, bmi1, bmi2, adx, sha, fma, vzeroupper, clflush, clflushopt, clwb, hv, serialize, rdtscp, rdpid, fsrm, gfni, f16c, cet_ibt, cet_ss
Processor Information for processor 0
  Max Mhz: 1300, Current Mhz: 1300, Mhz Limit: 1300
Processor Information for processor 1
  Max Mhz: 1300, Current Mhz: 1300, Mhz Limit: 1300
Processor Information for processor 2
  Max Mhz: 1300, Current Mhz: 1300, Mhz Limit: 1300
Processor Information for processor 3
  Max Mhz: 1300, Current Mhz: 1300, Mhz Limit: 1300
Processor Information for processor 4
  Max Mhz: 1300, Current Mhz: 900, Mhz Limit: 897
Processor Information for processor 5
  Max Mhz: 1300, Current Mhz: 900, Mhz Limit: 897
Processor Information for processor 6
  Max Mhz: 1300, Current Mhz: 900, Mhz Limit: 897
Processor Information for processor 7
  Max Mhz: 1300, Current Mhz: 900, Mhz Limit: 897
Processor Information for processor 8
  Max Mhz: 1300, Current Mhz: 900, Mhz Limit: 897
Processor Information for processor 9
  Max Mhz: 1300, Current Mhz: 900, Mhz Limit: 897
Processor Information for processor 10
  Max Mhz: 1300, Current Mhz: 900, Mhz Limit: 897
Processor Information for processor 11
  Max Mhz: 1300, Current Mhz: 900, Mhz Limit: 897

Memory: 4k page, system-wide physical 16095M (2680M free)
TotalPageFile size 20191M (AvailPageFile size 20M)
current process WorkingSet (physical memory assigned to process): 2011M, peak: 2012M
current process commit charge ("private bytes"): 2227M, peak: 2231M

vm_info: OpenJDK 64-Bit Server VM (24.0.1+9-30) for windows-amd64 JRE (24.0.1+9-30), built on 2025-03-05T07:23:45Z with MS VC++ 17.6 (VS2022)

END.
